id;number;title;author;key;capo;tempo;time_signature;duration;predelay;presentation;theme;alttheme;user1;user2;user3;lyrics;chordpro;notes;link_audio;link_youtube;custom_chords
0001;1;Испытай меня, Господь;Огненный ветер;Am;3;;4/4;;;V1 C V2 C V3 C;Огненный ветер (аккорды);;;;;"
1.  Испытай меня, Господь!  Как Давид я сокрушился…
«Испытай меня, Господь!»,  - как Иов Тебе молился.

Пр. Разжигай в печи огонь!  Враг его да не потушит!
Испытай меня, мой Бог!  Выйду золотом я лучшим!
Выйду золотом я лучшим!

2. Испытай меня скорей испытаньем Даниила!
Печь огня его друзей только веру укрепила!

Пр. Разжигай в печи огонь! Враг его да не потушит!
 Испытай меня, мой Бог! Выйду золотом я лучшим!
 Разбей гранит в моей груди и дай мне сердце плотяное!
 Прости грехи, омой от лжи водою чистой и живою!
 Водою чистой и живою!

3. Испытай меня, Господь, чтоб всё в жизни изменилось!
Предо мной в огне – Иисус! Кость Его не сокрушилась!

Пр. Убели меня, как лист, чистый лист бумаги белой;
 Напиши на нём слова Своей любви рукою смелой!
 Разжигай в печи огонь! Враг его да не потушит!
 Испытай меня, мой Бог! Стану золотом я лучшим! 
 Стану золотом я лучшим!";"{title: Испытай меня, Господь}
{key: Am}
{capo: +3}


[Am]1.  Испытай меня, Господ[Dm]ь!  Как Дав[E]ид я сокруш[Am]ился…
«Испытай меня, Господь![Dm]»,  - как [E]Иов Тебе мол[Am]ился.

Пр. Разжигай в печи ог[Dm]онь!  Враг [E]его да не п[Am]отушит!
Испытай меня, мой Бог!  [Dm]Выйду [E]золотом я [Am]лучшим!
В[Dm]ыйду золот[E]ом я лучш[Am]им!

2. Испытай меня скорей испытаньем Даниила!
Печь огня его друзей только веру укрепила!

Пр. Разжигай в печи огонь! Враг его да не потушит!
 Испытай меня, мой Бог! Выйду золотом я лучшим!
 Разбей гранит в моей груди и дай мне сердце плотяное!
 Прости грехи, омой от лжи водою чистой и живою!
 Водою чистой и живою!

3. Испытай меня, Господь, чтоб всё в жизни изменилось!
Предо мной в огне – Иисус! Кость Его не сокрушилась!

Пр. Убели меня, как лист, чистый лист бумаги белой;
 Напиши на нём слова Своей любви рукою смелой!
 Разжигай в печи огонь! Враг его да не потушит!
 Испытай меня, мой Бог! Стану золотом я лучшим! 
 Стану золотом я лучшим!";;;;
0002;2;Чуть-чуть;Огненный ветер;Am;3;;4/4;;;V1 C V2 C;Огненный ветер (аккорды);;;;;"
1.  Чуть-чуть не долетел, чуть-чуть не добежал,
Чуть-чуть не дотерпел, чуть-чуть не досказал…
Но только ты сейчас об этом позабудь:
Ты к Богу не дошёл чуть-чуть…

Пр. Бог слезами омывает твой путь,-
  Он не может любить чуть-чуть!
  Бог воскресший, Божий Сын живой!
  Хочет быть Он навеки с тобой!

2. Пока ещё живёшь, пока ещё летишь,
Пока за годом год за кругом круг бежишь,
Спроси себя, мой друг: «А может повернуть
И к Богу сделать шаг чуть-чуть?»

Пр. Бог любовью переполнит твой путь,-
  Он не может любить чуть-чуть!
  Бог воскресший, Божий Сын живой!
  Хочет быть Он навеки с тобой!";"{title: Чуть-чуть}
{key: Am}
{capo: +3}


1.  Чуть-чуть не д[Am]олетел, чуть-чуть не [Dm]добежал,
Чуть-чуть не д[G]отерпел, чуть-ч[E]уть не досказал…
Но только т[Am]ы сейчас об этом п[Dm]озабудь:
Ты к Б[E]огу не дошёл чуть-ч[Am]уть…

Пр. Бог слез[A7]ами омывает твой п[Dm]уть,-
  Он не мож[G]ет любить чуть-ч[C]уть![E]
  Бог воскр[A7]есший, Божий Сын жив[Dm]ой!
  Хочет [G]быть Он нав[E]еки с тоб[Am]ой!

2. Пока ещё живёшь, пока ещё летишь,
Пока за годом год за кругом круг бежишь,
Спроси себя, мой друг: «А может повернуть
И к Богу сделать шаг чуть-чуть?»

Пр. Бог любовью переполнит твой путь,-
  Он не может любить чуть-чуть!
  Бог воскресший, Божий Сын живой!
  Хочет быть Он навеки с тобой!";;;;
0003;3;Там на Небесах;Огненный ветер;Am;3;;4/4;;;C;Огненный ветер (аккорды);;;;;"
Там на Небесах - золота дорога,
Там на Небесах – свет, покой и мир!
Там для нас наград будет очень много!
Счастье, радость там – это брачный пир!

Пр. Дом мой – на Небесах!
       Ждёт там меня Отец!
       Держит в Своих руках 
       Правды Своей венец!
       (Свадебный мой венец!)

Проигрыш: Am Dm Am -3 р.
";"{title: Там на Небесах}
{key: Am}
{capo: +3}


[Am]Там на Небес[Dm]ах - золот[E]а дор[Am]ога,
Там на Небес[Dm]ах – свет, пок[E]ой и [Am]мир!
Там для нас нагр[Dm]ад будет [E]очень мн[Am]ого!
Счастье, радость т[Dm]ам – это бр[E]ачный п[Am]ир!

Пр. Дом мой – на Н[Dm]ебес[Am]ах!
       Ждёт там мен[Dm]я [Am]Отец!
       Держит в Св[Dm]оих рук[Am]ах 
       Пр[Dm]авды Сво[E]ей вен[Am]ец!
       (Свадебный мой венец!)

Проигрыш: Am Dm Am -3 р.
[Am][E][Am]";;;;
0004;4;Не бойся принять;Огненный ветер;Am;3;;4/4;;;V1 C V2 V3;Огненный ветер (аккорды);;;;;"1.  Не бойся принять испытанья и боли:
Страданья и крест – это Божий удел!
Лишь только с огнём очищенье приходит!
И надо гореть, и я буду гореть!

Пр. Я – огонь, и ты – огонь! Мы – победы Божьей пламя!
 Я с тобой, и ты со мной поднимаем выше знамя!
 Слышим мы Небесный глас, Он несётся над землёю!
 Сила Божия на нас изливается рекою!
 (Это Божья любовь!)

2. Не надо роптать на призыв к пробужденью!
Быстротечные сны только в ад уведут!
Пробудись и пойми: наступает сраженье
Последней войны, но тебя не убьют!

3. Благовествуй скорей, что грядёт Возрожденье!
Шлем спасенья возьми, веры щит и броню!
Мы – солдаты Христа, мы – Его вдохновенье!
Мы сегодня в огне! Мы сегодня в строю!";"
[Am]1.  Не бойся принять испыт[Dm]анья и боли:
[G]Страданья и крест – это Божий[E] удел!
[Am]Лишь только с огнём очищен[Dm]ье приходит!
[G]И надо гореть, и я буду г[E]ореть!

[Am]Пр. Я – огонь, и ты[Dm] – огонь! Мы – побед[G]ы Божьей пламя![E]
[Am] Я с тобой, и ты со [Dm]мной поднимаем[G] выше знамя![E]
[Am] Слышим мы Небесный г[Dm]лас, Он несётся[G] над землёю![E]
[Am] Сила Божия [Dm]на нас изл[G]ивается рекою![E]
[A] (Это Божья любовь!)

2. Не надо роптать на призыв к пробужденью!
Быстротечные сны только в ад уведут!
Пробудись и пойми: наступает сраженье
Последней войны, но тебя не убьют!

3. Благовествуй скорей, что грядёт Возрожденье!
Шлем спасенья возьми, веры щит и броню!
Мы – солдаты Христа, мы – Его вдохновенье!
Мы сегодня в огне! Мы сегодня в строю!";;;;
0005;5;Мой Бог, Ты излей;Огненный ветер;Em;2;;4/4;;;;Огненный ветер (аккорды);;;;;"Мой Бог, Ты излей на всякую плоть
Свой Дух Святой! Свой Дух Святой!-2 р.
Пусть Твои дары на Церковь изольются
Мощным дождём, сильным дождём!
И больные исцелятся и придёт огонь,
Славный огонь, чудный огонь!

Прославь Его!-3р. Вся земля, славь Его!-2 р.
Слава, слава, слава Отцу!
Слава, слава, слава Христу!
Слава, слава, слава вовек!
Это грядёт Иисус!";"
[Em]Мой Бог, Ты излей на всякую[D] плоть
[H7]Свой Дух Святой! Свой Дух Святой!-2 р.
[Em]Пусть Твои дары на Церковь изольются[D]
[H7]Мощным дождём, сильным дождём!
[Em]И больные исцелятся и придёт огон[D]ь,
[H7]Славный огонь, чудный огонь!

[Em]Про[(D]сла[C)]вь Его!-3р. Вся земля[D], славь Его!-2 р[Em].
[Em]Слава, слава, слава Отцу![D]
[Em]Слава, слава, слава Христу!
[Em]Слава, слава, слава вовек![D]
[Em]Это грядёт Иисус!";;;;
0006;6;Бог приглашает нас всех;Огненный ветер;Am;5;;4/4;;;V1 C V2 V3;Огненный ветер (аккорды);;;;;"
1.Бог приглашает нас всех в Свой Дом!
Он призывает порвать с грехом,
Чтоб не служить больше сатане
И возвещать чтоб по всей земле

Пр. Лето, лето, лето Господне     
       Благоприятное! – 2 р.

2.«Кто, кто пойдёт же теперь для Нас?»
Так вопрошает нас Божий глас.
И перед троном предстану я:
«Вот я! Пошли же скорей меня!»

3. Так был возлюблен Отцом весь мир,
Что во плоти нам явился Сын!
Бог Иисуса послал на смерть,
Чтоб возвестить всем Благую весть!";"{title: Бог приглашает нас всех}
{key: Am}
{capo: +5}


1.Б[Am]ог приглаш[G]ает нас [Em]всех в Свой [Am]Дом!
[Am]Он призыв[G]ает порв[Em]ать с гр[Am]ехом,
[Am]Чтоб не служ[G]ить больше [EmAm]сатане
[Am]И возв[G]ещать чтоб по [Em]всей [Am]земле[G]

Пр. Л[Am]ето, лето, л[G]ето Господне     
       Бл[F]агопри[G]ятн[Am]ое! – 2 р.

2.«Кто, кто пойдёт же теперь для Нас?»
Так вопрошает нас Божий глас.
И перед троном предстану я:
«Вот я! Пошли же скорей меня!»

3. Так был возлюблен Отцом весь мир,
Что во плоти нам явился Сын!
Бог Иисуса послал на смерть,
Чтоб возвестить всем Благую весть!";;;;
0007;7;В Гефсиманском саду;Огненный ветер;Am;4;;4/4;;;V1 C V2 V3;Огненный ветер (аккорды);;;;;"
1.В Гефсиманском саду ночь была слаще мёда.
В Гефсиманском саду Сын молился, скорбя…
Было трудно дышать от кровавого пота,
Сын молился Отцу, нас с тобой возлюбя:

Пр. О, Отец! Я прошу: сохрани
           Тех, кого     Мне доверил, любя!
           Ведь они    Мне уже не рабы,
           А Мои     дорогие друзья!

2.В Гефсиманском саду свет луны освещает,
Как на склоне холма мирно грешники спят,
Те, кого Он избрал для последней молитвы,
Те, кого Он призвал для последнего дня…

3. Я прошу: «Пронеси чашу скорби и боли,
Если можно, Отец, то помимо Меня!
Впрочем, Я не хочу, чтоб была Моя воля!
Только воля Твоя! Будет воля Твоя!»";"{title: В Гефсиманском саду}
{key: Am}
{capo: +4}


1.В Гефсиманском сад[Am]у ночь была слаще м[Dm]ёда.
В Гефсиманском саду [E]Сын молился, скорб[Am]я…[E]
Было трудно дыш[Am]ать от кровавого [Dm]пота,
Сын молился Отц[E]у, нас с тобой возл[Am]юбя:

Пр. О, От[Dm-G]ец! Я прошу: сохран[C-F]и
           Тех, к[Dm-E]ого     Мне доверил, л[Am]юбя![A7]
           Ведь [Dm-G]они    Мне уже не р[C]абы,[F]
           А Мо[Dm-E]и     дорогие друзь[Am]я!

2.В Гефсиманском саду свет луны освещает,
Как на склоне холма мирно грешники спят,
Те, кого Он избрал для последней молитвы,
Те, кого Он призвал для последнего дня…

3. Я прошу: «Пронеси чашу скорби и боли,
Если можно, Отец, то помимо Меня!
Впрочем, Я не хочу, чтоб была Моя воля!
Только воля Твоя! Будет воля Твоя!»";;;;
0008;8;Господь Бог твой;Огненный ветер;Am;4;;4/4;;;V1 C V2;Огненный ветер (аккорды);;;;;"1.Господь Бог твой ведёт тебя
В землю добрую, благодатную,
Где потоки вод, источники,
Где молоко и мёд!

Пр. Иерусалим! Иерусалим!
       Город Небесный! Город Христа!
     Иерусалим! Иерусалим!
     Тебя хочет видеть моя душа!

2.Где во сто крат земля родит
Пшеницу, кисть виноградную,
Где смоквы плод, граната сок,-
Туда Бог тебя ведёт!";"
[Am]1.Господь Бог твой ведёт тебя
[E]В землю добрую, благодатную,
[Am]Где потоки вод, источники,
[E]Где мо[Am]локо и мёд!

[Dm]Пр. Иерусалим! Ие[Am]русалим!
[E]       Город Небесный! Город [Am]Христа!
[Dm]     Иерусалим! И[Am]ерусалим!
[E]     Тебя хочет видеть моя ду[Am]ша!

2.Где во сто крат земля родит
Пшеницу, кисть виноградную,
Где смоквы плод, граната сок,-
Туда Бог тебя ведёт!";;;;
0009;9;Как хочу я вечной любви;Огненный ветер;Am;5;;4/4;;;V1 C V2 C;Огненный ветер (аккорды);;;;;"
1.Как хочу я вечной любви!
Каждый день об этом молю.
Жду Тебя от ранней зари!
Бог, услышь молитву мою!

Пр. Помоги, Господь, верным быть,
       Святость Божью в сердце иметь!
       Помоги душой не кривить!
       Помоги назад не смотреть!

2. Окропи иссопом меня!
Буду я белее снегов!
Будет горячее огня
Книга вечная твоих Слов!

Пр. Помоги, Господь, чистым быть,
       Слово Божье в сердце храня,
       Помоги, Господь, всем служить!
       Сердцем всем Тебя восхвалять!";"{title: Как хочу я вечной любви}
{key: Am}
{capo: +5}


1.Как х[Am]очу [Dm]я вечной [E]любви![Am]
К[Dm]аждый день об [E]этом м[Am]олю.
[Dm]Жду Тебя от [E]ранней [Am]зари![A7]
Б[Dm]ог, услышь мол[E]итву м[Am]ою!

Пр. [Dm]Помоги, Господь, верным [G]быть,
       Св[Dm]ятость Божью в сердце им[G]еть!
       П[Dm]омоги душ[E]ой не крив[Am]ить![A7]
       [Dm]Помоги наз[E]ад не смотр[Am]еть!

2. Окропи иссопом меня!
Буду я белее снегов!
Будет горячее огня
Книга вечная твоих Слов!

Пр. Помоги, Господь, чистым быть,
       Слово Божье в сердце храня,
       Помоги, Господь, всем служить!
       Сердцем всем Тебя восхвалять!";;;;
0010;10;Меркнут во свете;Огненный ветер;Am;3;;4/4;;;V1 C V2 V3 C;Огненный ветер (аккорды);;;;;"1. Меркнут во свете звёзды Вселенной:
Бог нам открыл Небеса!
Время кончается, время уходит,
Словно в песочных часах!

Пр.  В Царстве Отца, в Царстве Отца
        Славим Иисуса Христа!- 2р.

2. Скоро, уж скоро Жених наш вернётся,
Невесте предложит венец!
Страхам, сомненьям, греху и неверью
Навеки положит конец!

3. Радуйся, радуйся, Церковь святая,
Омытая кровью Христа!
Тебя призываю, тебя приглашаю
На свадьбу твою в Небесах:

Пр.  В Царстве Отца, в Царстве Отца
        Славить Иисуса Христа! – 2р.";"
[Am]1. Меркнут во свете звёзды [Em]Вселенной:
[F]Бог нам открыл Не[G]беса![Am]
[Am]Время кончается, время ух[Em]одит,
[F]Словно в песочн[G]ых часах![Am]

[Dm]Пр.  В Царстве Отца, в Ц[Am]арстве Отца
[F]        Славим[G] Иисуса Хрис[Am]та!- 2р.

2. Скоро, уж скоро Жених наш вернётся,
Невесте предложит венец!
Страхам, сомненьям, греху и неверью
Навеки положит конец!

3. Радуйся, радуйся, Церковь святая,
Омытая кровью Христа!
Тебя призываю, тебя приглашаю
На свадьбу твою в Небесах:

Пр.  В Царстве Отца, в Царстве Отца
        Славить Иисуса Христа! – 2р.";;;;
0011;11;Узнай Меня;Огненный ветер;Am;4;;4/4;;;V1 C V2 C;Огненный ветер (аккорды);;;;;"1.Узнай Меня по голосу Святому!
Узнай Меня по вздоху и по стону!
Узнай Меня по Слову благодати!
Узнай Меня по смеху и по плачу!
Пр.  Я – Твой Утешитель, Защитник, Спаситель!
        Все раны врачую, свободу дарую!

2. Я – Тот, Кто день и ночь в душе взывает,
Прославить Сына Божьего желает!
Я – Тот, Кто направляет тебя к Богу
И знает к Дому Отчему дорогу!

Пр.  Я – Твой Утешитель, Защитник, Спаситель!
        Всю тьму изгоняю, Собой наполняю!";"
[Am]1.Узнай Меня по голосу Святому![E]
[Am]Узнай Меня по вздоху и по стону!
[E]Узнай Меня по Слову благодати!
[Am]Узнай Меня по смеху и по плачу!
[Dm]Пр.  Я – Тв[Am]ой Утешитель, [E]Защитник, Спасител[Am]ь![A7]
[Dm]        Все [Am]раны врачую[E], свободу д[Am]арую!

2. Я – Тот, Кто день и ночь в душе взывает,
Прославить Сына Божьего желает!
Я – Тот, Кто направляет тебя к Богу
И знает к Дому Отчему дорогу!

Пр.  Я – Твой Утешитель, Защитник, Спаситель!
        Всю тьму изгоняю, Собой наполняю!";;;;
0012;12;Лишь о Тебе, Иисус;Огненный ветер;Am;3;;4/4;;;C;Огненный ветер (аккорды);;;;;"
Лишь о Тебе, Иисус, всё говорит вокруг,
Когда смотрю я на творение Твоё!
Тебе хочу дарить слова моей любви,
Что льются радостью из сердца моего!

Пр. Тёмный сумрак ночи обжигает очи;       
       Твой костёр любви сжигает старый мост!
       Для меня, Мой Боже, стал ещё дороже
       Небосвод Твоих далёких ярких звёзд!- 3р.";"{title: Лишь о Тебе, Иисус}
{key: Am}
{capo: +3}


Лишь о Т[Am]ебе, Иис[Dm]ус, всё говор[G]ит вокр[C]уг,
Когда смотр[F]ю я на твор[E]ение Тв[Am]оё!
Тебе хоч[Am]у дар[Dm]ить слова м[G]оей любв[C]и,
Что льются р[F]адостью из [E]сердца мо[Am]его!

Пр. Тёмный [Am]сумрак н[Dm]очи обжиг[G]ает [C]очи;       
       Твой кост[F]ёр любви сж[E]игает старый [Am]мост!
       Для м[Am]еня, Мой [Dm]Боже, стал ещ[G]ё дор[C]оже
       Небосв[F]од Твоих дал[E]ёких ярких [Am]звёзд!- 3р.";;;;
0013;13;Да не смущается сердце ваше;Огненный ветер;C;3;;4/4;;;V1 C;Огненный ветер (аккорды);;;;;"
1.Да не смущается сердце ваше!
Веруйте в Бога, Бога богов!
Да не смущается сердце ваше!
Иго не тяжко и бремя легко!

Пр.  Я есмь путь! Я есмь свет! 
        Я есмь живая вода и хлеб!
        Я есмь жизнь! Пастырь овец! 
        Я есмь Сущий от бытия!

Да не смущается сердце ваше!
Сын исполняет волю Отца!
Да не смущается сердце ваше!
Духом Святым наполняйте сердца!

Пр. Я с Отцом – вечно одно!
       Я виноградной лозы вино!
       Я есмь Сын, ваш Господин!
       Я есмь Тот, Кто любит и ждёт!";"{title: Да не смущается сердце ваше}
{key: C}
{capo: +3}


1.Д[C]а не смущ[F]ается с[C]ердце в[G]аше!
В[C]еруйте в [F]Бога, Б[C]ога бог[G]ов!
Д[C]а не смущ[F]ается с[C]ердце [G]ваше!
[Am]Иго не т[Dm]яжко и бр[E]емя л[Am]егко!

Пр.  [C]Я есмь [F]путь! Я [G]есмь св[C]ет! 
        [Am]Я есмь жив[Dm]ая в[E]ода и хлеб!
        [C]Я есмь ж[F]изнь! П[G]астырь ов[C]ец! 
        [Am]Я есмь С[Dm]ущий от [E]быти[Am]я!

Да не смущается сердце ваше!
Сын исполняет волю Отца!
Да не смущается сердце ваше!
Духом Святым наполняйте сердца!

Пр. Я с Отцом – вечно одно!
       Я виноградной лозы вино!
       Я есмь Сын, ваш Господин!
       Я есмь Тот, Кто любит и ждёт!";;;;
0014;14;Пусть в жизни этой;Огненный ветер;Am;3;;4/4;;;V1 V2 V3 V4;Огненный ветер (аккорды);;;;;"1.Пусть в жизни этой много бед и поражений!
Не зная Бога, смерть настигнет всех людей…
А Небеса, а Небеса нам открывают
Благую весть, весть о Христе, Царе царей!-2р.

2. Пусть на земле огонь и дым, война и голод,
И враг клевещет и твердит, что всех сильней,
А Небеса, а Небеса поют и славят
Творца земли, Творца любви, Царя царей!-2р

3. Пусть дьявол властью и грехом мир обольщает,
И слышен крик его: «Распни Христа! Убей!»
А в Небесах Голгофа вечно отражает
Тот смертный час, победный час Царя царей!-2р.

4. Мы знаем: дьявол побеждён и обесчещен!
Земля погибнет, и дела сгорят на ней!
А в Небесах, а в Небесах нас ожидает
Прекрасный пир,
Наш брачный пир с Царём царей!-2р.";"
[Am]1.Пусть в жизни этой много бед и пор[E]ажений!
[Am]Не зная Бога, смерть настигнет всех людей…[A7]
[Dm]А Небеса, а Небеса нам открывают[Am]
[E]Благую весть, весть о Христе, Царе царей!-2р.[Am][A7]

2. Пусть на земле огонь и дым, война и голод,
И враг клевещет и твердит, что всех сильней,
А Небеса, а Небеса поют и славят
Творца земли, Творца любви, Царя царей!-2р

3. Пусть дьявол властью и грехом мир обольщает,
И слышен крик его: «Распни Христа! Убей!»
А в Небесах Голгофа вечно отражает
Тот смертный час, победный час Царя царей!-2р.

4. Мы знаем: дьявол побеждён и обесчещен!
Земля погибнет, и дела сгорят на ней!
А в Небесах, а в Небесах нас ожидает
Прекрасный пир,
Наш брачный пир с Царём царей!-2р.
";;;;
0015;15;Как прекрасны Твои благодати цветы;Огненный ветер;Am;2;;4/4;;;V1 C V2;Огненный ветер (аккорды);;;;;1.Как прекрасны Твои благодати цветы,Распускаются в сердце моём!Мне мой Бог подарил исполненье мечтыИ открыл предо мною Свой дом!Пр. В Небеса ведёт лестница Твоя,        Вся из золота и прекрасная!       Вижу я на ней Ангелов Твоих,       Восходящих вверх, и сходящих вниз!2.В Небесах каждый день Я встречаюсь с Тобой!Яркой радугой Ты окружён!Наполняет меня и восторг, и покой,Когда вижу Твой царский престол!;{title: Как прекрасны Твои благодати цветы}{key: Am}{capo: +2}[V1]Как прекр[Am]асны Тво[Dm]и благод[G]ати цвет[C]ы,Распуск[F]аются в с[E]ердце мо[Am]ём!Мне мой Б[Am]ог подар[Dm]ил исполн[G]енье мечт[C]ыИ откр[F]ыл предо мн[E]ою Свой [Am]дом![C]В Небес[Am]а вед[Dm]ёт лестниц[G]а Тво[C]я,       Вся из [F]зол[Dm]ота и прекр[E]асн[Am]ая!       Вижу я на н[Dm]ей Ангел[G]ов Тво[C]их,       Восход[F]ящих вв[Dm]ерх, и сход[E]ящих [Am]вниз![V2]В Небесах каждый деньЯ встречаюсь с Тобой!Яркой радугой Ты окружён!Наполняет меня и восторг, и покой,Когда вижу Твой царский престол!;;;;
0016;16;Звонят и бьют колокола;Огненный ветер;Am;3;;4/4;;;V1 V2 V3;Огненный ветер (аккорды);;;;;"
1.Звонят и бьют колокола: «Вставай, народ!»
Узнают все, что скоро наш Господь грядёт!
Ты просыпайся и поднимайся!
Воскресни, спящий, осветит тебя Христос! - 2р.

2.Возьми канат и бей набат, тревогу бей!
Последний час! Бог призывает всех людей!
Наш Царь Великий и Всемогущий!
Он будет править в Небесах и на земле! – 2.р.

3.Все племена склонят колени в честь Отца!
И будут все народы верить во Христа!
Вся слава Богу! Отцу и Сыну!
Святому Духу честь и слава на века! – 2 р.";"{title: Звонят и бьют колокола}
{key: Am}
{capo: +3}


1.Звонят и бь[Am]ют колокол[G]а: «Вставай, нар[Am]од!»
Узнают все, что скоро наш Господь гряд[A7]ёт!
Ты просып[Dm]айся и подн[Am]имайся!
Воскресни, сп[E]ящий, осветит тебя Христ[Am]ос! [A7]- 2р.

2.Возьми канат и бей набат, тревогу бей!
Последний час! Бог призывает всех людей!
Наш Царь Великий и Всемогущий!
Он будет править в Небесах и на земле! – 2.р.

3.Все племена склонят колени в честь Отца!
И будут все народы верить во Христа!
Вся слава Богу! Отцу и Сыну!
Святому Духу честь и слава на века! – 2 р.";;;;
0017;17;Наши души;Огненный ветер;Am;3;;4/4;;;V1 C V2 V3;Огненный ветер (аккорды);;;;;"1.Наши души радостью полны,
Наши руки – милосердия,
Наши очи – света Божьего,
А сердца – любовью Отца!

Пр. Наполняйся, наполняйся,
       Наполняйся, как река! – 2р.

2.Мы исполнены духом Истины!
Переполнены  силой Ангелов!
Мы накормлены хлебом жизни
И напоены живою водой!

3. Мы исцелены Его ранами
И воскрешены Духом уст Его!
Мы очищены Его Святостью!
Носим имя мы – Иисуса Христа!";"
[Am]1.Наши души ра[Dm]достью полны,
[Am]Наши руки – милос[E]ердия,[Am]
[Dm]Наши очи – света Божьего,
[E]А сердца – любовью Отца![Am][A7]

[Dm]Пр. Наполняйся, на[Am]полняйся,
[E]       Наполняйся, [Am]как [A7]река! – 2р.

2.Мы исполнены духом Истины!
Переполнены  силой Ангелов!
Мы накормлены хлебом жизни
И напоены живою водой!

3. Мы исцелены Его ранами
И воскрешены Духом уст Его!
Мы очищены Его Святостью!
Носим имя мы – Иисуса Христа!";;;;
0018;18;Истина и жизнь;Огненный ветер;Am;3;;4/4;;;V1 C V2;Огненный ветер (аккорды);;;;;"
1.Истина и жизнь мне теперь даны,
А мои грехи  больше не видны!
Чистую, как снег, алую, как кровь,
Ты мне подарил вечную любовь!

Пр. Тебя искал я на земле, к Тебе взывал я в высоте,
       А Ты всегда,    всегда со мной!
       И я Тебя не замечал, средь мёртвых я Тебя искал,
       А Ты – живой!    А Ты – живой!

2. Брошу взгляд назад: сердце пополам!
За меня Иисус в муках умирал!
Искупив меня, защитил Собой,
Став моим грехом, стал моей судьбой!";"{title: Истина и жизнь}
{key: Am}
{capo: +3}


1.[Am]Истина и ж[Dm]изнь [E]мне теперь д[Am]аны,
А мои гр[Dm]ехи  [E]больше не видн[Am]ы!
Ч[A7]истую, как [Dm]снег, [G]алую, как кр[C]овь,
Т[Am]ы мне подар[Dm]ил [E]вечную люб[Am]овь!

Пр. Теб[A7]я иск[Dm]ал я на земл[G]е, к Тебе взыв[C]ал я в высот[F]е,
       А Ты вс[Dm]егд[E]а,    всегда со [Am]мной![A7]
       И я Теб[Dm]я не замеч[G]ал, средь мёртвых [C]я Тебя иск[F]ал,
       А Ты – жив[Dm]ой!    [E]А Ты – жив[Am]ой!

2. Брошу взгляд назад: сердце пополам!
За меня Иисус в муках умирал!
Искупив меня, защитил Собой,
Став моим грехом, стал моей судьбой!";;;;
0019;19;Так говорит Господь;Огненный ветер;Am;3;;4/4;;;C V1 V2 V3;Огненный ветер (аккорды);;;;;"Пр. Так говорит Господь! Так говорит Господь!
       Так говорит Господь! «Покайся!»

       Так повелел Господь! – 3р. «Покайся!»

1. Ибо сей народ ослепил глаза
И не обратит светлый взор к Нему,
И не воззовёт о раскаянии
К Агнцу чистому, Сыну Божьему!

2. Говорит земле, чтобы слышала!
Говорит земле, чтобы видела
Чудеса Его исцеления
От оков греха кровью жертвенной!

3. Говорит для тех, кто, очистившись
От грехов своих, крест возьмёт Его;
Кто пойдёт за Ним в земли дальние
Проповедовать Слово Божие!";"
[Am]Пр. Так говорит Господь![G] Так гов[F]орит Господь![G]
[Am]       Так говорит Госпо[G]дь! «Покайся!»[Am]

       Так повелел Господь! – 3р. «Покайся!»

[Am]1. Ибо сей на[Dm]род ослепил глаза[Am]
[E]И не обратит светлый взор к Н[Am]ему,
[Dm]И не воззовёт о раск[Am]аянии
[E]К Агнцу чистому, Сыну Бо[Am]жьему!

2. Говорит земле, чтобы слышала!
Говорит земле, чтобы видела
Чудеса Его исцеления
От оков греха кровью жертвенной!

3. Говорит для тех, кто, очистившись
От грехов своих, крест возьмёт Его;
Кто пойдёт за Ним в земли дальние
Проповедовать Слово Божие!";;;;
0020;20;Сквозь тысячелетия;Огненный ветер;G;3;;4/4;;;V1 C V2;Огненный ветер (аккорды);;;;;"1.Сквозь тысячелетия, мой любящий Боже,
Меня исцеляют все раны Твои!
И нет ничего, что бы было дороже
Твоей драгоценной пролитой крови!

Пр. Иисус, я славлю: «Осанна! Осанна!»
       Иисус, я славлю, я славлю Тебя! – 2 р.

2. Голгофа взорвала закрытое Небо!
Твой крест яркой славой затмил смертный мрак!
Ты - мой Искупитель и мой Избавитель!
Вовеки нет больше дороги назад!";"
[G]1.Сквозь тысячелетия, мой л[D]юбящий Боже,[G]
[D]Меня исцеляют все раны Твои![G]
[D]И нет ничего, что бы было дорож[G]е
[D]Твоей драгоценной пролитой крови![G]

[D]Пр. Иисус, я славлю: «Осанна! [G]Осанна!»
[D]       Иисус, я славлю, я славл[G]ю Тебя! – 2 р.

2. Голгофа взорвала закрытое Небо!
Твой крест яркой славой затмил смертный мрак!
Ты - мой Искупитель и мой Избавитель!
Вовеки нет больше дороги назад!";;;;
0021;21;Мой Господь! Твоё имя как мёд;Огненный ветер;;3;;4/4;;;C V2 V3;Огненный ветер (аккорды);;;;;Мой Господь! Твоё имя как мёд на устах!Ты пришёл и любовью разрушил мой страх!Ты принёс мне дыхание ветра и свет,Подарил в Небеса мне счастливый билет!Пр. Не хочу! Не хочу вспоминать ни о чём!       Я пойду за Тобою и ночью и днём!       Лишь туда, куда Ты за Собой позовёшь!       Где огнём моё мёртвое сердце зажжёшь!2. Столько слов в голове,  словно птицы кружат!Столько снов каждый раз меня манят назад!Отпускать не хотят, и взлететь не дают,Только им не вернуть больше душу мою!3.Лишь Тебя сердцем всем я желаю любить!Лишь Тебе свою душу желаю открыть!Только Ты можешь снова меня воскресить,Чтоб любить, чтобы верить, надеяться, жить!;{title: Мой Господь! Твоё имя как мёд}{key: Am}{capo: +3}Мой Госп[Am]одь! Твоё имя как мёд на устах![Dm]Ты приш[E]ёл и любовью разрушил мой [Am]страх![G]Ты прин[C]ёс мне дыхание ветра и св[G]ет,Подар[Dm]ил в Небес[F]а мне счастливый бил[E]ет![C]Не х[Am]очу! Не хоч[E]у вспоминать ни о [Am]чём!       Я пойду за Тоб[E]ою и ночью и дн[Am]ём!       Лишь т[Dm]уда, куда Ты за Собой позовёшь!       Где огнём моё м[F]ёртвое сердце зажж[E]ёшь![V2]Столько слов в голове,  словно птицы кружат!Столько снов каждый раз меня манят назад!Отпускать не хотят, и взлететь не дают,Только им не вернуть больше душу мою![V3]Лишь Тебя сердцем всем я желаю любить!Лишь Тебе свою душу желаю открыть!Только Ты можешь снова меня воскресить,Чтоб любить, чтобы верить, надеяться, жить!;;;;
0022;22;Божий Дух Святой;Огненный ветер;Am;3;;4/4;;;V1 C V2;Огненный ветер (аккорды);;;;;"
1.Божий Дух Святой, буду жить Тобой!
Благодать твоя со мной!
Вот зари восход: солнце вновь встаёт!
Новый день земле несёт!

Пр. Яркий свет любви ярче той зари!
       Побеждает сердца боль!
       Пробудись! Проснись! Миру возвести:
      «Иисус – Спаситель твой!»

2. Дух Святой с Небес силу мне даёт!
И душа Тебе поёт!
Утренний рассвет прогоняет ночь.
Чёрный страх уходит прочь!";"{title: Божий Дух Святой}
{key: Am}
{capo: +3}


1.Б[Am]ожий [G]Дух Свят[Am]ой, буду ж[G]ить Тоб[Am]ой!
Бл[Dm]агодать тво[E]я со мн[Am]ой!
[Am]Вот зар[G]и восх[Am]од: солнце [G]вновь вст[Am]аёт!
[Dm]Новый день земл[E]е нес[Am]ёт!

Пр. [Dm]Яркий свет любви [F]ярче той зари!
       П[Dm]обеждает [F]сердца [E]боль!
       Пр[Dm]обудись! Проснись! М[Am]иру возвести:
      «И[F]исус – Спас[G]итель тв[Am]ой!»

2. Дух Святой с Небес силу мне даёт!
И душа Тебе поёт!
Утренний рассвет прогоняет ночь.
Чёрный страх уходит прочь!";;;;
0023;23;Я зажигаю свет;Огненный ветер;Am;3;;4/4;;;V1 V2 V3 V4;Огненный ветер (аккорды);;;;;"
1. Я зажигаю свет, подаренный Тобой!
Я зажигаю свет, чтобы идти тропой
В Обители любви, в Небесный Отчий Дом!
Я зажигаю свет, подаренный тобой!

2. Я всё пройти смогу и смерти не боюсь!
Спасения тропу мне показал Иисус!
У маленькой свечи я зажигаю свет,
Чтоб с нею мне идти в обители Небес!

3. Идти всегда легко мне следом за Тобой,
И крест мой не тяжёл, ведь он даёт любовь!
Средь бури и невзгод, средь боли и обид
Горит моя свеча! Моя свеча горит!

4. Я зажигаю свет любви Твоей простой!
Я зажигаю свет, подаренный Тобой!
Чтобы его раздать всем тем, кто в темноте!
В руке держу свечу, а в сердце - Божий свет!
Служить тебе хочу, и страха больше нет!
В руке держу свечу, а в сердце – Божий свет!";"{title: Я зажигаю свет}
{key: Am}
{capo: +3}


1. Я [Am]зажигаю [Dm]свет, под[E]аренный Т[Am]обой!
Я зажигаю св[Dm]ет, чтоб[E]ы идти тр[Am]опой
В Об[A7]ители любв[Dm]и, в Неб[G]есный Отчий [C]Дом!
Я [Am]зажигаю св[Dm]ет, под[E]аренный т[Am]обой!

2. Я всё пройти смогу и смерти не боюсь!
Спасения тропу мне показал Иисус!
У маленькой свечи я зажигаю свет,
Чтоб с нею мне идти в обители Небес!

3. Идти всегда легко мне следом за Тобой,
И крест мой не тяжёл, ведь он даёт любовь!
Средь бури и невзгод, средь боли и обид
Горит моя свеча! Моя свеча горит!

4. Я зажигаю свет любви Твоей простой!
Я зажигаю свет, подаренный Тобой!
Чтобы его раздать всем тем, кто в темноте!
В руке держу свечу, а в сердце - Божий свет!
Служить тебе хочу, и страха больше нет!
В руке держу свечу, а в сердце – Божий свет!";;;;
0024;24;Невесту Я зову;Огненный ветер;Am;3;;4/4;;;V1 C V2;Огненный ветер (аккорды);;;;;"1.Невесту Я зову, прекрасную Мою,
И нежную Мою, любимую!-2р.

Пр. Невеста!-3р. Моя! Невеста!-2р. искал Я Тебя!
       Невеста!-3р. Моя! Невеста-2р. нашёл Я Тебя!

2.Прошу, приди скорей! Открыта Моя дверь!
Я ждал Тебя давно: всю жизнь Твою (Мою)!-2р.";"
[Am]1.Невесту Я зову, прекрасну[F]ю Мою,
[Dm]И нежную Мою, любимую!-2р[E].

[Dm(F]Пр. Н[Dm)]евеста![E]-3р. Мо[Dm(F)]я! Невеста!-2р. ис[Dm]кал Я Теб[E]я!
       Невеста!-3р. Моя! Невеста-2р. нашёл Я Тебя!

2.Прошу, приди скорей! Открыта Моя дверь!
Я ждал Тебя давно: всю жизнь Твою (Мою)!-2р.";;;;
0025;25;Посреди больших огней;Огненный ветер;Am;4;;4/4;;;V1 C V2 V3 C;Огненный ветер (аккорды);;;;;"1.Посреди больших огней города
Расточил имение я своё…
И моей душе стало холодно,
Словно сердце стало вдруг не моё!

Пр. А вдали той земли слышен крик:
      «Где Мой сын? Где Мой сын? Он погиб!»
      Знай, тебя твой Отец ждёт домой!
      «Отзовись! Где же ты, Мой родной?!»

2. И пронзила сердце мысль, как стрела:
«Предал ты Небесный дом и Отца!»
Все растаяли мечты, словно дым…
«Будешь совестью своей ты судим!»

3.Может, ты был, как и я, - блудный сын?
Где б ни жил ты на земле, - был один…
Разменял, растратил жизнь на гроши?
Может хватит дальше жить и грешить?

Пр.  Возвратись в Отчий дом и скажи:
«О, Отец, я был мёртв и ожил!
Я упал до корыта свиней,
Но спасён я любовью Твоей!»";"
[Am]1.Посреди больших огней города[Dm]
[E]Расточил имение я своё…[Am][E]
[Am]И моей душе стало холодно,[Dm]
[E]Словно сердце стало вдруг не моё![Am][E]

[Am]Пр. А вдали той земли слышен кри[Dm]к:
[G]      «Где Мой сын? Где Мой сын? Он погиб!»[C][E]
[Am]      Знай, тебя твой Отец ждёт [Dm]домой!
[E]      «Отзовись! Где же ты, Мой родной[Am]?!»

2. И пронзила сердце мысль, как стрела:
«Предал ты Небесный дом и Отца!»
Все растаяли мечты, словно дым…
«Будешь совестью своей ты судим!»

3.Может, ты был, как и я, - блудный сын?
Где б ни жил ты на земле, - был один…
Разменял, растратил жизнь на гроши?
Может хватит дальше жить и грешить?

Пр.  Возвратись в Отчий дом и скажи:
«О, Отец, я был мёртв и ожил!
Я упал до корыта свиней,
Но спасён я любовью Твоей!»";;;;
0026;26;Стоять у врат Небесного Престола;Огненный ветер;Am;2;;4/4;;;V1 C V2;Огненный ветер (аккорды);;;;;"1.Стоять у врат Небесного Престола,
Держать в руках одежду жениха,
И слышать песню ангельского хора,
И видеть блеск прекрасного венца!

Пр. Драгоценных камней отражение,
       Драгоценных камней яркий свет
       Подарить для Тебя в поклонении –
       Для меня большей радости нет!

2. Иметь в душе горячее желание
И возноситься песней до Небес,
Чтоб восклицали Ангелы от радости,
Когда иду с Тобою под венец!";"
[Am]1.Стоять у врат Небесного Прес[Dm]тола,
[G]Держать в руках одежду жен[C]иха,[E]
[Am]И слышать песню ангельского х[Dm]ора,
[G]И видеть блеск[E] прекрасного венца[Am]![E]

[Am]Пр. Драгоценных камней отражени[Dm]е,
[G]       Драгоценных камней яркий свет[C][E]
[Am]       Подарить для Тебя в поклон[Dm]ении –
[G]       Для меня боль[E]шей радости [Am]нет!

2. Иметь в душе горячее желание
И возноситься песней до Небес,
Чтоб восклицали Ангелы от радости,
Когда иду с Тобою под венец!";;;;
0027;27;Революция;Огненный ветер;Am;3;;4/4;;;V1 C V2;Огненный ветер (аккорды);;;;;"1. Революция в мыслях! Революция в песнях!
Революция в духе! Революция в сердце!
Революция в слове! Революция в деле!
Революция в жизни! Революция в мире!

Пр. Говори сей горе: «Отойди и исчезни!»
       А для тех, кто во тьме,
       Открывай настежь двери!

2. Частоколом единым
Против тьмы светом встанем!
Облечённый любовью, поднимай выше знамя!
Наш герой – Иисус, свет блистающей славы!
Зажигайся огнём и бери баррикады!";"
[Am]1. Революция в мыслях! Революция [Dm]в песнях!
[E]Революция в духе! Революция в [Am]сердце!
[F]Революция в слове! Революция в д[Dm]еле!
[E]Революция в жизни! Революция в ми[Am]ре!

[Am]Пр. Говори сей горе: «Отойд[Dm]и и исчез[E]ни!»
[Am]       А для тех, кто во тьме,
[Dm]       Открывай[E] настежь двери!

2. Частоколом единым
Против тьмы светом встанем!
Облечённый любовью, поднимай выше знамя!
Наш герой – Иисус, свет блистающей славы!
Зажигайся огнём и бери баррикады!";;;;
0028;28;Было ли, не было?;Огненный ветер;Am;3;;4/4;;;V1 C V2 V3;Огненный ветер (аккорды);;;;;"1.Было ли, не было? Только ветер за окном и шум дождя…
Ангел ли песнями мне сегодня рассказал Весть про Тебя…

Пр. Сквозь туманные тысячелетья
       Мне летит, летит, летит навстречу Твой крик: «Прости!»
       Я хочу понять Твои страданья
       И слова: «Отец, непонимание их прости!»


2. Было ли, не было? Сердце плачет о Тебе и о себе…
Много ли, мало ли изменился стрелок ход в моей судьбе?


3. Было ли, не было?
Прекратился серый дождь, и выпал снег…
Быстро ли, долго ли жили-прожили мы все свой век…";"{title: Было ли, не было?}
{key: Am}
{capo: +3}

[Am]1.Было [E]ли, [Am]не б[E]ыл[Am]о? Только [Dm]ветер за окн[Am]ом и шум дождя…
[F]Ангел ли песням[E]и мне сегодня расск[Am]азал Весть про Тебя…

[E]Пр. Сквозь туманные [Am]тысячелетья
       Мне летит, летит, лет[Dm]ит навстр[G]ечу Твой кр[C]ик: «Прост[E]и!»
       Я хочу понять Тв[Am]ои страданья
       И слова: «Отец, неп[Dm]оним[G]ание [C]их прост[E]и!»


2. Было ли, не было? Сердце плачет о Тебе и о себе…
Много ли, мало ли изменился стрелок ход в моей судьбе?


3. Было ли, не было?
Прекратился серый дождь, и выпал снег…
Быстро ли, долго ли жили-прожили мы все свой век…";;;;
0029;29;Иисус есть путь!;Огненный ветер;G;3;;4/4;;;C;Огненный ветер (аккорды);;;;;"
С                                          
Иисус есть путь! 
С
Иисус есть жизнь!
С                          G
Истина моя, Иисус!
Иисус есть путь! 
Иисус есть жизнь!
Истина моя! Он есть свет!

Пр. Только Ты! Только Ты
       Только Ты! Только Ты!
       Только Ты! Только Ты!
       Только Ты! Только Ты!";"{title: Иисус есть путь!}
{key: G}
{capo: +3}


С                                          
Иисус есть путь! 
С
Иисус есть жизнь!
С                          G
Истина моя, Иисус!
[G]Иисус есть путь! 
[G]Иисус есть жизнь!
[G]Истина моя! Он есть [C]свет![G]

Пр. Только Т[C]ы! Только Т[G]ы
       Только Т[G]ы! Только Т[F]ы![G]
       Только Т[C]ы! Только Т[G]ы!
       Только [G]Ты! Только [Am]Ты![G]";;;;
0030;30;Я открою на горах (Ис. 41:17-20);Огненный ветер;Am;3;;4/4;;;V1 C;Огненный ветер (аккорды);;;;;"
1.Я открою на горах реки и среди долин источники!
Пустыню сделаю озером и землю водой.
Посажу в пустыне кедр, мирт, маслину насажу,
Явор, бук и в степи кипарис,
Чтоб увидели, узнали все, рассмотрели, разумели,
Что рука Господня сделала сие!

Пр. Бедные и нищие ищут живой воды:
       Язык иссох от ужаса, и Я услышу их!";"{title: Я открою на горах (Ис. 41:17-20)}
{key: Am}
{capo: +3}


1.Я откр[Am]ою на горах реки и среди долин ист[G]очники!
Пуст[Dm]ыню сделаю [E]озером и землю вод[Am]ой.
[Dm]Посажу в пустыне [G]кедр, мирт, масл[C]ину нас[F]ажу,
Явор, [Dm]бук и в степ[E]и кипар[Am]ис,[A7]
Чтоб ув[Dm]идели, узнали вс[G]е, рассмотр[Em]ели, раз[Am]умели,
Что рук[Dm]а Господня сд[E]елала с[Am]ие!

Пр. Б[Am]едные и нищие ищут живой вод[G]ы:
       Яз[Dm]ык иссох от [E]ужаса, и [Am]Я услышу [E]их!";;;;
0031;31;Я держу тебя за правую руку (Ис.45:1-5);Огненный ветер;Am;3;;4/4;;;V1 C V2;Огненный ветер (аккорды);;;;;"1.Я держу тебя за правую руку,
Чтобы покорить тебе народы,
Чтобы отворить тебе все двери,
И ворота чтобы сокрушить!

Пр. Я пойду перед тобою, горы все Я уровняю,
Сокрушу из меди двери, и запоры все сломаю!
Я – Господь, и нет иного! Знай, что Бога нет другого!
И твоё Я имя знаю, хотя ты не знал Меня! -2р.

2.Я отдам тебе хранимые Мною,
И сокрытые во тьме богатства,
Чтобы ты познал Меня как Бога,
Что по имени тебя назвал!";"
[Am]1.Я держу тебя за правую руку[Dm],
[E]Чтобы покорить тебе народы,[Am]
[F]Чтобы отворить тебе все двери,[Dm]
[E]И ворота чтобы сокрушить![Am]

[A7]Пр. Я пойду перед т[Dm]обою, горы все [G]Я уровняю,[C]
[F]Сокрушу из меди две[Dm]ри, и запоры[E] все сломаю![Am]
[A7]Я – Господь, и нет и[Dm]ного! Знай, что Бога не[G]т другого![C]
[F]И твоё Я имя зн[Dm]аю, хотя ты н[E]е знал Меня! -2р.[Am]

2.Я отдам тебе хранимые Мною,
И сокрытые во тьме богатства,
Чтобы ты познал Меня как Бога,
Что по имени тебя назвал!";;;;
0032;32;От Бога вышло Слово (Ис.2);Огненный ветер;Am;3;;4/4;;;V1 C V2 V3;Огненный ветер (аккорды);;;;;"
1.От Бога вышло Слово: «Поднимется гора,
Гора Господня дома на высоте холма!
К ней потекут народы, пойдут, не упадут;
Взойдут на гору Бога и славу воздадут!»

Пр.  Высокое унизится, всё гордое падёт!
            День Господа приблизился!
            Иисус Христос грядёт!-2р.

2. Научимся мы снова стезям, путям Его!
Закон пришёл с Сиона, а Слово от Него!
Он обличит народы, осудит племена!
Придёт Господня жатва! Окончится война!

3. Поникнут взгляды гордых! Возвысится Господь!
Величье Божьей славы увидит весь народ!
Все идолы исчезнут, и страх падёт на всех!
Перед Великим Богом что значит человек?";"{title: От Бога вышло Слово (Ис.2)}
{key: Am}
{capo: +3}


1.От [Am]Бога вышло Слово: «Поднимется гора,
Гор[F]а Господня дома на [Dm]выс[Em]оте холм[Am]а!
К ней потекут народы, пойдут, не упадут;
Взойд[F]ут на гору Бога и [Dm]славу [Em]воздад[Am]ут!»

Пр.  Выс[Am]окое унизится, всё гордое падёт!
            День [F]Господа приблизился!
            И[Dm]исус Христ[Em]ос гр[Am]ядёт!-2р.

2. Научимся мы снова стезям, путям Его!
Закон пришёл с Сиона, а Слово от Него!
Он обличит народы, осудит племена!
Придёт Господня жатва! Окончится война!

3. Поникнут взгляды гордых! Возвысится Господь!
Величье Божьей славы увидит весь народ!
Все идолы исчезнут, и страх падёт на всех!
Перед Великим Богом что значит человек?";;;;
0033;33;Бог удивляет меня!;Огненный ветер;Am;2;;4/4;;;V1 V2 V3 V4;Огненный ветер (аккорды);;;;;"
1. Боль белой стеной быть мешает с Тобой,
Но я знать не хочу, кто задует свечу…
Нет, враг не пройдёт! Он меня не убьёт!
Я встречусь с Тобой, мой Иисус дорогой! 

Пр. Но растает боль и уйдёт, 
       Как холодных дней грязный лёд!
       И забьётся сердце моё от любви, Твоей любви!
       В высь открыта Ангелом дверь! 
       Там не будет больше потерь!
       И забьётся сердце моё от любви, Твоей любви!

2. Грех прилип, словно грязь! С миром мёртвую связь,
Ноги, сбитые в кровь, исцеляет любовь!
Ты день ото дня омываешь меня!
Как же мне не любить, кровь Твою не ценить?";"{title: Боль белой стеной}
{key: Am}
{capo: +2}


1. [Am]Боль белой ст[Dm]еной [E]быть мешает с Т[Am]обой,[E]
[Am]Но я знать не х[Dm]очу, кт[E]о задует св[Am]ечу…[E]
[Am]Нет, враг не пройд[Dm]ёт! [E]Он меня не [Am]убьёт!
[F]Я встречусь с Тоб[Dm]ой, м[E]ой Иисус дор[Am]огой! [E]

Пр. [Am]Но растает боль и уйд[Dm]ёт, 
       К[E]ак холодных дней грязный [Am]лёд!
       [F]И забьётся сердце [Dm]моё от любв[E]и, Твоей любв[Am]и![E]
       В [Am]высь открыта Ангелом [Dm]дверь! 
       Т[E]ам не будет больше пот[Am]ерь!
       [F]И забьётся сердце м[Dm]оё от любв[E]и, Твоей любв[Am]и!

2. Грех прилип, словно грязь! С миром мёртвую связь,
Ноги, сбитые в кровь, исцеляет любовь!
Ты день ото дня омываешь меня!
Как же мне не любить, кровь Твою не ценить?";;;;
0034;34;Земля сокрушается (Исайя 25:16-23);Огненный ветер;Am;3;;4/4;;;V1 C V2;Огненный ветер (аккорды);;;;;"
1.Земля сокрушается и распадается, сильно потрясена!
Как пьяный шатается и беззаконием отягчена она!
Земля  упадёт и больше не встанет: ужас и ямы на ней!
Злодеи злодействуют, петли расставлены
Всем, кто живёт на земле!

Пр.  И будет в тот день - Господь посетит
Воинство на высоте!
И будет в тот день - Господь посетит
Царей земных на земле!

2. И собраны вместе все узники будут, заключены в тюрьму!
И будет народ ожидать наказанья, что с Неба придёт ему!
Луна покраснеет, в стыде будет солнце,
Когда наш Господь Иисус во славе Своей воцарится на троне
И снимет с земли сей груз!";"{title: Земля сокрушается (Исайя 25:16-23)}
{key: Am}
{capo: +3}


1.З[Am]емля сокрушается и распадается, сильно потр[E]яс[Am]ена!
Как пь[F]яный шатается и беззаконием [Dm]отягч[E]ена [Am]она!
Земля  упадёт и больше не встанет: [A7]ужас и ямы на н[Dm]ей!
Злод[Am]еи злодействуют, петли расставлены
Всем, кто жив[E]ёт на земл[Am]е!

Пр.  И б[Am]удет в тот день - Господь посетит
Во[A7]инство на высоте![Dm]
И [Am]будет в тот день - Господь посетит
Цар[E]ей земных на з[Am]емле!

2. И собраны вместе все узники будут, заключены в тюрьму!
И будет народ ожидать наказанья, что с Неба придёт ему!
Луна покраснеет, в стыде будет солнце,
Когда наш Господь Иисус во славе Своей воцарится на троне
И снимет с земли сей груз!";;;;
0035;35;Песнь хочу воспеть (Ис. 26);Огненный ветер;Am;1;;4/4;;;V1 V2 V3 V4;Огненный ветер (аккорды);;;;;"
1. Песнь хочу воспеть в земле я Твоей:
Иерусалим прекраснее всех!
Город крепкий у нас! Город крепкий у нас!
Ты спасенье ему подарил!
Ты умножил народ и прославил Себя,
И распространил пределы земли!

2.Духом твёрдого Ты в мире хранишь,
Ибо на Тебя надеется он!
Уповай на Него! Уповай на Него!
Ты вовеки уповай на Него!
Он дарует нам мир! Он дарует нам мир!
Все дела Он устрояет для нас!

3. Путь у праведника узкий, прямой!
А противников пожрёт Твой огонь!
Отвори ворота, и войдёт сей народ,
Тот, что истину хранит и несёт!
Совершатся суды! Совершатся суды!
Пусть увидят все величие Твоё!

4. Всей душой в ночи стремлюсь я к Тебе!
Духом с раннего утра я ищу
В сердце только Тебя! В сердце только Тебя!
В своём сердце я ищу лишь Тебя!
Изливаю мольбу и ищу лишь Тебя!
И хочу войти в покои Твои!";"{title: Песнь хочу воспеть (Ис. 26)}
{key: Am}
{capo: +1}


1. Песнь [Dm]хочу воспеть в з[E]емле я Тв[Am]оей:
Иер[Dm]усалим прекр[G]аснее [C]всех![A7]
Город кр[Dm]епкий у [E]нас! Город [Am]крепкий у [F]нас!
Ты сп[Dm]асенье [E]ему под[Am]арил![A7]
Ты умн[Dm]ожил нар[E]од и просл[Am]авил С[F]ебя,
И распр[Dm]остранил пред[E]елы з[Am]емли!

2.Духом твёрдого Ты в мире хранишь,
Ибо на Тебя надеется он!
Уповай на Него! Уповай на Него!
Ты вовеки уповай на Него!
Он дарует нам мир! Он дарует нам мир!
Все дела Он устрояет для нас!

3. Путь у праведника узкий, прямой!
А противников пожрёт Твой огонь!
Отвори ворота, и войдёт сей народ,
Тот, что истину хранит и несёт!
Совершатся суды! Совершатся суды!
Пусть увидят все величие Твоё!

4. Всей душой в ночи стремлюсь я к Тебе!
Духом с раннего утра я ищу
В сердце только Тебя! В сердце только Тебя!
В своём сердце я ищу лишь Тебя!
Изливаю мольбу и ищу лишь Тебя!
И хочу войти в покои Твои!";;;;
0036;36;Песнь о любви;Огненный ветер;Am;3;;4/4;;;V1 C V2 C V3 C;Огненный ветер (аккорды);;;;;"1.Песнь о любви так было трудно петь!
Мы не могли для неё, как огонь гореть!

Пр. Данко! Его сердце из огня!
        Данко! Спас он всех, кого любил!
       Только, может ты, а может я,
       Тихо это сердце раздавил!

2.Там, на кресте, был Иисус распят,
Чтоб в темноте свет Его ярче стал!

Пр. Иисус! Его сердце из огня!
       Иисус! Спас Он всех, кого любил!
       Только, может ты, а может я,
       Тихо это сердце раздавил!

3.Мир ждёт тебя! Мир ждёт твоей любви!
Мир ждёт огня, горящего в твоей груди!

Пр.  Время сердцу, полному огня,
        Светом для народов мира быть!
        Значит, это – ты, и это – я,
        Можем смерть любовью победить!";"
[Am]1.Песнь о любви [Dm]так[E] было трудно пе[Am]ть!
[F]Мы не могли дл[Dm]я неё, как [E]огонь гореть![Am]

[Dm]Пр. Данко! Его [Am]сердце из огня!
[E]        Данко! Спас он всех[Am], кого любил!
[Dm]       Только, может т[Am]ы, а может я,
[E]       Тихо эт[Am]о сердце раздавил!

2.Там, на кресте, был Иисус распят,
Чтоб в темноте свет Его ярче стал!

Пр. Иисус! Его сердце из огня!
       Иисус! Спас Он всех, кого любил!
       Только, может ты, а может я,
       Тихо это сердце раздавил!

3.Мир ждёт тебя! Мир ждёт твоей любви!
Мир ждёт огня, горящего в твоей груди!

Пр.  Время сердцу, полному огня,
        Светом для народов мира быть!
        Значит, это – ты, и это – я,
        Можем смерть любовью победить!";;;;
0037;37;Распространи место твоего шатра (Ис. 54:2-5);Огненный ветер;Am;3;;4/4;;;V1 C V2 V3;Огненный ветер (аккорды);;;;;"1.Распространи место твоего шатра
И расширь кров жилища твоего!
Не стесняйся, пусти длинные верви твои,
Даже колья твои утверди!

Пр. Ибо твой Творец – Супруг! Имя Бога – Саваоф!
       Искупитель твой Святой над землёй!

2.Ибо ты распространишься везде,
И сыны завладеют землёй,
И заселишь города опустевшие,
И народы будут вечно с тобой!

3.Не страшись, стыд не будет пред тобой!
Твёрдо верь, - поругание уйдёт!
Ты забудешь посрамление юности твоей
И не будешь вспоминать ты о нём!";"
[Am]1.Распространи [G]место твоего[Am] шатра
[Am]И расширь кров жили[G]ща твоего![Am]
[A7]Не стесняйс[Dm]я, пусти длин[G]ные верви твои,[C][F]
[Dm]Даже колья [E]твои утверди[Am]![A7]

[Dm]Пр. Ибо твой Творец – Супр[G]уг! Имя Бога –[C] Саваоф![F]
[Dm]       Искупитель твой С[E]вятой над землёй![Am]

2.Ибо ты распространишься везде,
И сыны завладеют землёй,
И заселишь города опустевшие,
И народы будут вечно с тобой!

3.Не страшись, стыд не будет пред тобой!
Твёрдо верь, - поругание уйдёт!
Ты забудешь посрамление юности твоей
И не будешь вспоминать ты о нём!
";;;;
0038;38;Если сердце;Огненный ветер;Am;3;;4/4;;;V1 C V2 C;Огненный ветер (аккорды);;;;;"
1.Если сердце плачет по ночам,
Если боль становится сильней, -
Это значит,- Бог Израиля
Нас зовёт в Иерусалим!

Пр.  Город боли и страдания, 
        Город крови и смирения
        Иисуса Господа Христа, - 
        Иерусалим! – 2 р.

2. Если сердце жаждет радости,
Если сердце хочет победить! –
Это значит,- Бог Израиля
Нас зовёт в Иерусалим!

Пр.  Город счастья и прощения,
        Город света Вознесения
        Иисуса Господа Христа, -
        Иерусалим! – 2 р.";"{title: Если сердце}
{key: Am}
{capo: +3}


1.[Am]Если с[F]ердце [Dm]плачет [E]по ночам,
[Am]Если [F]боль стан[Dm]овитс[E]я сильней, -
[Am]Это зн[F]ачит,- [Dm]Бог Изр[E]аиля
[Am]Нас зов[Dm]ёт в Иерусал[E]им!

Пр.  [Am]Город боли и страд[Dm]ания, 
        Г[G]ород крови и смир[C]ения
        [F]Иисуса Господ[Dm]а Христа, - 
        [F]Иерусал[E]им! – 2 р.

2. Если сердце жаждет радости,
Если сердце хочет победить! –
Это значит,- Бог Израиля
Нас зовёт в Иерусалим!

Пр.  Город счастья и прощения,
        Город света Вознесения
        Иисуса Господа Христа, -
        Иерусалим! – 2 р.";;;;
0039;39;Я Сам – Утешитель ваш (Ис. 51:12-16);Огненный ветер;Am;3;;4/4;;;V1 V2;Огненный ветер (аккорды);;;;;"1.Я Сам – Утешитель ваш и Защитник!
Кто ты, что боишься ты человека,
Умирает который скоро, засыхает кто, как трава?
Ты зачем забываешь Бога, распростёршего небеса?-2р.

2.Я – Бог, возмущающий море рёвом!
Господь Саваоф – Моё имя силы!
Я наполню тебя словами и покрою Своей рукою,
Чтобы твёрдою сделать землю,
И сказать тебе: «Мой народ!»";"
[Am]1.Я Сам – Утеш[G]итель ваш и Защитник![Am]
[G]Кто ты, что боишься ты че[Am]ловека,
[Dm]Умирает который скоро[Am], засыхает кто[G], как трава?[Am]
[Dm]Ты зачем забываешь Бог[Am]а, распростёршего [G]небеса?-2р.[Am]

2.Я – Бог, возмущающий море рёвом!
Господь Саваоф – Моё имя силы!
Я наполню тебя словами и покрою Своей рукою,
Чтобы твёрдою сделать землю,
И сказать тебе: «Мой народ!»";;;;
0040;40;Время;Огненный ветер;Am;3;;4/4;;;V1 C V2;Огненный ветер (аккорды);;;;;"
1.Время! Время! Время! Время пришло
Церкви всей бить в набат!
Время! Время! Время! Время пришло!
Нет нам пути назад!

Пр. Время узких путей,
       Быстрых дорог вперёд!
       Время жарких огней,
       Ярких огней зовёт!

2.Время! Время! Время! 
Время узнать всем Своего Царя!
Время! Время! Время! 
Всем рассказать Слово Его огня!";"{title: Время}
{key: Am}
{capo: +3}


1.Вр[Am]емя! Вр[G]емя! Вр[F]емя! Вр[Dm]емя пришл[G]о
Ц[F]еркви всей [Dm]бить в наб[E]ат!
Вр[Am]емя! Вр[G]емя! Вр[F]емя! Вр[Dm]емя пр[G]ишло!
[F]Нет нам пут[Dm]и наз[E]ад!

Пр. Время [Am]узких пут[F]ей,
       [Dm]Быстрых [E]дорог [Am]вп[F]ер[Dm]ёд![E]
       Время [Am]жарких огн[F]ей,
       [Dm]Ярких [E]огн[Am]ей з[F]ов[Dm]ёт![E]

2.Время! Время! Время! 
Время узнать всем Своего Царя!
Время! Время! Время! 
Всем рассказать Слово Его огня!";;;;
0041;41;Был апрель;Огненный ветер;Am;3;;4/4;;;V1 C V2 C;Огненный ветер (аккорды);;;;;"
1.Был апрель, и земля после сна пробуждалась,
И в саду из маслин всё дышало весной!
Иисус, Божий Сын, в плаче с Богом, прощаясь,
На горе видел крест и огонь над горой.

 Пр. В том огне Божий гнев изливался потоком
        На Того, Кто любил, был безгрешен и свят!
        На Того, Кто людьми, их грехом и пороком
        Был на склоне горы, как разбойник распят.

2. «Боже Мой! Боже мой! Для чего Ты оставил,
Мой Отец, на кресте Ты Меня одного?
Чтобы смертью Своей Я Тебя мог прославить,
Искупить мир от зла и суда Твоего!

Пр. Боже Мой! Боже Мой! Твою волю благую
        Исполняю сейчас сердцем всем и душой!
        Боже Мой! За людей Свою жизнь отдаю Я,
        Чтоб они, как и Я, были вечно с Тобой!»";"{title: Был апрель}
{key: Am}
{capo: +3}


1.Был апр[Am]ель, и земл[Dm]я после сн[E]а пробужд[Am]алась,
И в сад[F]у из масл[Dm]ин всё дыш[E]ало весн[Am]ой!
Иисус, Божий С[Dm]ын, в плаче с Б[E]огом, прощ[Am]аясь,
На гор[F]е видел [Dm]крест и [E]огонь над [Am]горой.[G]

 Пр. В том огн[C]е Божий гн[G]ев излив[Dm]ался пот[Am]оком
        На Того, Кто люб[Dm]ил, был безгрешен и св[E]ят!
        На Тог[C]о, Кто людьм[G]и, их грех[Dm]ом и пор[Am]оком
        Был на склоне гор[Dm]ы, как разб[E]ойник р[Am]аспят.

2. «Боже Мой! Боже мой! Для чего Ты оставил,
Мой Отец, на кресте Ты Меня одного?
Чтобы смертью Своей Я Тебя мог прославить,
Искупить мир от зла и суда Твоего!

Пр. Боже Мой! Боже Мой! Твою волю благую
        Исполняю сейчас сердцем всем и душой!
        Боже Мой! За людей Свою жизнь отдаю Я,
        Чтоб они, как и Я, были вечно с Тобой!»";;;;
0042;42;Адонай;Огненный ветер;Am;2;;4/4;;;;Огненный ветер (аккорды);;;;;"
1. Будет новое время и новая жизнь!
Будет всё, как всегда, но без боли и слёз…
Свет спускаться с Небесных высот будет вниз!
Даст нам новое имя Спаситель Иисус!

Пр. Нареки имя мне, нареки! Нареки имя мне, нареки!
       Это имя любви, Это имя «Иисус»! 
       С этим именем я в смерть уже не вернусь!

2. Поднимись, небосвод, пусть услышит земля:
Трубы Ангелов всюду на небе трубят!
Побеждающий мир будет манну вкушать!
С новым именем в Боге всегда ликовать!

3. Мы готовы к последней тяжёлой  войне,
Излиянию славы Твоей на земле!
Тьма уходит от света  и солнце встаёт!
Торжествуют народы - Мессия грядёт!
";"{title: Будет новое время}
{key: Am}
{capo: +2}


[Am]1. Будет [Dm]новое время и [E]новая [Am]жизнь!
Будет вс[Dm]ё, как всегда, но без б[E]оли и сл[Am]ёз…
Свет спуск[Dm]аться с Небесных выс[E]от будет вн[Am]из!
Даст нам [Dm]новое имя Спас[E]итель Иис[Am]ус!

Пр. Нарек[Dm]и имя мне, нарек[E]и! Нарек[F]и имя мне, нарек[E]и!
       Это [Dm]имя любви, Это [E]имя «Иис[Am]ус»! 
       С этим [Dm]именем я в смерть уж[E]е не верн[Am]усь!

2. Поднимись, небосвод, пусть услышит земля:
Трубы Ангелов всюду на небе трубят!
Побеждающий мир будет манну вкушать!
С новым именем в Боге всегда ликовать!

3. Мы готовы к последней тяжёлой  войне,
Излиянию славы Твоей на земле!
Тьма уходит от света  и солнце встаёт!
Торжествуют народы - Мессия грядёт!
";;;;
0043;43;Только Ты, Иисус!;Огненный ветер;Am;3;;4/4;;;V1 C;Огненный ветер (аккорды);;;;;"1.Только Ты, Иисус, - моя отрада!
Только Ты, Иисус, - любовь моя!
Только Ты, Иисус, - моя надежда!
Только Ты, Иисус, - Спаситель мой! Спаситель мой!

Пр. Все Небеса славу поют, славят Отца-Творца!
       Все небеса славу поют для моего Христа!
       Звёзд хоровод, ангелов хор, радостно песнь поют:
       «Слава Тебе! Слава Тебе! Честь и хвала!»";"
[Am]1.Только Ты, Иисус, - моя отрада![Dm]
[G]Только Ты, Иисус, - любовь моя![C][E]
[Am]Только Ты, Иисус, - моя надежда![Dm]
[G]Только Ты, Иисус, - Спаситель мой! Спаситель мой![E][Am][E]

[Am]Пр. Все Небеса [Dm]славу поют, славят О[G]тца-Творца![E]
[Am]       Все небе[Dm]са славу поют дл[E]я моего Христа!
[A7]       Звёзд [Dm]хор[G]овод, ангелов [C]хор, р[F]адостно песнь п[Dm]оют:[E]
[Am]      [F] «Слава Те[Dm]бе! [E]Слава Тебе! Чес[Am]ть и хвала!»";;;;
0044;44;У Марии уснул на руках её Сын;Огненный ветер;Am;3;;4/4;;;C V2 C V3 C;Огненный ветер (аккорды);;;;;"У Марии уснул на руках её сын…
Спит малыш и в ночи видит сны.
Ему снится Любовь миллиардами звёзд,
Изливаемая с высоты!

Пр. Эти звёзды, как алмазы,  создал для    Него Творец!
        Чтоб улыбку видеть Сына, - дарит их     Ему Отец!

2. Звёзды Божьей любви станут светом в пути
Его Сына Иисуса Христа,
Чтобы с ними Он мог до Голгофы дойти,
И сберечь ту любовь до креста!

Пр. Эти звёзды, как алмазы, зажигает Бог-Творец.
       Чтоб победу видеть Сына дарит их Ему Отец!

3. Светят нам до сих пор, освещая наш путь
Вифлеемские звёзды любви,
Чтобы нам не упасть, чтобы нам не свернуть,
Чтобы нам от креста не уйти!

Пр. Эти звёзды, как алмазы, рассыпает  Бог-Творец
       Чтобы каждый встретил Сына, дарит их для нас Отец!";"
[Am]У Марии[Dm] усну[E]л н[Am]а руках её сын…
[Dm]Спит малыш и в [E]ночи видит с[Am]ны.
[Dm]Ему снится Л[E]юбовь м[Am]иллиардами звёзд,
[Dm]Изли[E]ваемая [Am]с высоты!

[Dm]Пр. Эт[E]и звёзды,[Am] как[F] алмазы,  созд[DmE]ал для    Не[Am]го Творец!
[Dm]     [E]   Чтоб улыбку [Am]виде[F]ть Сына, - да[DmE]рит их     Е[Am]му Отец!

2. Звёзды Божьей любви станут светом в пути
Его Сына Иисуса Христа,
Чтобы с ними Он мог до Голгофы дойти,
И сберечь ту любовь до креста!

Пр. Эти звёзды, как алмазы, зажигает Бог-Творец.
       Чтоб победу видеть Сына дарит их Ему Отец!

3. Светят нам до сих пор, освещая наш путь
Вифлеемские звёзды любви,
Чтобы нам не упасть, чтобы нам не свернуть,
Чтобы нам от креста не уйти!

Пр. Эти звёзды, как алмазы, рассыпает  Бог-Творец
       Чтобы каждый встретил Сына, дарит их для нас Отец!";;;;
0045;45;Тебе сердце отдаю;Огненный ветер;Am;4;;4/4;;;V1 V2 V3;Огненный ветер (аккорды);;;;;"1. Тебе    сердце отдаю!  Тебе     я хвалу пою!
 Тебе    славу воздаю!  Тебе    Всемогущему!

2. Звезда Вифлеемская светит в сердце у меня!
Славлю моего Царя! Тебе поклоняюсь я!

(проигрыш в фонограмме и в минусе)

3. Ценней ценного дары
Тебе принесли волхвы!
А я в дар несу его, сердце грешное моё!
(А я в дар несу его, сердце верное моё!)";"

[Am]1. [E]Тебе    сердце отдаю!  Т[Am]ебе     я [E]хвалу пою![Am]
[A7] Те[Dm]бе   [G] славу воздаю! [C] Те[Am]бе [H7]   Всем[E]огущему![Am]

2. Звезда Вифлеемская светит в сердце у меня!
Славлю моего Царя! Тебе поклоняюсь я!

(проигрыш в фонограмме и в минусе)

3. Ценней ценного дары
Тебе принесли волхвы!
А я в дар несу его, сердце грешное моё!
(А я в дар несу его, сердце верное моё!)
";;;;
0046;46;Была унижена людьми;Огненный ветер;Am;3;;4/4;;;V1 C V2 C;Огненный ветер (аккорды);;;;;"
1.Была унижена людьми, на землю брошена.
И кровь из ран стекала вниз в густую грязь.
И смехом искривлённых ртов была обожжена,
И было больно каждый раз, как в первый раз!

Пр. Зачем ты бросила кольцо, Невеста!
       Не узнаю твоё лицо, Невеста!
       Хочу тебя простить, омыть, Невеста!
       Любовью твой позор покрыть, Невеста!

2.Нагой лежала ты во рву, от боли корчилась,
И каждый мимо проходил, бросая взгляд.
И ты мечтала лишь о том, чтоб всё закончилось,
А вместо жизни выбирала горький яд.

Пр. Я вижу боль твою и стыд, Невеста!
       Готов измену Я забыть, Невеста!
       Я умираю за тебя, Невеста!
       Навек любимая моя, Невеста!";"{title: Была унижена людьми}
{key: Am}
{capo: +3}


1.Была [Am]унижена людьми, [E]на землю [Am]брошена.
И кровь из [Dm]ран стекала вн[E]из в густую [Am]грязь.[E]
И смехом [Am]искривлённых ртов была об[Dm]ожжена,
И было [G]больно каждый р[E]аз, как в первый [Am]раз!

Пр. Зачем ты бр[A7]осила кольцо, Нев[Dm]еста!
       Не узна[G]ю твоё лицо, Нев[C]еста!
       Хочу теб[A7]я простить, омыть, Нев[Dm]еста!
       Любовью тв[G]ой позор покр[E]ыть, Н[Am]евеста!

2.Нагой лежала ты во рву, от боли корчилась,
И каждый мимо проходил, бросая взгляд.
И ты мечтала лишь о том, чтоб всё закончилось,
А вместо жизни выбирала горький яд.

Пр. Я вижу боль твою и стыд, Невеста!
       Готов измену Я забыть, Невеста!
       Я умираю за тебя, Невеста!
       Навек любимая моя, Невеста!";;;;
0047;47;Время открывает;Огненный ветер;Am;3;;4/4;;;V1 C V2 V3;Огненный ветер (аккорды);;;;;"
1.Время открывает тайны мне Твои;
Сердце сладкой болью плачет от любви!

Пр. В звёздное небо кричу:
       «Как я Тебя люблю!
       Как я хочу быть с Тобой!
       Ты - мой Господь и Бог мой!»

2. Ночью просыпаюсь, слыша сердца стук:
Вижу, как в молитвах плачет мой Иисус!

3.Звёзды на рассвете тают в вышине;
В сердце остаётся песня о Тебе!";"{title: Время открывает}
{key: Am}
{capo: +3}


1.Вр[Am]емя открыв[F]ает [G]тайны мне [Am]Твои;[E]
С[Am]ердце сладкой [F]болью [G]плачет от любв[C]и!

Пр. В [Am]звёздное небо крич[G]у:
       «К[F]ак я Тебя любл[E]ю!
       [Am]Как я хочу быть с Тоб[G]ой!
       Т[Dm]ы - мой Господь и Бог [Am]мой!»[E]

2. Ночью просыпаюсь, слыша сердца стук:
Вижу, как в молитвах плачет мой Иисус!

3.Звёзды на рассвете тают в вышине;
В сердце остаётся песня о Тебе!";;;;
0048;48;Всю боль былых обид;Огненный ветер;Am;3;;4/4;;;V1 C V2 C V3;Огненный ветер (аккорды);;;;;"
1.Всю боль былых обид, всех ран сухую кровь,
Смыл дождь из чистых слёз и светлая любовь…
Все прошлые мечты в миг канули во тьму…
Мне нужен только Ты! Нужен только Ты,  Иисус!

Пр. Когда приходит свет, тогда уходит тьма!
      Уходит из сердец холодная зима!
       Когда придёт рассвет, глухая боль уйдёт! 
       Другого счастья нет! Спаситель наш грядёт!

2.Нет больше пышных фраз! Нет больше суеты!
Свет солнечный погас: стал ярче света Ты!
Все прошлые мечты в миг канули во тьму…
Мне нужен только Ты! Нужен только Ты, Иисус!

Пр. Когда в последний бой тебя труба зовёт,
       Отбросив смерти тень, вставай, иди вперёд!
       Смелей, мой друг,  шагай! Ты – не слабак, не трус!
       Твой генерал – Сам Бог! Тебя зовёт Иисус!

3. Все прошлые мечты в миг канули во тьму.
Мне нужен только Ты! Нужен только Ты, Иисус!
";"{title: Всю боль былых обид}
{key: Am}
{capo: +3}


1.Вс[Am]ю боль был[Dm]ых об[E]ид, всех ран [Am]сухую кровь,
Смыл дождь из чистых [Dm]слёз [E]и светлая л[Am]юбовь…
Все прошл[Dm]ые м[E]ечты в миг кан[Am]ули во тьму…
Мне нуж[Dm]ен только Ты! Нужен [E]тольк[Am]о Ты,  Иисус!

Пр. Когда [Am]приходит свет, тогд[G]а уходит тьма!
      Уходит [F]из сердец хол[E]одная зима!
       [Am]Когда придёт [G]рассвет, глухая боль уйдёт! 
       [F]Другого счас[E]тья нет! Спаситель наш грядёт!

2.Нет больше пышных фраз! Нет больше суеты!
Свет солнечный погас: стал ярче света Ты!
Все прошлые мечты в миг канули во тьму…
Мне нужен только Ты! Нужен только Ты, Иисус!

Пр. Когда в последний бой тебя труба зовёт,
       Отбросив смерти тень, вставай, иди вперёд!
       Смелей, мой друг,  шагай! Ты – не слабак, не трус!
       Твой генерал – Сам Бог! Тебя зовёт Иисус!

3. Все прошлые мечты в миг канули во тьму.
Мне нужен только Ты! Нужен только Ты, Иисус!
";;;;
0049;49;Иисус мне радость дал!;Огненный ветер;Am;3;;4/4;;;V1 C V2;Огненный ветер (аккорды);;;;;"
1.Иисус мне радость дал! Своей кровью оправдал!
Ты скорей, скорей иди к Нему!
Он простит твои грехи! Ты услышь Его шаги
И скорей, скорей поверь Ему!

Пр. Он есть жизнь, Он есть путь!
       И назад не повернуть…
       Он разрушил смерть и ад навек!
       Перед Ним я склонюсь! Его имя – Иисус!
       Совершенный Богочеловек!

2.Бог, живущий в Небесах, что находятся в сердцах
Тех, кто душу посвятил Ему!
Он из ада нас поднял и любовью всех обнял!
Ты скорей, скорей иди к Нему!";"{title: Иисус мне радость дал!}
{key: Am}
{capo: +3}


1.И[Am]исус мне радость дал! Своей [C]кровью оправдал!
Ты скор[Dm]ей, скорей [Em]иди к [Am]Нему!
Он прост[F]ит твои грехи! Ты усл[C]ышь Его шаги
И скор[Dm]ей, скорей [E]поверь [Am]Ему![E]

Пр. Он есть ж[Am]изнь, Он есть [G]путь!
       И наз[Dm]ад не поверн[Am]уть…
   [F]    [G]Он разр[Am]ушил [E]смерть и ад навек!
       Перед Н[Am]им я склон[G]юсь! [Dm]Его имя [Am]– Иисус!
       Соверш[F]енный Бог[G]очел[Am]овек![E]

2.Бог, живущий в Небесах, что находятся в сердцах
Тех, кто душу посвятил Ему!
Он из ада нас поднял и любовью всех обнял!
Ты скорей, скорей иди к Нему!";;;;
0050;50;Все, кто не уверовал в Христа;Огненный ветер;Am;3;;4/4;;;V1 C V2 V3;Огненный ветер (аккорды);;;;;"
1. Все, кто не уверовал в Христа, все, кто отказался от креста,
В день, в который Ангелы грядут,
В миг предстанут все на Божий суд!

Пр. Слово о распятии и кресте, Слово о страдании и кресте,
       Слово о смирении и кресте – есть сила Божия ко спасению!

2.Мир стремится Бога обмануть! 
Мир не верит в Высший Божий суд !
Грех царит и правит на земле 
Тех, чья совесть сожжена в огне!

3. Бог осудит и отринет всех, 
Кто в своём упорстве выбрал грех!
Он – святой и любящий Отец тех, 
Кто принял святости венец!";"{title: Все, кто не уверовал в Христа}
{key: Am}
{capo: +3}


1. [Am]Все, кт[G]о не уверов[Am]ал в Хр[F]иста, все, [E]кто отказ[Am]ался от креста,
В д[G]ень, в [Am]который Ангелы грядут,
В [F]миг пр[E]едст[Am]анут все на Божий суд!

Пр. [Dm]Слово [G]о распятии [C]и кресте, Слово о страдании и кресте,
       Сл[F]ово [Dm]о смирении [E]и кресте – есть сил[Am]а Божия ко спасению!

2.Мир стремится Бога обмануть! 
Мир не верит в Высший Божий суд !
Грех царит и правит на земле 
Тех, чья совесть сожжена в огне!

3. Бог осудит и отринет всех, 
Кто в своём упорстве выбрал грех!
Он – святой и любящий Отец тех, 
Кто принял святости венец!";;;;
0051;51;Вижу я, как по ланитам;Огненный ветер;Am;3;;4/4;;;V1 C V2 C V3 C B;Огненный ветер (аккорды);;;;;"
1.Вижу я, как по ланитам вниз стекает кровь густая,
И смешавшись с горьким потом, Твои ризы орошает…
Я не ведаю, не знаю, отчего мой Царь страдает?
Робко к трону приближаясь, я спросить Его желаю:

Пр. «Что Ты плачешь, Господь, в Своём сердце боль храня?
        От того ли, что бьют в доме, любящих Тебя?

        Как понять нам любовь, если сердце во грехе?
        Как принять твою кровь, если мы не на кресте?
        Не на кресте…»

2.Вижу я средь гор вершину, где костёр готов для жертвы;
Где отец готовит сына Исаака к верной смерти…
Я не знаю, чем измерить чашу выпитую боли,
Когда сердце покорилось не своей, а Божьей воле…

Пр. «Что Ты плачешь, Господь, в Своём сердце боль храня?
        От того ли, что бьют в доме, любящих Тебя?
        Дай попробовать мне горьких трав забытый вкус,
        Испытать, как в огне за меня страдал Иисус! 
        Мой Иисус!»

3.Все мы сделались нечестьем и запачканной одеждой;
Все поблекли, словно листья, что уносит грешный ветер…
Возмутились, огорчили Твоего Святого Духа;
По пустыне век за веком мы блуждаем круг за кругом…

Пр. «Что Ты плачешь, Господь, в Своём сердце боль храня?
        От того ли, что бьют в доме, любящих Тебя?
        Ты прости нам, Господь, преступленья прошлых лет!
        Помоги сохранить нам Твоей любви завет! Твой завет!

Бр.    Помоги! (Помоги!)  Сохранить! (Сохранить!)  Твой завет! (Твой завет!)                  ";"{title: Вижу я, как по ланитам}
{key: Am}
{capo: +3}


1.Вижу [Am]я, как по ланитам вниз ст[Dm]екает кровь густ[E]ая,
И смеш[Am]авшись с горьким потом, Твои [Dm]ризы орош[E]ает…
Я не [Dm]ведаю, не знаю, отч[Gm]его мой Царь страд[A7]ает?
Робко к тр[Dm]ону приближаясь, я спрос[Gm]ить Его жел[A7]аю:

Пр. «Что Ты пл[Dm]ачешь, Господь, в Св[Gm]оём сердце боль хран[A7]я?
        От тог[Dm]о ли, что бьют в [Gm]доме, любящих Теб[A7]я?

        Как пон[Dm]ять нам любовь, [Gm]если сердце во грех[A7]е?
        Как прин[Dm]ять твою кровь, [Gm]если мы не на крест[A7]е?
        Не на кр[Dm]ест[Gm]е…»[E]

2.Вижу я средь гор вершину, где костёр готов для жертвы;
Где отец готовит сына Исаака к верной смерти…
Я не знаю, чем измерить чашу выпитую боли,
Когда сердце покорилось не своей, а Божьей воле…

Пр. «Что Ты плачешь, Господь, в Своём сердце боль храня?
        От того ли, что бьют в доме, любящих Тебя?
        Дай попробовать мне горьких трав забытый вкус,
        Испытать, как в огне за меня страдал Иисус! 
        Мой Иисус!»

3.Все мы сделались нечестьем и запачканной одеждой;
Все поблекли, словно листья, что уносит грешный ветер…
Возмутились, огорчили Твоего Святого Духа;
По пустыне век за веком мы блуждаем круг за кругом…

Пр. «Что Ты плачешь, Господь, в Своём сердце боль храня?
        От того ли, что бьют в доме, любящих Тебя?
        Ты прости нам, Господь, преступленья прошлых лет!
        Помоги сохранить нам Твоей любви завет! Твой завет!

Бр.    Пом[Dm]оги! (Пом[Gm]ог[A7]и!)  Сохран[Dm]ить! (Сохран[Gm]ить[A7]!)  Твой зав[Dm]ет! (Тв[Gm]ой зав[A7]ет!)                  ";;;;
0052;52;Земля моя желанная;Огненный ветер;Am;3;;4/4;;;V1 C V2;Огненный ветер (аккорды);;;;;"

1.Земля моя желанная, святая и обетованная!
   Слезами радости омытая, Иерусалимская земля!

Пр. Входи в неё вратами! Входи в неё с весельем!
       С тимпаном громогласным и с ликами входи!
       Оставь свои проблемы, оставь свои болезни!
       Иерусалим – столица, столица всей Земли!

2.Всех жемчугов и яхонтов,
Рубинов алых с аметистами,
Сиянья всех камней и золота
Достойна царская земля!
";"{title: Земля моя желанная}
{key: Am}
{capo: +3}


[A7][Am][E][Am][Dm][Am]
[Am]1.Земля мо[A7]я жел[Dm]анная, святая и обетов[Am]анная!
   Слезами радости ом[E]ытая, Иерусалимская земл[Am]я![A7]

Пр. Входи в неё вр[Dm]атами! Входи в неё с в[Am]есельем!
       С тимпаном громогл[E]асным и с ликами вх[Am]оди!
       [A7]Оставь свои пробл[Dm]емы, оставь свои бол[Am]езни!
       Иерусалим – стол[E]ица, столица всей З[Am]емли!

2.Всех жемчугов и яхонтов,
Рубинов алых с аметистами,
Сиянья всех камней и золота
Достойна царская земля!
";;;;
0053;53;За окном седая пыль;Огненный ветер;Am;5;;4/4;;;V1 V2 V3;Огненный ветер (аккорды);;;;;"
1.За окном седая пыль, за окном зима!
Воет, кружится метель, занося дома…
Только кончится зима, и придёт апрель,
И пасхальная любовь Христа постучится в дверь!

2. Позабытые слова станут оживать…
И не будем больше мы Бога распинать!
Вспомним первую любовь и зажжём огни…
И не будут больше на ветру гаснуть фонари!

3. Сердца Божьего лучи мне вернули жизнь!
Благодатные ручьи льют потоком вниз…
Ведь закончилась зима, и пришёл апрель,
И спасающей любви Христа мы открыли дверь!";"{title: За окном седая пыль}
{key: Am}
{capo: +5}


1.З[Am]а окном седая пыль, [Dm]за [E]окном зима![Am]
Воет, кружится мет[Dm]ель, [E]занося дом[Am]а…
Т[A7]олько кончится зим[Dm]а, [G]и придёт [C]апрель,[F]
И пасхальная люб[Dm]овь Христ[E]а постучится в [Am]дверь!

2. Позабытые слова станут оживать…
И не будем больше мы Бога распинать!
Вспомним первую любовь и зажжём огни…
И не будут больше на ветру гаснуть фонари!

3. Сердца Божьего лучи мне вернули жизнь!
Благодатные ручьи льют потоком вниз…
Ведь закончилась зима, и пришёл апрель,
И спасающей любви Христа мы открыли дверь!";;;;
0054;54;Не падай!;Огненный ветер;Am;3;;4/4;;;V1 C V2 V3 C;Огненный ветер (аккорды);;;;;"
1.Не падай! Я прошу тебя, не падай!
Мне страшно видеть боль твою и стыд…
Не падай! Я прошу тебя, не падай!
Как трудно будет всё потом забыть!

Пр. Я научу тебя летать! Я научу тебя служить!
       Я научу тебя страдать! Я научу тебя любить!

2. Орлёнок из гнезда шагает смело, 
Не понимая страха высоты.
Летать пока ещё он не умеет,
И нет в его движеньях красоты…

3. Не падай! Я прошу тебя, не падай!
Пусть ветер станет силой для крыла!
Ты обновишься в этой силе славой
Прекрасного и взрослого орла!

Пр. Я научу тебя летать! Я научу тебя служить!
       Я научу тебя страдать! Я научу тебя любить!
       Я научу тебя мечтать! Я научу тебя терпеть!
       Я научу тебя не лгать! Я научу тебя гореть!";"{title: Не падай!}
{key: Am}
{capo: +3}


1.Не п[Am]адай! Я прошу тебя, не [Dm]падай!
Мне стр[G]ашно видеть боль твою и ст[C]ы[E]д…
Не [Am]падай! Я прошу тебя, не п[Dm]адай!
Как тр[F]удно будет вс[E]ё потом заб[Am]ыть![E]

Пр. Я [Am]научу тебя лет[Dm]ать! Я [G]научу тебя служ[C]ит[E]ь!
       Я [Am]научу тебя страд[Dm]ать! Я н[G]аучу теб[E]я люб[Am]ить![E]

2. Орлёнок из гнезда шагает смело, 
Не понимая страха высоты.
Летать пока ещё он не умеет,
И нет в его движеньях красоты…

3. Не падай! Я прошу тебя, не падай!
Пусть ветер станет силой для крыла!
Ты обновишься в этой силе славой
Прекрасного и взрослого орла!

Пр. Я научу тебя летать! Я научу тебя служить!
       Я научу тебя страдать! Я научу тебя любить!
       Я научу тебя мечтать! Я научу тебя терпеть!
       Я научу тебя не лгать! Я научу тебя гореть!";;;;
0055;55;Переплакана трава;Огненный ветер;Am;3;;4/4;;;V1 V2 V3;Огненный ветер (аккорды);;;;;"1.Переплакана трава росной россыпью.
Уходила ночь по лугу лёгкой поступью.
Села в лодку на реке одинокую, –
Захотелось проводить черноокую! – 2р.

2. Громко крикнуть ей вослед: « До свидания!»,
И рукою помахать на прощание.
Помешали петухи, загорланили…
Леденцами в вышине звёзды таяли…- 2р.

3.Пусть полынь-печаль уйдёт, как чиста слеза,
А в душе растопит лёд Божья красота!
Наливается рассвет спелой ягодой,
Обнимая небосвод яркой радугой! – 2р.";"
[Am]1.П[G]ереплака[Am]на трава росно[G]й россыпь[Am]ю.
[G]Ух[Am]одила ночь по [G]лугу лёг[Am]кой поступью.
[Dm]Села в лодку на р[E]еке од[Am]инокую, –[F]
[Dm]Захотелось провод[E]ить черноокую![Am] – 2р.

2. Громко крикнуть ей вослед: « До свидания!»,
И рукою помахать на прощание.
Помешали петухи, загорланили…
Леденцами в вышине звёзды таяли…- 2р.

3.Пусть полынь-печаль уйдёт, как чиста слеза,
А в душе растопит лёд Божья красота!
Наливается рассвет спелой ягодой,
Обнимая небосвод яркой радугой! – 2р.";;;;
0056;56;На Востоке (Мал. 4);Огненный ветер;;3;;4/4;;;V1 C V2 V3;Огненный ветер (аккорды);;;;;1. На Востоке всходит         Солнце Твоей правды!Исцеление в лучах его!Сердце птицей бьётся, страхом наполняясь,Перед славой света Твоего!Пр. Мой Господь! Мой Иисус!       День идёт пылающий как печь!      Мой Господь! Сильный Бог!       Держишь Ты надёжно острый меч!2. Попалит солому гордости, нечестия!И не будет корня и ветвей!Прах на землю ляжет, словно пыль дороги!Это будет славный судный день!3. Обратитесь сердцем, славой наполняясь,Все отцы и дети меж собой! Помните законы, все рабы святые!И трубите громкою трубой!;{title: На Востоке (Мал. 4)}{key: C}{capo: +3}[V1][C]На Востоке всх[F]одит[G]         [C]Солнце Твоей [F]правды![G][C]Исцелен[F]ие в лучах [C]его![G]Сердце птицей бьётся, страхом наполняясь,Перед славой света Твоего![C]Мой Госп[C]одь! Мой Иис[F]ус!      Д[C]ень идёт пыл[G]ающий как п[C]ечь!      Мой Господь! Сильный Бог!       Держишь Ты надёжно острый меч![V2]Попалит солому гордости, нечестия!И не будет корня и ветвей!Прах на землю ляжет, словно пыль дороги!Это будет славный судный день![V3]Обратитесь сердцем, славой наполняясь,Все отцы и дети меж собой! Помните законы, все рабы святые!И трубите громкою трубой!;;;;
0057;57;Я хочу познать Тебя, мой Бог;Огненный ветер;Am;3;;4/4;;;V1 C V2;Огненный ветер (аккорды);;;;;"1.Я хочу познать Тебя, мой Бог Иисус!
Я хочу познать Твою любовь и святость!
Я хочу поцеловать Твоё лицо
И почувствовать твоё дыхание!

 Пр. Сладкие слова в душе рождаются,
         Нежный звук слетает с губ моих!
         Божья слава в сердце отражается:
         Ты зовёшь в объятия Свои!

2.Я иду вслед за Тобою по Твоим следам!
Я несу благословений чистоту и радость!
Никому свою любовь к Тебе я не отдам:
Ты один, Господь Иисус, её навек имеешь!";"
[Am]1.Я хочу познать Тебя, мой Б[Dm]ог Иисус!
[G]Я хочу познать Твою любов[E]ь и святость!
[Am]Я хочу поцеловать Твоё[Dm] лицо
[G]И почувствовать твоё дыха[E]ние!

[Am] Пр. Сладкие слова в душе рождаются[Dm],
[G]         Нежный звук слета[C]ет с [E]губ моих!
[Am]         Божья слав[Dm]а в сердце отражается:
[G]         Ты зовёш[E]ь в объятия Свои!

2.Я иду вслед за Тобою по Твоим следам!
Я несу благословений чистоту и радость!
Никому свою любовь к Тебе я не отдам:
Ты один, Господь Иисус, её навек имеешь!
";;;;
0058;58;Огненный ветер;Огненный ветер;Am;1;;4/4;;;V1 C V2;Огненный ветер (аккорды);;;;;"1.Огненный ветер рождается в церкви,
Огненный ветер Божьей любви!
Им наполняется каждое сердце,
Сердце святое в завете крови!

Пр. Мой Бог! Всем сердцем моля,
       Мы ждём пламя огня Твоей любви, Твоей крови!
       Став все новым огнём, мы жизнь людям несём!
       Мы – миру свет и соль земли!
       На-на-на…

2. Огненный ветер несётся по свету,
Огненный ветер нашей любви!
В Духе Святом обжигая планету,
Станем служить мы народам земли!";"
[Am]1.Огненный ветер рождается в церк[G]ви,
[F]Огненный ветер Божьей любви![G]
[Am]Им наполняется каждое серд[G]це,
[F]Сердце святое в завете крови[G]!

[Am]Пр. Мой Бог! Всем серд[G]цем моля,
[F]       Мы ждём п[G]ламя огня Твоей любви,[F] Твоей крови![G][Am]
[Am]       Ста[G]в все новым огнём, мы [F]жизнь людям несём[G]!
[F]       Мы – [G]мир[Am]у свет и соль земли!
[Am]   [G]  [F]  [G]На-на-на…

2. Огненный ветер несётся по свету,
Огненный ветер нашей любви!
В Духе Святом обжигая планету,
Станем служить мы народам земли!
";;;;
0059;59;Как овцы были мы;Огненный ветер;Am;3;;4/4;;;V1 C V2 V3;Огненный ветер (аккорды);;;;;"1. Как овцы были мы в Твоих стадах,
Паслись на пажитях Твоих зелёных.
Чиста вода была в Твоих прудах, 
Земля Твоя была Землёй влюблённых.
Все совратились с Твоего пути, 
Ушли блуждать все по своим дорогам,
И суррогатом призрачной любви 
Все упивались, оскорбляя Бога!
Пр. Иисус - святой и чистый Божий Сын!
       Иисус, Ты возлюбил погибших!
       Иисус Своею кровью заплатил
       За нас, чтоб мы с тобой ожили!
2. Не знали мы, где истина, где ложь,
И мрака тьму мы называли светом…
От похоти испытывая дрожь, 
Мы заключали с дьяволом заветы.
В Твоих садах испорчен виноград,
И в диких ягод пыль мы превратились…
Земля растлилась и всё ближе ад
Для тех людей, кто отвергает милость!
3. Прошли века, пропал из вида крест…
Забыли слов Твоих святых признанья!
И дорогих машин и денег блеск
Нам стал дороже Твоего дыханья…
Прости, Иисус, за всё меня прости:
Я убивал Тебя своею жизнью…
А Ты пришёл и от греха омыл
И выправил судьбы моей кривизны!";"{title: Как овцы были мы}
{key: Am}
{capo: +3}

1. Как овцы б[Am]ыли мы в Твоих ст[Dm]адах,
[E]Паслись на пажитях Твоих з[Am]елёных.[E]
Ч[Am]иста вода была в Тво[Dm]их прудах, 
Земл[E]я Твоя была Землёй влюбл[Am]ённых.
Вс[A7]е совратились с Твоего п[Dm]ути, 
[G]Ушли блуждать все по своим дор[C]огам,
[Am]И суррогатом призрачной л[Dm]юбви 
Вс[E]е упивались, оскорбляя [Am]Бога!
Пр. [Dm]Иисус - святой и чистый [E]Божий Сын!
       Иисус, Ты возлюбил пог[Am]ибших!
       [Dm]Иисус Своею кровью [E]заплатил
       За нас, чтоб мы с тобой [Am]ожили!
2. Не знали мы, где истина, где ложь,
И мрака тьму мы называли светом…
От похоти испытывая дрожь, 
Мы заключали с дьяволом заветы.
В Твоих садах испорчен виноград,
И в диких ягод пыль мы превратились…
Земля растлилась и всё ближе ад
Для тех людей, кто отвергает милость!
3. Прошли века, пропал из вида крест…
Забыли слов Твоих святых признанья!
И дорогих машин и денег блеск
Нам стал дороже Твоего дыханья…
Прости, Иисус, за всё меня прости:
Я убивал Тебя своею жизнью…
А Ты пришёл и от греха омыл
И выправил судьбы моей кривизны!";;;;
0060;60;Любовь Христа в тебе;Огненный ветер;Am;3;;4/4;;;V1 C;Огненный ветер (аккорды);;;;;"1.Любовь Христа в тебе, любовь Христа во мне,
Любовь Христа вовек живёт!
Любовь всегда идёт, Она не устаёт
Любить живущих на земле!
Любовь Христа всегда, как яркая звезда,
Что светит сбившимся с пути!
Она тебя зовёт и в Доме Отчем ждёт,
Там можешь ты её найти!
Пр. Бог любви, и надежды, и веры твоей
      Ждёт тебя! Отзовись на любовь поскорей!
      Как огонь та любовь вдруг тебя обожжёт!
      Силу даст, в Небеса за собой позовёт!
Любовь Христа в тебе, любовь Христа во мне,
Любовь Христа вовек живёт!
Любовь всегда идёт, Она не устаёт
Любить живущих на земле!";"[Am]1.Любовь Христа в тебе, любовь Христа во мне,
[Dm]Любовь[E] Христа в[Am]овек живё[E]т!
[Am]Любовь всегда идёт, Она [F]не устаёт
[Dm]Любить ж[E]ивущих [Am]на зем[G]ле!
[C]Любовь Христа всегда, как яркая звезда,
[G]Что светит сбившимся с пути!
[Dm]Она тебя зовёт и в Доме Отчем ждёт,
[F]Там можешь ты [E]её найти!
[Dm]Пр. Бог любви,[F] и надежды, и веры твоей[E]
[Dm]      Ждёт [F]тебя! Отзовись на любовь поскорей![E]
[F]      Как огонь [Dm]та любовь вдруг те[E]бя обожжёт![Am][C]
[Dm]      Силу даст,[E] в Небеса за собой позовёт[Am]!
[Am]Любовь Христа в тебе, любовь Христа во мне,
[Dm]Любовь Христа вов[E]ек живёт!
[Dm]Любовь всегда идёт, Она [F]не устаёт
[Dm]Любить ж[E]ивущих н[Am]а земле!";;;;
0061;61;Когда ночью к Тебе взываю;Огненный ветер;Am;3;;4/4;;;V1 C V2 V3;Огненный ветер (аккорды);;;;;"1. Когда ночью   к Тебе взываю,
С уст слетает моя хвала!
Птицей в небе   ей быть желаю,
Над землёй чтоб она плыла!

Пр. «Люблю Тебя!   Люблю Тебя!
Мой Царь, мой Бог   и мой Господь!» 2р.

2. Когда сердце в душе стенает,
Когда в двери стучит беда,
Среди бури я восхваляю:
«О, Иисус мой, люблю Тебя!»

3. Враг стремится убить стрелою,
Только Ты оживляешь вновь!
Всё проходит, но остаётся
Неизменной Твоя Любовь!";"
[Am]1. Ко[E]гда ночью   к Тебе в[Am]зываю,
[Dm]С уст сл[E]етает м[Am]оя хва[E]ла!
[Am]Птиц[E]ей в небе   ей быть [Am]желаю,
[Dm]Над землёй что[E]б она плы[Am]ла![A7]

[Dm]Пр.[G] «Люблю Тебя!   Люб[C]лю Те[F]бя!
[Dm]Мой[E] Царь, мой Бог   и [Am]мой Господь!» 2р.

2. Когда сердце в душе стенает,
Когда в двери стучит беда,
Среди бури я восхваляю:
«О, Иисус мой, люблю Тебя!»

3. Враг стремится убить стрелою,
Только Ты оживляешь вновь!
Всё проходит, но остаётся
Неизменной Твоя Любовь!";;;;
0062;62;В сердце Христа;Огненный ветер;Am;5;;4/4;;;V1 C V2 V3 C;Огненный ветер (аккорды);;;;;"
1.Сердце Христа – сердце Отца,
Сердце большой любви!
В Нём я сокрыт, в Нём я омыт,
В Нём я всегда храним!

Пр. Люблю Тебя! Люблю Тебя!
       Люблю Тебя, Иисус!-2р.

2. Сердце Твоё чище снегов,
Чище потоков вод!
Через года, через века
В Царство Твоё зовёт!

3. Нет больше слов, нет больше снов:
Стал Ты моей судьбой!
Вместе со мной Ангелов хор
Славят Твою Любовь!

Пр. «Любовь моя! Любовь моя!
       Любовь моя! Иисус!»

В Dm(+0): Dm C Dm – 2, Gm Am Dm
";"{title: В сердце Христа}
{key: Am}
{capo: +5}


[Am]1.С[E]ердце [Am]Христа – с[E]ердц[Am]е Отца,
[Dm]Сердце больш[E]ой л[Am]юбви![E]
В [Am]Нём [E]я с[Am]окрыт, в Нём [E]я ом[Am]ыт,
В [Dm]Нём я вс[E]егда хр[Am]аним![E]

Пр. Л[Am]юбл[E]ю Теб[Am]я! Любл[E]ю Теб[Am]я!
       [Dm]Люблю Теб[E]я, И[Am]исус!-2р.

2. Сердце Твоё чище снегов,
Чище потоков вод!
Через года, через века
В Царство Твоё зовёт!

3. Нет больше слов, нет больше снов:
Стал Ты моей судьбой!
Вместе со мной Ангелов хор
Славят Твою Любовь!

Пр. «Любовь моя! Любовь моя!
       Любовь моя! Иисус!»

В Dm(+0): Dm C Dm – 2, Gm Am Dm
";;;;
0063;63;Молясь Отцу;Огненный ветер;Am;2;;4/4;;;V1 C V2 C;Огненный ветер (аккорды);;;;;"
1.Молясь Отцу, в душе кричу: «Молю Тебя я за людей!
Не дай отдать их палачу, моих родных, моих друзей!»

Пр. Взлетят, кто в этой жизни выбрал крылья…
      Сгорят, кто выбирает смертный ад…
      Не дай погибнуть всем моим любимым!
      Не дай вкусить проклятья горький яд!

2.Тяжёл Твой крест, и не всегда легко идти Твоим путём…
Но верю я Твоим словам: «Спасёшься ты и весь твой дом!»

Пр. Не дай, чтоб мне ножом срезали крылья!
       Твори Своим огнём мою судьбу!
       Молю, лишь об одном Тебя молю я:
      «Спаси всех тех, кого я так люблю!»";"{title: Молясь Отцу}
{key: Am}
{capo: +2}


1.Молясь [Am]Отцу, в д[Dm]уше кричу: «М[E]олю [Am]Тебя я за людей!
Не дай [Dm]отдать их пал[E]ачу, моих [Am]родных, [E]моих друзей!»

Пр. Взлет[Am]ят, кто в этой жизни выбрал [Dm]крылья…
      Сг[G]орят, кто в[C]ыб[E]ирает смертный ад…
      Не [Am]дай погибнуть [Dm]всем моим любимым!
      Не [G]дай [E]вкусить проклятья г[Am]орький яд!

2.Тяжёл Твой крест, и не всегда легко идти Твоим путём…
Но верю я Твоим словам: «Спасёшься ты и весь твой дом!»

Пр. Не дай, чтоб мне ножом срезали крылья!
       Твори Своим огнём мою судьбу!
       Молю, лишь об одном Тебя молю я:
      «Спаси всех тех, кого я так люблю!»";;;;
0064;64;Раскрылись зонтики;Огненный ветер;Am;3;;4/4;;;V1 V2 V3 V4 V5;Огненный ветер (аккорды);;;;;"1.Раскрылись зонтики печальные дождей,
И безвозвратно лето уходило.
Всё чаще о прощании говорило 
Молчание озябших тополей…

2.В бездонных лужах тонут облака,
У мокрых листьев скорбные портреты…
В осенний бархат снов переодеты 
Угрюмые речные берега.

3.И ностальгию  поседевших дней,
И наготу тоскующей аллеи
Укроет воздух дивной акварели, 
Набросив шарф танцующих теней…

4.Картину пишут Ангелы Творца,
И благодать они творят рукою Бога…
И в вечность пролагается дорога
Через любовь Небесного Отца!

5.Лишь поездов изменчивая стая
Несётся вновь во времени ином…
Туда, где осень плачет под окном,
С дождём на землю яблоки роняя…";"{title: Раскрылись зонтики}
{key: Am}
{capo: +3}

1.Р[Am]аскрылись зонт[Dm]ики печальн[F]ые дождей,[E]
И безвозвр[Dm]атно [F]лето уход[E]ило.
[Dm]Всё чаще о [G]прощании г[C]овор[F]ило 
[Dm]Молчани[F]е озябших т[E]ополей…

2.В бездонных лужах тонут облака,
У мокрых листьев скорбные портреты…
В осенний бархат снов переодеты 
Угрюмые речные берега.

3.И ностальг[Dm]ию  [E]поседевших [Am]дней,
И [Dm]наготу тоск[G]ующей алл[C]еи[A7]
Укроет в[Dm]оздух д[G]ивной аквар[C]ел[F]и, 
Набросив ш[Dm]арф танц[F]ующих тен[E]ей…

[Dm]4.Карт[F]ину пишут Анг[E]елы Творца,
[Dm]И благ[G]одать [C]они [A7]творят рукою Бога…
И в в[Dm]ечн[G]ость пр[C]олаг[F]ается дорога
Через люб[Dm]овь Неб[F]есного Отц[E]а!

[Dm]5.Лишь [F]поездов [E]изменчивая стая
Нес[Dm]ётся вновь во [F]времени [E]ином…
Туда, где [Dm]осень пл[G]ачет п[C]од окн[F]ом,
С [Dm]дождём на землю [FE]яблоки рон[EAm]яя…";;;;
0065;65;Это время ночи, это время битвы;Огненный ветер;Am;3;;4/4;;;V1 C V2 C;Огненный ветер (аккорды);;;;;"1.Это время ночи, это время битвы,
Это время Слова и молитвы!
Это время скорби, это время плача!
Пред тобой стоит одна задача:

Пр. Не спи! Елей приходит с Неба!
       Ищи живой воды и хлеба!
       Зажги светильник свой горящий!
       Возвысь свой глас в ночи звучащий!

2.Это время света, это время смеха,
Благодати время и успеха!
Это время песен, это время танцев,
Ликованья время, время счастья!

Пр. Не спи! Господь приходит с Неба!
       Ищи Его воды и хлеба!
       Не спи! А то совсем замерзнешь!
       Не спи! Ты еще много можешь!";"
[Am]1.Это время ночи, это вр[G]емя битвы,
[Dm]Это время Слова и молитв[Am]ы!
[G]Это время скорби, это время плача!
[F]Пред тобой стоит одна задача:[E]

[Dm]Пр. Не спи! Елей пр[F]иходит с Неба!
[Dm]       Ищи живой во[F]ды и хлеб[E]а!
[Dm]       Зажги светильник с[F]вой горящий!
[Dm]       Возвысь свой глас в [F]ночи звучащий![E]

2.Это время света, это время смеха,
Благодати время и успеха!
Это время песен, это время танцев,
Ликованья время, время счастья!

Пр. Не спи! Господь приходит с Неба!
       Ищи Его воды и хлеба!
       Не спи! А то совсем замерзнешь!
       Не спи! Ты еще много можешь!";;;;
0066;66;За кромкой тоненького льда;Огненный ветер;Am;5;;4/4;;;V1 C V2 C;Огненный ветер (аккорды);;;;;"
1. За кромкой тоненького льда
Воды прозрачной бьётся жилка;
Ещё жива в ней теплота, и тает первая снежинка…
Ещё трепещет на ветру упрямый листик тополиный, 
Ещё годится к пирогу начинка с горечью калины;

Пр. Осень рисует краской солнца златого блеск…
       Воздух пропитан лаской нежных твоих Небес!

2.Ещё врывается во сны ромашек светлая орава,
Ещё до снежной белизны не смыты руки от загара,
А солнце, пусть и устаёт, ещё не скупо на приветы!
И в памяти ещё живёт, ещё живёт шальное лето!

 Пр. Божьих лучей мерцанье льётся с Твоих Небес!
       Дарит любви признанье детям Своим Отец! ";"{title: За кромкой тоненького льда}
{key: Am}
{capo: +5}


1. За кр[Dm]омкой тон[F]енького льда[E]
Вод[Dm]ы прозр[E]ачной бьётся [Am]жилка;
[Dm]Ещё ж[F]ива в ней тепл[E]ота, и [Dm]тает [E]первая сн[Am]ежинка…
[Dm]Ещё треп[F]ещет на в[E]етру [Dm]упрямый [E]листик топ[Am]олиный, 
[Dm]Ещё год[F]ится к пир[E]огу н[Dm]ачинка с [E]горечью к[Am]алины;

Пр. [Dm]Осень [E]рисует [Am]краской [Dm]солнц[E]а златого [Am]блеск…
       [Dm]Воздух [E]пропитан [Am]лаской [Dm]нежн[E]ых твоих [Am]Небес!

2.Ещё врывается во сны ромашек светлая орава,
Ещё до снежной белизны не смыты руки от загара,
А солнце, пусть и устаёт, ещё не скупо на приветы!
И в памяти ещё живёт, ещё живёт шальное лето!

 Пр. Божьих лучей мерцанье льётся с Твоих Небес!
       Дарит любви признанье детям Своим Отец! ";;;;
0067;67;Нас наполняет любовь;Огненный ветер;Am;2;;4/4;;;V1 C V2 C V3;Огненный ветер (аккорды);;;;;"1. Нас наполняет любовь, и водопадом огней
Чистых Твоих нежных слов мы растворяемся в ней!

Пр. Сердце! Сердце! Бьётся сердце!
       Мы – Твои! Мы кровь Твоя навеки!
       Сердце! Сердце! Бьётся сердце!
       Мы – Твои! Ты наш Святой Господь!
       (Мы – Твои! Мы ждём тебя, Господь!)

2.Вся земля поёт! Вся земля поёт! Вся земля поёт Тебе!
Вся земля поёт! Свадьбы нашей ждёт! Вся земля поёт Тебе!

Пр. Сердце! Сердце! Бьётся сердце!
       Мы – Твои! Мы кровь Твоя навеки!
       Сердце! Сердце! Бьётся сердце!
       Мы – Твои! Ты наш Святой Господь!
       (Мы – Твои! Мы ждём тебя, Господь!)

3. Нас наполняет любовь, и водопадом огней
Чистых Твоих нежных слов мы растворяемся в ней!";"
[Am]1. Нас нап[Dm]олня[E]ет любовь, и водопадом о[Am]гней[E]
[Am]Чистых Твои[Dm]х не[E]жных слов мы раствор[Am]яемся в ней!

[Dm]Пр. Се[G]рдце! Сердце! [Am]Бьётся се[F]рдце!
[Dm]       Мы – Тво[E]и! Мы кровь Твоя на[Am]веки!
[Dm]      [G] Сердце! Сердц[C]е! Бьётся с[F]ердце!
[Dm]       Мы [E]– Твои! Ты наш Святой Гос[Am]подь!
       (Мы – Твои! Мы ждём тебя, Господь!)

[Am]2.Вся земля поёт! Вся[Dm] земля поёт! Вся земля поёт Тебе!
[G]Вся земля поёт! Свадьбы[E] нашей ждёт! Вся земля поёт Тебе!

Пр. Сердце! Сердце! Бьётся сердце!
       Мы – Твои! Мы кровь Твоя навеки!
       Сердце! Сердце! Бьётся сердце!
       Мы – Твои! Ты наш Святой Господь!
       (Мы – Твои! Мы ждём тебя, Господь!)

3. Нас наполняет любовь, и водопадом огней
Чистых Твоих нежных слов мы растворяемся в ней!";;;;
0068;68;Лучше быть;Огненный ветер;Am;4;;4/4;;;V1 C V2 V3 C;Огненный ветер (аккорды);;;;;"
1.Лучше быть,  как весенний снег,
Лучше жить,   продолжая бег,
Чем упасть, как осенний лист,
На асфальт опустившись вниз!

 Пр. Ты прости нас Отец,  Бог святой!
         Разучились мы петь  и жить Тобой!
         Мы не видим Твою    радугу,
         Мы украли Твою   музыку! 

2. Лучше петь, как в последний раз, 
Лучше знать, что придёт тот час, -
На земле совершится суд!
Без любви люди все умрут!

3.Лучше быть жертвой на кресте, 
Лучше быть в пламенном огне,
Чем греху верным другом быть,
Перестать верить и любить!

Пр. Ты прости нас, Отец, Бог святой!
       Будем снова мы петь и жить Тобой!
       Засияет Твоя радуга!
       Полетит над землёй музыка! ";"{title: Лучше быть}
{key: Am}
{capo: +4}


1.Лучш[Am]е быть,  [Dm]как [E]весенний снег,[Am]
Лучше [Dm]жить[E],   продолжа[Am]я бег,[A7]
Чем [Dm]упасть, [G]как осенний [C]лист,[F]
На асф[Dm]альт [E]опустившись [Am]вниз![A7]

 Пр. Ты прости нас [Dm]Отец,  [G]Бог свят[C]ой![Am]
         Разучились мы [Dm]петь  [E]и жить Тоб[Am]ой!
         [A7]Мы не видим [Dm]Тво[G]ю    рад[C]угу,[F]
         Мы украли Тв[Dm]ою   [E]музык[Am]у! 

2. Лучше петь, как в последний раз, 
Лучше знать, что придёт тот час, -
На земле совершится суд!
Без любви люди все умрут!

3.Лучше быть жертвой на кресте, 
Лучше быть в пламенном огне,
Чем греху верным другом быть,
Перестать верить и любить!

Пр. Ты прости нас, Отец, Бог святой!
       Будем снова мы петь и жить Тобой!
       Засияет Твоя радуга!
       Полетит над землёй музыка! ";;;;
0069;69;Не поднимайте руки на Христа;Огненный ветер;Am;4;;4/4;;;V1 V2 V3 V4;Огненный ветер (аккорды);;;;;"1.Не поднимайте руки на Христа,
Ведь вы Его давно уже распяли.
Но возносите руки к Небесам,
Которые Отец простер над вами!

2. Не обижайте тех, кто служит вам,
Они за вас сражаются до крови!
Не причиняйте вы им лишних ран,
Не причиняйте вы им лишней боли.

3. Не забывайте Божьих сыновей,
Через Христа мы породнились кровью.
Нет никого на свете нам родней
Его семьи, наполненной любовью!

4. Зеркально чист у Бога тронный зал,
Там все стоять мы будем очень скоро!
Там будет пир и будет первый бал
И брачный танец с Женихом у трона!";"
[Am]1.Не поднимайте руки на Христа,[E][Am]
[E]Ведь вы Его давно[Am] уже распяли.
[A7]Но возносите руки к Небесам,[Dm]
[Am]Которые Отец про[E]стер над вами![Am]

2. Не обижайте тех, кто служит вам,
Они за вас сражаются до крови!
Не причиняйте вы им лишних ран,
Не причиняйте вы им лишней боли.

3. Не забывайте Божьих сыновей,
Через Христа мы породнились кровью.
Нет никого на свете нам родней
Его семьи, наполненной любовью!

4. Зеркально чист у Бога тронный зал,
Там все стоять мы будем очень скоро!
Там будет пир и будет первый бал
И брачный танец с Женихом у трона!";;;;
0070;70;Тебя Я столетия ждал;Огненный ветер;Am;3;;4/4;;;V1 C V2 C;Огненный ветер (аккорды);;;;;"1. Тебя Я     столетия ждал и в правде Себе обручил,
Своею Невестой назвал! Тебе Я     Себя подарил!

Пр. Утру Своей рукой      слезу с Твоих очей
       И сердце исцелю     любовью Я Своей!
       Все тяжести стряхну,     расторгну бремена!
       От смерти сохраню,     Любимая Моя!

2. Небесной водой окроплю
Подошвы израненных ног,
Что с вестью благою прошли
Всю землю, где правит наш Бог!

Пр. Утру Своей рукой слезу с Твоих очей
       И сердце исцелю любовью Я Своей!
       Все тяжести стряхну, расторгну бремена!
       От смерти сохраню, Любимая Моя!
       (Тебя навек люблю, Любимая Моя!)";"
[Am]1. Те[E]бя Я     столетия жда[Am]л и в правде Себе обручил,[Dm]
[G]Своею Невестой назвал! Теб[Dm]е Я     С[G]ебя по[E]дарил![Am]

[Dm]Пр. Утру Сво[G]ей рукой      слезу с[C] Твоих очей[F]
[Dm]       И[E] сердце исцелю     [Am]любовью Я Своей!
[Dm]       Все тяжес[G]ти стряхну,     расторгн[C]у бремена![F]
[Dm]       От с[E]мерти сохраню,  [Am]   Любимая Моя!

2. Небесной водой окроплю
Подошвы израненных ног,
Что с вестью благою прошли
Всю землю, где правит наш Бог!

Пр. Утру Своей рукой слезу с Твоих очей
       И сердце исцелю любовью Я Своей!
       Все тяжести стряхну, расторгну бремена!
       От смерти сохраню, Любимая Моя!
       (Тебя навек люблю, Любимая Моя!)";;;;
0071;71;Ты прости, что так мало к Тебе я взывал;Огненный ветер;Am;3;;4/4;;;V1 C V2;Огненный ветер (аккорды);;;;;"1. Ты прости, что так мало к Тебе я взывал,
Ты прости, что так часто не там я искал
Той любви, что имеешь один только Ты!
Ты прости, что так часто на месте стоял,
Ты прости, что Тебя я страдать заставлял
И слова Твоих истин бросал за себя!

Пр. Мне нужна Твоя сила, и любовь, и надежда!
       Мне нужна Твоя святость, мой Бог! О, мой Бог!
       Мне нужна Твоя вера, благодать и спасенье!
       Мне нужна Твоя вечность с Тобою, мой Бог!

2.Только Ты можешь в жизни моей изменить
Те пути, где растратил я вечную жизнь!
И вернуть всё, что дьявол украл у меня!
Только Ты можешь новую жизнь подарить!
Только Ты можешь сердце большое вложить
В пустоту, что в груди чёрной бездной была!";"
[Am]1. Ты прости, что так мало к Теб[E]е я взывал,[Am]
[Dm]Ты прости, что так часто не там я искал
[E]Той любви, что имеешь один только Ты!
[Am]Ты прости, что так часто на мест[E]е стоял,[Am]
[Dm]Ты прости, что Тебя я страдать заставлял
[E]И слова Твоих истин бросал за себя!

[Am]Пр. Мне нужна Твоя сила, и люб[F]овь, и надежда!
[Dm]       Мне нужна Твоя святость, мой Бог! О, мой Бог![E]
[Am]       Мне нужна Твоя вера, бла[F]годать и спасенье!
[Dm]       Мне нужна Твоя вечность с Тобою, мой Бог![E]

2.Только Ты можешь в жизни моей изменить
Те пути, где растратил я вечную жизнь!
И вернуть всё, что дьявол украл у меня!
Только Ты можешь новую жизнь подарить!
Только Ты можешь сердце большое вложить
В пустоту, что в груди чёрной бездной была!
";;;;
0072;72;Всё, что было раньше;Огненный ветер;Am;4;;4/4;;;V1 C V2 V3 C;Огненный ветер (аккорды);;;;;"
1.Всё, что было раньше, - оказалось фальшью…
Как же можно дальше жить без Тебя?!
Ты пришёл на землю, и теперь я верю:
Стал моим спасеньем Ты для меня!

Пр. Бог! Иисус Христос Спаситель!
       Стал моей судьбой и жизнью,
       C                                             E (2 F   E)
       И открыл ключом Давида дверь в Небеса!

2.Кровью бьётся сердце, словно ищет дверцу
Из огромной клетки страшной тюрьмы,
Где не знают люди, что с их жизнью будет,
Где не ищут счастья вечной любви!

3.Столько было много разных кривотолков:
Ты ли – Тот Мессия? Или Ты – лжец?
Не могу молчать я, но хочу кричать я
Городам и странам: «Знаю: Ты есть -

Пр. Бог! Иисус Христос Спаситель!
       Стал моей судьбой и жизнью,
       И открыл ключом Давида дверь в Небеса!»";"{title: Всё, что было раньше}
{key: Am}
{capo: +4}


1.Вс[Am]ё, что было раньше, - [C]оказалось фальшью…
К[F]ак же можно дальше [E]жить без Тебя?!
Т[Am]ы пришёл на землю, [C]и теперь я верю:
Ст[F]ал моим спасеньем [E]Ты для меня!

Пр. [Am]Бог! Иисус Христос Спаситель!
       Ст[F]ал моей судьбой и жизнью,
       C                                             E (2 F   E)
       И открыл ключом Давида дверь в Небеса!

2.Кровью бьётся сердце, словно ищет дверцу
Из огромной клетки страшной тюрьмы,
Где не знают люди, что с их жизнью будет,
Где не ищут счастья вечной любви!

3.Столько было много разных кривотолков:
Ты ли – Тот Мессия? Или Ты – лжец?
Не могу молчать я, но хочу кричать я
Городам и странам: «Знаю: Ты есть -

Пр. Бог! Иисус Христос Спаситель!
       Стал моей судьбой и жизнью,
       И открыл ключом Давида дверь в Небеса!»";;;;
0073;73;Как желает лань (Пс.42);Огненный ветер;Am;3;;4/4;;;V1 V2 V3 V4;Огненный ветер (аккорды);;;;;"
1.Как желает лань живых потоков вод,
Так Тебя желает, Бог, душа моя!
Кто слезу с моих очей рукой утрёт 
И подарит радость сердца для меня!

2. Что унываешь ты во мне, душа моя,
И что смущаешься, как будто Бога нет?
Любви и милости Его полна земля! 
И только в Нём на все вопросы есть ответ!

3. Как бездна бездну призывает водопад,
Взывая к Богу избавленья моего!
Я буду славить Господа в виду врагов
И уповать вовеки только на Него! 

4.Как желает лань живых потоков вод,
Так Тебя желает, Бог, душа моя!
Кто слезу с моих очей рукой утрёт 
И подарит радость сердца для меня!";"{title: Как желает лань (Пс.42)}
{key: Am}
{capo: +3}


1.Как желает [Am]лань живых [Dm]потоков вод,[E]
Так Т[Am]ебя желает, [Dm]Бог, душа мо[E]я!
Кто сл[Dm]езу с моих [Gm]очей рукой [A7]утрёт 
И под[Am]арит радость [Dm]сердца [E]для м[Am]еня!

2. Что унываешь ты во мне, душа моя,
И что смущаешься, как будто Бога нет?
Любви и милости Его полна земля! 
И только в Нём на все вопросы есть ответ!

3. Как бездна бездну призывает водопад,
Взывая к Богу избавленья моего!
Я буду славить Господа в виду врагов
И уповать вовеки только на Него! 

4.Как желает лань живых потоков вод,
Так Тебя желает, Бог, душа моя!
Кто слезу с моих очей рукой утрёт 
И подарит радость сердца для меня!";;;;
0074;74;Открыты для меня;Огненный ветер;Am;3;;4/4;;;V1 C V2 V3;Огненный ветер (аккорды);;;;;"
1.Открыты для меня все тайны бытия,
И лишь сокрыты мне пути в моей судьбе!

Пр. Великий Бог! Чудесный Бог!
       Отныне нет вины!
       Ты всех людей от смерти спас,
       Теперь свободны мы!

2.Хочу Тебя любить, хочу Тобою жить!
Познать Твои пути и за Тобой идти!

3. Был верен до конца желаниям Отца
Лишь только Ты, Иисус!
К Тебе, мой Бог, стремлюсь!

";"{title: Открыты для меня}
{key: Am}
{capo: +3}


1.Откр[Am]ыты для меня все тайн[Dm]ы быт[E]ия,[Am]
И л[F]ишь сокрыты мне пут[Dm]и в м[E]оей судьб[Am]е![E]

Пр. Вел[A7]икий Бог! Чуд[Dm]есный Бог!
       Отн[G]ыне нет вин[C]ы!
       Ты вс[F]ех людей от [Dm]смерти спас,
       Теп[E]ерь свободны [Am]мы!

2.Хочу Тебя любить, хочу Тобою жить!
Познать Твои пути и за Тобой идти!

3. Был верен до конца желаниям Отца
Лишь только Ты, Иисус!
К Тебе, мой Бог, стремлюсь!

";;;;
0075;75;Я без Тебя;Огненный ветер;Em;3;;4/4;;;V1 C V2 C;Огненный ветер (аккорды);;;;;"
1.Я без Тебя – только прах и песок!
Ты, только Ты светом стать мне помог!
Ты, только Ты мне помог солью стать,
Как же теперь я могу не сказать:

Пр. «Пробудитесь, все спящие люди земли,
       И поправьте в светильниках ваши огни!
       Вот уж полночь приблизилась! В тёмной ночи                     
       Жениха долгожданного слышно шаги!»

2.Мир без Тебя для меня стал врагом!
Ты, только Ты правишь в сердце моём!
Волю Твою я хочу познавать! 
Знаю, что  всем Ты желаешь сказать:

Пр. «Вы друзья Мои верные, дети Мои!
    Так идите ж с Посланием к краю земли:
    «Вот уж полночь приблизилась! В тёмной ночи
     Жениха долгожданного слышно шаги!»

    «Пробудитесь, все спящие люди земли,
     И поправьте в светильниках ваши огни!
     Вот уж полночь приблизилась! В тёмной ночи
     Жениха ненаглядного слышно шаги!»
";"{title: Я без Тебя}
{key: Em}
{capo: +3}


1.Я [Em]без Тебя – только пр[Am]ах и п[Em]есок![H7]
Т[Em]ы, только Ты светом ст[Am]ать мне пом[Em]ог![H7]
Т[Em]ы, только Ты мне пом[Am]ог солью [Em]стать,[H7]
К[Em]ак же теперь я могу [Am]не сказ[H7]ать:

Пр. «Пр[Em]обудитесь, все [G]спящие л[Am]юди земл[H7]и,
       И поправьте в светильниках ваши огни!
       Вот уж полночь приблизилась! В тёмной ночи                     
       Жениха долгожданного слышно шаги!»

2.Мир без Тебя для меня стал врагом!
Ты, только Ты правишь в сердце моём!
Волю Твою я хочу познавать! 
Знаю, что  всем Ты желаешь сказать:

Пр. «Вы друзья Мои верные, дети Мои!
    Так идите ж с Посланием к краю земли:
    «Вот уж полночь приблизилась! В тёмной ночи
     Жениха долгожданного слышно шаги!»

    «Пробудитесь, все спящие люди земли,
     И поправьте в светильниках ваши огни!
     Вот уж полночь приблизилась! В тёмной ночи
     Жениха ненаглядного слышно шаги!»
";;;;
0076;76;Земля покрыта небесной шалью;Огненный ветер;Am;3;;4/4;;;V1 V2 V3 V4 V5;Огненный ветер (аккорды);;;;;"
1.Земля покрыта небесной шалью, 
Узоров звёздных на небе так много…
А сердце стонет, а сердце плачет: 
Сквозь небо к Богу прорваться жаждет!-2р.

2.В глубинах моря и океана 
Секретов бездны никто не знает…
А сердце стонет, а сердце плачет: 
Глубины Бога познать желает!-2р.

3. Как много разных историй жизни, 
Как много разных людей и судеб!
А сердце стонет, а сердце плачет: 
О Доме Божьем оно ревнует!-2р.

4.Не может птица жить в тесной клетке: 
По синей выси она тоскует! 
А сердце плачет, когда нет Неба, 
И только в Боге оно ликует! -2р.

5. Смотреть с любовью, любить с надеждой,
Как это просто и все же сложно…
И только в Боге на крыльях ветра
Свободной птицей летать возможно! – 2р.
";"{title: Земля покрыта небесной шалью}
{key: Am}
{capo: +3}


1.Земля покр[Am]ыт[E]а небесной [Am]шалью, [E]
Узоров зв[Am]ёздных на небе так мн[A7]ого…
А сердце [Dm]стонет, а сердце [Am]плачет: 
Сквозь небо к Б[E]огу прорваться [Am]жаждет![A7]-2р.

2.В глубинах моря и океана 
Секретов бездны никто не знает…
А сердце стонет, а сердце плачет: 
Глубины Бога познать желает!-2р.

3. Как много разных историй жизни, 
Как много разных людей и судеб!
А сердце стонет, а сердце плачет: 
О Доме Божьем оно ревнует!-2р.

4.Не может птица жить в тесной клетке: 
По синей выси она тоскует! 
А сердце плачет, когда нет Неба, 
И только в Боге оно ликует! -2р.

5. Смотреть с любовью, любить с надеждой,
Как это просто и все же сложно…
И только в Боге на крыльях ветра
Свободной птицей летать возможно! – 2р.
";;;;
0077;77;Небеса поют хвалу;Огненный ветер;Am;3;;4/4;;;V1 C V2;Огненный ветер (аккорды);;;;;"1.Небеса    поют хвалу!
        И земля     Тебе поёт!
        И любовь, как поздний дождь,
        Вдруг с Небес к Тебе придёт! - 2р.

        Пр. Ты - наш Святой Бог! Ты – Всемогущий!
               Ты - Бог надежды, и любви всей Бог!

2. Мне нужны Твои слова, мне нужна Твоя любовь!
А душа в Твоих руках тает словно тонкий лёд. - 2р.";"
[Dm]   [E]    1.Небеса [Am]   поют хвалу!
[Dm]   [E]     И земля [Am]    Тебе поёт!
[A7]        И любовь, как поздний[Dm] дождь,
[Am]        В[E]друг с Не[Am]бес к Тебе пр[(A7)]идёт! - 2р.

[Dm]        Пр. Ты - наш Святой Бог! Т[E]ы – Всемогущий![Am]
[F]               Ты -[Dm] Бог надежды, и лю[E]бви всей Бо[Am]г!

2. Мне нужны Твои слова, мне нужна Твоя любовь!
А душа в Твоих руках тает словно тонкий лёд. - 2р.";;;;
0078;78;Я положу к Твоим ногам;Огненный ветер;Am;3;;4/4;;;V1 C V2 V3;Огненный ветер (аккорды);;;;;"1. Я положу к Твоим ногам
Прекрасный золотой венец!
Пусть нет числа моим врагам,
Ты для меня дороже всех!

Пр. В любви своей склонюсь
       К престолу Твоему
       И сердцем поклонюсь я Богу моему!

2.У каждой песни есть слова,
У каждой ноты – цвет и звук,
Но больше о моей любви
Расскажет только сердца стук!

3.Не всем понятна до конца
Судьбы моей простая нить,
Лишь только Ты один, Иисус,
Даёшь сейчас мне силу жить!";"
[Am]1. Я положу к Твоим ногам[Dm]
[G]Прекрасный золотой [E]венец![Am]
[F]Пусть нет числа моим врагам,[Dm]
[E]Ты для меня дороже всех![Am][E]

[Am]Пр. В любви своей скл[Dm]онюсь
[G]       К прест[C]олу Твоему
[F]       И сердцем поклоню[Dm]сь я Бог[E]у моему![Am]

2.У каждой песни есть слова,
У каждой ноты – цвет и звук,
Но больше о моей любви
Расскажет только сердца стук!

3.Не всем понятна до конца
Судьбы моей простая нить,
Лишь только Ты один, Иисус,
Даёшь сейчас мне силу жить!";;;;
0079;79;Это река;Огненный ветер;Am;3;;4/4;;;V1 C V2 V3 C;Огненный ветер (аккорды);;;;;"1.Это река жизни моей:
Горный поток движется в ней!
Пламя и лёд наполняют её,
Только сейчас ты вдали от неё…

Пр. Тебе сказать желаю: «Тебя я приглашаю
       Познать ту жизнь скорее,
       Войти в неё смелее!»

2. Это река, служенья река,
Не широка, не глубока…
Просто она течёт по камням,
Раны и боли скрываются там…

3. Это река Божьей любви
В силе Его пролитой крови!
Будешь ли ты в этой реке?
Или стоять от неё вдалеке?

Пр. Тебе сказать желаю: «тебя я приглашаю
       Познать любовь скорее, войти в неё смелее!»";"
[Am]1.Это река жизни [Dm]моей:
[E]Горный поток движется в н[Am]ей!
[F]Пламя и лёд наполняют е[Dm]ё,
[E]Только сейчас ты вдали от неё…

[Am]Пр. Тебе сказать жел[Dm]аю: «Тебя [G]я приглашаю[C]
[Am]       Познать ту жизнь с[Dm]корее,
[E]       Войти в неё [Am]смелее!»

2. Это река, служенья река,
Не широка, не глубока…
Просто она течёт по камням,
Раны и боли скрываются там…

3. Это река Божьей любви
В силе Его пролитой крови!
Будешь ли ты в этой реке?
Или стоять от неё вдалеке?

Пр. Тебе сказать желаю: «тебя я приглашаю
       Познать любовь скорее, войти в неё смелее!»";;;;
0080;80;О, мой Бог (Пр. 3);Огненный ветер;;3;;4/4;;;V1 C V2;Огненный ветер (аккорды);;;;;1. О, мой Бог, сильна любовь Твоя! Не боюсь упасть с Тобою я!Облака с небес кропят росой! Изливай Свою любовь рекой!Пр. Премудростью Твоей разверзлись бездны!       Я познаю Тебя во всех путях!       Тебя хочу вкушать, как хлеб небесный!       Моя душа, Господь, в Твоих руках!2. На земле звучит Тебе хвала! В небеса взлетает песнь моя!В ней слова любви моей простой: «О, мой Бог! Как счастлив я с Тобой!»Блажен человек, снискавший разум!Блажен человек, снискавший мудрость! Дороже она камней драгоценных! В руках у неё богатство и слава!;{title: О, мой Бог (Пр. 3)}{key: Am}{capo: +3}[V1][Am]О, мой Бог, [Dm]сильна любовь Тво[E]я![Am]Не боюсь уп[Dm]асть с Тобою [E]я![Dm]Облака с неб[F]ес кропят рос[E]ой! [Dm]Изливай Сво[F]ю любовь рек[E]ой![C]Прем[Am]удростью Тво[Dm]ей разверзлись [E]бездны!       Я [Am]познаю Теб[Dm]я во всех пут[E]ях!       Теб[Am]я хочу вкуш[Dm]ать, как хлеб неб[E]есный!       Мо[F]я душа, Г[Dm]осподь, в Твоих рук[E]ах![V2]На земле звучит Тебе хвала!В небеса взлетает песнь моя!В ней слова любви моей простой: «О, мой Бог! Как счастлив я с Тобой!»Блажен челов[Dm]ек, снискавший р[E]азум!Блажен челов[Dm]ек, снискавший м[E]удрость! Дороже он[Dm]а камней драгоц[Am]енных! В руках у н[F]её богатство и сл[E]ава!;;;;
0081;81;Я стою вдали;Огненный ветер;Am;3;;4/4;;;V1 C V2 V3;Огненный ветер (аккорды);;;;;"1.Я стою вдали от Твоей земли,
Где живут Твои Ангелы!
Я хочу туда, в эти города,
Где могу с Тобой встретиться!

Пр. Пред Тобой я склонюсь,
       Сердцем всем поклонюсь
       И Тебя обниму, мой Иисус!

2.Детские мечты выше высоты!
И надежд простор манит нас!
Падать не хочу! Я с Тобой лечу
К Ангелам домой в Небеса!

3.Будем вместе петь, будем вместе жить!
В Небесах летать высоко!
Есть в Твоей любви крылья для двоих,
Значит будет всё ХОРОШО!";"
[Am]1.Я ст[Em]ою вда[Am]ли от Твоей [Em]земли,[Am]
[Dm]Где живут Твои Анг[Em]елы![Am]
[Em]Я хоч[Am]у туда, в эт[Em]и г[Am]орода,
[Dm]Где могу с Тобой вс[Em]третиться![Am]

[Am]Пр. Пред Тобой [Dm]я склонюсь,
[G]       Сердцем в[C]сем поклонюсь
[F]       И Те[Dm]бя [Em]обниму, мо[Am]й Иисус!

2.Детские мечты выше высоты!
И надежд простор манит нас!
Падать не хочу! Я с Тобой лечу
К Ангелам домой в Небеса!

3.Будем вместе петь, будем вместе жить!
В Небесах летать высоко!
Есть в Твоей любви крылья для двоих,
Значит будет всё ХОРОШО!";;;;
0082;82;Каждый день;Огненный ветер;Am;5;;4/4;;;V1 C V2;Огненный ветер (аккорды);;;;;"
1.Каждый, каждый, каждый день
Снова, как последний бой…
Вижу я Голгофский крест, вознесённый над горой!
Каждый, каждый, каждый день 
Снова битва, снова кровь…
Но наградой будет мне надежда, вера и любовь!

Проигрыш: Am G F G Am

Пр. Мой Бог Иисус! Мой Победитель, мой Герой!
       К Тебе стремлюсь и восхищаюсь лишь Тобой!

Проигрыш: Am G F G Am

2. Каждый, каждый, каждый день
Распинаю своё Я,
Чтобы стала во Христе обновлённой жизнь моя!
Каждый, каждый, каждый день
Вера мне нужна, как флаг,
Чтоб навеки посрамлён был и уничтожен враг!
                                         (будет уничтожен враг!)";"{title: Каждый день}
{key: Am}
{capo: +5}


1.Кажд[Am]ый, каждый, каждый день
[Dm]Снова, как посл[E]едний [Am]бой…
В[F]ижу я Голгофский крест, [Dm]вознесённый [E]над г[Am]орой!
К[Am]аждый, каждый, каждый день 
[Dm]Снова битва, [E]снова [Am]кровь…
Н[F]о наградой будет мне над[Dm]ежда, вера [E]и л[Am]юбовь!

Проигрыш: Am G F G Am

Пр. Мой [Am]Бог Иис[G]ус! Мой [F]Победитель, [G]мой Г[Am]ерой!
       К Тебе стремл[G]юсь и в[F]осхищаюсь [G]лишь Тоб[Am]ой!

Проигрыш: Am G F G Am

2. Каждый, каждый, каждый день
Распинаю своё Я,
Чтобы стала во Христе обновлённой жизнь моя!
Каждый, каждый, каждый день
Вера мне нужна, как флаг,
Чтоб навеки посрамлён был и уничтожен враг!
                                         (будет уничтожен враг!)";;;;
0083;83;Разорвал тишину;Огненный ветер;Am;3;;4/4;;;V1 C V2;Огненный ветер (аккорды);;;;;"1. Разорвал тишину сердца Божьего крик, -
Мне б услышать его, чтобы я не погиб!
Только мёртвым я был, был слепым и глухим…
Лишь теперь я ожил, - стал навеки другим!

Пр. «Дьявол, прочь от меня! Я не знаю тебя!
       Кровь Иисуса на мне!
       Грех прибит на кресте!»
       Умер ветхий Адам: стала новой душа
       Для Святого огня, для последнего дня!

2. Сердце было, как медь;
Кровь была словно лёд;
Разум был опьянён; сладок грех был, как мёд!
Плод познанья добра и великого зла
   Дьявол мне предлагал, но Иисус спас меня!";"
[Am]1. Разорвал тишину сердца Божьего крик, -
[Dm]Мне б услышать его, чтобы [E]я не погиб!
[Am]Только мёртвым я был, был слепым и глухим…
[Dm]Лишь теперь я ожил, - стал навеки д[E]ругим!

[Am]Пр. «Дьявол, прочь от меня! Я не знаю тебя!
[G]       Кровь Иисуса на мне!
[F]       Грех[E] прибит на кресте!»
[Am]       Умер ветхий Адам: стала новой душа
[G]       Для Святого огня, для п[F]оследнего [E]дня!

2. Сердце было, как медь;
Кровь была словно лёд;
Разум был опьянён; сладок грех был, как мёд!
Плод познанья добра и великого зла
   Дьявол мне предлагал, но Иисус спас меня!";;;;
0084;84;Я был голодным без Тебя;Огненный ветер;Am;3;;4/4;;;V1 C V2 C;Огненный ветер (аккорды);;;;;"1.Я был голодным без Тебя!
Я был бездомным без Тебя!
И одиноким без Тебя, и мёртвым был!
Но сила Твоего огня вернула к вечности меня,
Наполнив истиной меня и воскресив!

Пр. Аллилуйя! Аллилуйя! Аллилуйя! Я – живой!

       Аллилуйя! – 3р. Я с Тобой!

2.Мы не расстанемся с Тобой!
Друзьями будем мы с Тобой!
И будем в Вечности с Тобой мы вместе жить!
Там будет город золотой!
Там будут Ангелы со мной
И будут все друзья со мной
Тебе служить! (Тебя любить)!

Пр. Аллилуйя! - 3р. Бог – живой!
       Аллилуйя! – 3р. Мы с Тобой!";"
[Am]1.Я был голодным без Тебя!
[Dm]Я был бездомным без Тебя!
[E]И одиноким без Тебя, и мёртвым был![Am][E]
[Am]Но сила Твоего огня вернула к вечности меня,[Dm]
[E]Наполнив истиной меня и воскресив![Am]

[A7]Пр.[Dm] Аллилуйя! А[G]лл[C]илуйя! Аллил[F]уйя![E] Я – живой![Am]

       Аллилуйя! – 3р. Я с Тобой!

2.Мы не расстанемся с Тобой!
Друзьями будем мы с Тобой!
И будем в Вечности с Тобой мы вместе жить!
Там будет город золотой!
Там будут Ангелы со мной
И будут все друзья со мной
Тебе служить! (Тебя любить)!

Пр. Аллилуйя! - 3р. Бог – живой!
       Аллилуйя! – 3р. Мы с Тобой!";;;;
0085;85;Иисус – Господь земли!;Огненный ветер;C;3;;4/4;;;B;Огненный ветер (аккорды);;;;;"
Иисус – Господь земли! Иисус – Господь Небес!
Твой трон на них вовек поставлен!
Тебе приносим мы хвалу своих сердец!
Будь жертвой наших уст прославлен!

Иисус – Господь! Ему хвалу поёт земля и Небо!
Иисус – Господь! Его слова для нас дороже хлеба!
Мы будем петь и восхвалять Его величия славу!
Достоин Царь принять всю честь!

Бр. Иисус – Господь!";"{title: Иисус – Господь земли!}
{key: C}
{capo: +3}


Иис[C]ус – Господь земл[F]и! Иисус [G]– Господь Небес![C]
Твой тр[C]он на них вов[F]ек пост[G]авлен!
Теб[C]е приносим мы [F]хвалу [G]своих сердец![C]
Будь ж[C]ертвой наших [F]уст просл[G]авлен!

Иисус – Госп[C]одь! Ему хвал[F]у поёт земл[G]я и [C]Небо!
Иисус – Госп[C]одь! Его слов[F]а для нас д[G]ороже хл[C]еба!
Мы будем п[C]еть и восхвал[F]ять Его вел[G]ичия сл[C]аву!
Достоин Ц[C]арь пр[F]инять всю [G]честь![C]

Бр. Иисус – Г[C]осподь![F-G]";;;;
0086;86;Иисус на гору шёл с учениками;Огненный ветер;AmDm;4;;4/4;;;V1 C V2;Огненный ветер (аккорды);;;;;"
1.Иисус   на гору шёл с учениками,
Сейчас идёт Он также вместе с нами,
Воспев   о днях Своих последних песню,
Вложив   в неё слова победы вечной!

Пр. Мы будем петь и танцевать до ликованья!
       Мы будем петь и танцевать в огне страданья!
       Мы будем петь и танцевать!
       Пусть сердце рвётся!
       Мы будем петь и танцевать! А слёзы льются…

2.К кресту ведёт тернистая дорога! 
На ней следов оставленных так много!
Туда идём в хвале и поклонении!
Вперёд через шипы и униженья!";"{title: Иисус на гору шёл с учениками}
{key: AmDm}
{capo: +4}


1.И[AmDm]исус   на гору [E]шёл с ученик[Am]ами,
Сейч[F]ас [Dm]идёт Он [E]также вместе с [Am]нами,
Воспев   [Dm]о днях Св[E]оих последних [Am]песню,
Влож[F]и[Dm]в   в неё сл[E]ова победы [Am]вечной!

Пр. Мы будем петь и танцев[C]ать [Dm]до лик[Am]ованья!
       Мы будем петь и танцев[C]ать [Dm]в огне страд[Am]анья!
       Мы будем петь и танцев[C]ать!
 [Dm]      Пусть сердце [Am]рвётся!
       Мы будем петь и танцев[C]ать! [Dm]А слёзы ль[Am]ются…

2.К кресту ведёт тернистая дорога! 
На ней следов оставленных так много!
Туда идём в хвале и поклонении!
Вперёд через шипы и униженья!";;;;
0087;87;Злачные луга, тихая вода;Огненный ветер;Am;2;;4/4;;;V1 C V2 V3;Огненный ветер (аккорды);;;;;"
1. Злачные луга, тихая вода – 
Это всё для нас приготовил Бог, 
Иисус Христос, Пастырь добрый мой! 
Это всё для нас приготовил Он!

Пр. Зелены те луга и чиста та вода! 
      Там нашёл я покой для себя!

2. Если я пойду и долиной зла, - 
Не боюсь врага на стезях Его!
Он всегда со мной, Пастырь добрый мой!
Имя Господа  сохранит покой!

3. Буду жить в любви в доме Божьем я!
Преисполнена чаша до краёв!
В благости своей милость с истиной
Повстречаются, облобызаются…";"{title: Злачные луга, тихая вода}
{key: Am}
{capo: +2}


[Am]1. Злачны[Dm]е луга, тих[Am]ая вода – 
Это вс[Dm]ё для [F]нас пригот[E]овил Бог, 
Иис[Dm]ус Христос, Пастырь [Am]добрый мой! 
Это [Dm]всё для н[F]ас пригот[E]овил Он!

Пр. Зелен[Dm]ы те луга и чист[Am]а та вода! 
      Там н[Dm]ашёл я [F]покой для [E]с[F]еб[E]я![Am]

2. Если я пойду и долиной зла, - 
Не боюсь врага на стезях Его!
Он всегда со мной, Пастырь добрый мой!
Имя Господа  сохранит покой!

3. Буду жить в любви в доме Божьем я!
Преисполнена чаша до краёв!
В благости своей милость с истиной
Повстречаются, облобызаются…";;;;
0088;88;На горе;Огненный ветер;Am;3;;4/4;;;V1 V2 V3 V4;Огненный ветер (аккорды);;;;;"
1.На горе, горе, горе строю я свой дом!
На горе, горе, горе буду жить я в нём!
Если строишь на песке, - всё развалится!
Если строишь на горе, - то останется!

2.Под горой, горой, горой течёт реченька!
Под горой, горой, горой тебя встретила!
Напоил меня Иисус там живой водой,
Подарил Своей любви ключик золотой!

3.У горы, горы, горы есть свои пути!
У горы, горы, горы злачны пажити!
Там пасёт Своих овец Пастырь добрый мой!
Там нашёл меня Отец и позвал домой!

Бридж: Dm E Am F Dm E Am (A7)

4.Есть одна гора, гора у Израиля!
Лишь о ней пою хвалу в своих песнях я!
Там стоит Голгофский крест на верху горы!
Там распят был Иисус за мои грехи!";"{title: На горе}
{key: Am}
{capo: +3}


1.На г[Am]оре, горе, горе строю [E]я свой [Am]дом!
На горе, горе, горе буду ж[E]ить я в [Am]нём!
Если стр[Dm]оишь на песке, [E]- всё развал[Am]ится![F]
Если стр[Dm]оишь на горе, [E]- то остан[Am]ется!

2.Под горой, горой, горой течёт реченька!
Под горой, горой, горой тебя встретила!
Напоил меня Иисус там живой водой,
Подарил Своей любви ключик золотой!

3.У горы, горы, горы есть свои пути!
У горы, горы, горы злачны пажити!
Там пасёт Своих овец Пастырь добрый мой!
Там нашёл меня Отец и позвал домой!

Бридж: Dm E Am F Dm E Am (A7)

4.Есть одна гора, гора у Израиля!
Лишь о ней пою хвалу в своих песнях я!
Там стоит Голгофский крест на верху горы!
Там распят был Иисус за мои грехи!";;;;
0089;89;Всё, что в жизни моей;Огненный ветер;Am;1;;4/4;;;V1 C V2;Огненный ветер (аккорды);;;;;"1.Всё, что в жизни моей  было бездной и тьмой,
Всё, что было грехом, было болью...
Через святость Твою,   через смерть на кресте
И пролитую кровь       стало солью…

Пр. Очень скоро, Господь, я увижу Тебя,
      Чтобы быть нам с Тобой    вместе!
      Как хочу я с Тобой,   как хочу лишь с Тобой
      Провести в Небесах      вечность!

2.Всё, что в жизни моей стало новой судьбой,
В благодати Твоей стало песней!
Я хочу написать и отправить её
Для Тебя в Небеса в письмах…";"
[Am]1.В[E]сё, что в жизни моей  было бездной и тьмой,[Am][F]
[Dm]Всё[E], что было[Am] грех[E]ом, было болью...
[Am]Чер[E]ез святость Твою,   через смерт[Am]ь на[F] кресте
[Dm]И пр[E]олитую кровь  [Am]     [A7]стало солью…

[Dm]Пр.[G] Очень скоро, Господ[C]ь, [F]я увижу Тебя,
[Dm]   [E]   Ч[Am]тобы [A7]быть нам с Тобой    вместе!
[Dm]   [G]   Как хочу я с Тобой,   как хочу [C]лишь[F] с Тобой
[Dm]   [E]  [Am] Провести [(A7)]в Небесах      вечность!

2.Всё, что в жизни моей стало новой судьбой,
В благодати Твоей стало песней!
Я хочу написать и отправить её
Для Тебя в Небеса в письмах…";;;;
0090;90;Мне б узнать;Огненный ветер;Am;3;;4/4;;;V1 C V2 V3 C;Огненный ветер (аккорды);;;;;"1.Мне б узнать, кто мне друг, а кто может быть враг?
Мне б узнать, с кем искать будем мы узких врат?
С кем пойдём до конца, до последней черты?
С кем взлетим, не боясь ледяной высоты?

Пр. О, Иисус! Только Ты! Только Ты! Только Ты
       Знаешь все мои страхи, надежды, мечты!
       Не предашь, не солжёшь, не убьёшь, не уйдёшь!
       О, Иисус! Только Ты! Только Ты! Только Ты!

2.Мне б узнать, будет кто на меня клеветать?
Мне б узнать, будет кто, как Тебя, распинать?
Кто возьмёт в руку камень и словом убить?
И кого мне, любя, надо будет простить?

3.Мне б узнать, кто мои будет руки держать?
Мне б узнать, кто меня может крепко обнять?
Кто спасёт и прольёт за меня свою кровь,
Кто утрёт мои слёзы, подарит любовь?

Пр. О, Иисус! Только Ты! Только Ты! Только Ты!
       Знаешь все мои страхи , надежды, мечты!
       Не предашь, не солжёшь, не убьёшь, не уйдёшь!
       О, Иисус! Это Ты! Это Ты! Это Ты!";"
[Am]1.Мне б узнать, кто м[Dm]не друг, а кто [E]может быть враг?[Am]
[Am]Мне б узнать, с кем [Dm]искать будем мы[E] узких врат?[Am]
[Am]С кем пойдём до ко[Dm]нца, до посл[E]едней черты?[Am]
[F]С кем взлетим,[Dm] не боясь л[E]едяной высоты[Am]?

[Am]Пр. О, Иисус! Только Ты! Только Ты! Только Ты[Dm]
[G]       Знаешь все мои страхи, надежды, мечты![C]
[F]       Не предашь, н[E]е солжёшь, не убьёшь, не уйдёшь![Am][F]
[Dm]       О, Иисус! [E]Только Ты! Только Ты! Только Ты![Am]

2.Мне б узнать, будет кто на меня клеветать?
Мне б узнать, будет кто, как Тебя, распинать?
Кто возьмёт в руку камень и словом убить?
И кого мне, любя, надо будет простить?

3.Мне б узнать, кто мои будет руки держать?
Мне б узнать, кто меня может крепко обнять?
Кто спасёт и прольёт за меня свою кровь,
Кто утрёт мои слёзы, подарит любовь?

Пр. О, Иисус! Только Ты! Только Ты! Только Ты!
       Знаешь все мои страхи , надежды, мечты!
       Не предашь, не солжёшь, не убьёшь, не уйдёшь!
       О, Иисус! Это Ты! Это Ты! Это Ты!";;;;
0091;91;Я не могу без Тебя;Огненный ветер;Am;3;;4/4;;;V1 C V2;Огненный ветер (аккорды);;;;;"1. Я не могу без Тебя даже дышать!
Я не могу без Тебя в небе летать!
Я не могу без Тебя просто любить!
Я не могу без Тебя в святости жить!

Пр. Мне так нужна Твоя святость!
       Мне так нужна Твоя святость!


2. Люди вокруг говорят лишь о себе…
Я нахожу сердцу покой только в Тебе…
Только в Тебе я нахожу радость свою!
Только Тебе одному песню пою…";"
[Am]1. Я не могу[G] без Тебя даже дыш[F]ать![E]
[Am]Я не могу б[G]ез Тебя в небе лет[F]ать![E]
[Dm]Я не могу бе[G]з Тебя просто любить![C][F]
[Dm]Я не могу без[E] Тебя в святости жить[Am]![E]

[Am]Пр. Мне так нужна[G] Твоя святость![F]
[Dm]       Мне так[Em] нужна Твоя св[Am]ятость![E]


2. Люди вокруг говорят лишь о себе…
Я нахожу сердцу покой только в Тебе…
Только в Тебе я нахожу радость свою!
Только Тебе одному песню пою…";;;;
0092;92;Небеса ликуют;Огненный ветер;Am;4;;4/4;;;V1 C V2 C V3 C;Огненный ветер (аккорды);;;;;"1. Небеса ликуют, славу воздают!
Перед троном Бога Ангелы поют:

Пр. Твою святость!    Твою святость!
      Твою святость, Бог!
      Твою святость!    Твою святость!
      Твою святость, Бог!
      Твою святость!     Твою святость!
      Твою святость, Бог!
      Твою святость!     Твою святость!
      Твою святость, Бог!

2. Сердце ищет Бога, святости Творца!
Просит и взывает к милости Отца:

Пр. Говори нам! Говори нам!
       Говори нам, Бог! – 4р.

3. Церковь ожидает Господа с Небес!
Пробужденья в сердце и по всей земле!

Пр. Дух Святой! Дух Святой!
       Дух Святой, приди! 4р.";"[Am]1. Небеса ликуют, славу воздают!
[Dm]Перед троном Бога Ангелы пою[E]т:[Am]

[Am]Пр. Твою св[G]ятость!    Твою[F] святость![G]
[Am]   [G]   Тво[Am]ю святость, Бог!
[Am]      Т[G]вою святость!  [F]  Твою свято[G]сть!
[Am]   [G]   Тво[Am]ю свято[F#]сть, Бог!
[Hm]      Твою[A] святость!     Т[G]вою святость![A]
[Hm]     [A] Тво[Hm]ю святость, Бог!
[Hm]      Твою[A] святость!    [G] Твою святос[A]ть!
[Hm]   [A]   Твою [Hm]свят[E]ость, Бог!

2. Сердце ищет Бога, святости Творца!
Просит и взывает к милости Отца:

Пр. Говори нам! Говори нам!
       Говори нам, Бог! – 4р.

[Hm]3. Церковь ожидает[Em] Госпо[F#]да с Небес![Hm]
[G]Пробужденья в сердце и [Em]по всей[F#] земле![Hm][(F#)]

Пр. Дух Святой! Дух Святой!
       Дух Святой, приди! 4р.";;;;
0093;93;Милость;Огненный ветер;Am;1;;4/4;;;V1 C V2 V3;Огненный ветер (аккорды);;;;;"
1.Льются песни сердца на рассвете,
К Небесам их отправляет ветер!
Их поём у стен Иерусалима,
Ожидая милости для мира!

Пр. Милость! Милость!
       Дай прощенье нам и Свою милость!
       Чтобы сердце кровью окропилось!
       Милость! Милость! Милость!

2.Год за годом мы Тебя просили,
Чтоб пришёл Иешуа наш Мессия!
Но Его тогда мы не узнали
И своим грехом Его распяли!

3.И воззрят все племена земные
На Того, Которого пронзили,
На Того, Кто светом стал для мира
И грядёт, как Царь Иерусалима!

Мигуны: Am Dm Am Dm G Dm Am Fm Am";"{title: Милость}
{key: Am}
{capo: +1}


[Am]1.Льются песни сердц[Dm]а на рассвете,[Am]
К Небесам их [Dm]отправляет [Am]ветер!
[Dm]Их поём у стен Иерусалима,
[Am]Ожидая м[Dm]илости для [Am]мира![G]

Пр. [Am]Милость! [Dm]Милость!
[Am]       Дай прощенье [Dm]нам и Свою [Am]милость!
       Чтобы сердце [Dm]кровью окроп[Am]илось!
       Милость! [Dm]Милость! [Am]Милость![G]

2.Год за годом мы Тебя просили,
Чтоб пришёл Иешуа наш Мессия!
Но Его тогда мы не узнали
И своим грехом Его распяли!

3.И воззрят все племена земные
На Того, Которого пронзили,
На Того, Кто светом стал для мира
И грядёт, как Царь Иерусалима!

Мигуны: Am Dm Am Dm G Dm Am Fm Am";;;;
0094;94;Бог наполняет;Огненный ветер;Am;0;;4/4;;;V1 V2 V3;Огненный ветер (аккорды);;;;;"1. Время пришло любить до слёз!
Любить до боли, до крови, всерьёз…
Ложь отвергая и жалоб крик! Время пришло! Последний миг…

Пр. Нам нужно так посмотреть в глаза 
       Друзьям своим, чтоб ушла гроза!
       И так в глаза врагам посмотреть,
       Чтоб не погибнуть, не ослабеть
       В натисках тьмы и неистовой лжи!
       Бог приготовил для нас виражи
       Славы Своей, возносящей любви,
       В небо проложенный путь на крови…

2. Время пришло оставить мир и к вечной жизни пойти за Ним,
Господом нашим, любимым родным,
Кто проведёт нас сквозь едкий дым…

Пр. Нам нужно так посмотреть в глаза 
Друзьям своим, чтоб ушла гроза! И так в глаза врагам посмотреть,
Чтоб не погибнуть, не ослабеть
       Слава грядёт в окружении святых!
       Скоро обители встретят Своих…
       Скоро в любовь облекутся сердца,
       Чтобы в единстве пребыть до конца… ";"{title: Время пришло}
{key: Am}
{capo: +0}

1. Вр[Am]емя пришло любить до слёз!
Люб[C]ить до боли, до крови, всерьёз…
Л[Dm]ожь отвергая и жалоб крик! Вр[F]емя пришло! Посл[E]едний миг…

Пр. Н[Am]ам нужно так посмотреть в глаза 
       Друзь[G]ям своим, чтоб ушла гроза!
       И [F]так в глаза врагам посмотреть,
       Чт[Dm]об не погибнуть, н[E]е ослабеть
       В [Am]натисках тьмы и неистовой лжи!
       Б[G]ог приготовил для нас виражи
       Сл[Dm]авы Своей, возносящей любви,
       В [F]небо проложенный [E]путь на крови…

2. Время пришло оставить мир и к вечной жизни пойти за Ним,
Господом нашим, любимым родным,
Кто проведёт нас сквозь едкий дым…

Пр. Нам нужно так посмотреть в глаза 
Друзьям своим, чтоб ушла гроза! И так в глаза врагам посмотреть,
Чтоб не погибнуть, не ослабеть
       Слава грядёт в окружении святых!
       Скоро обители встретят Своих…
       Скоро в любовь облекутся сердца,
       Чтобы в единстве пребыть до конца… ";;;;
0095;95;Пойте Господу новую песнь (Ис. 42);Огненный ветер;;3;;4/4;;;V1 C V2 V3;Огненный ветер (аккорды);;;;;1.Пойте Господу новую песнь!Пусть возвысит свой голос земля!Воздадут Ему славу и честь     горы, реки и все острова! -2рПр. Моё имя – Господь! Моё имя – Иисус!       Моей славы иному не дам!      Я призвал тебя в правду и буду держать!                  G             Em           Am  (С)      Твою руку держать буду Сам!2. Пойте Господу новую песнь, Пока суд не пройдёт по земле!Пока Бог открывает глаза у слепых, чтобы видели свет!3. Пойте Господу новую песнь о Его неизвестных путях!Там, где мрак станет светом и в страшном стыде Обратятся  безумные вспять!;{title: Пойте Господу новую песнь (Ис. 42)}{key: Am}{capo: +3}[V1]Пойте [Am]Господу н[G]овую [Am]песнь!Пусть возв[F]ысит свой г[G]олос земл[Am]я!Воздад[F]ут Ему сл[G]аву и ч[Am]есть     [F]горы, [Dm]реки и [Em]все остр[Am]ова! -2р[C]Моё [F]имя – Господь! Моё [Am]имя – Иисус!      Моей сл[G]авы иному не [Am]дам!      Я призв[F]ал тебя в правду и [Am]буду держать!                  G             Em           Am  (С)      Твою руку держать буду Сам![V2]Пойте Господу новую песнь,Пока суд не пройдёт по земле!Пока Бог открывает глаза у слепых, чтобы видели свет![V3]Пойте Господу новую песнь о Его неизвестных путях!Там, где мрак станет светом и в страшном стыде Обратятся  безумные вспять!;;;;
0096;96;Прошу одного (Пс. 20);Огненный ветер;Am;2;;4/4;;;V1 C V2;Огненный ветер (аккорды);;;;;"1.Прошу одного у Господа я и лишь одного ищу,
Чтоб пребывать мне в Доме Его
Все дни и всю жизнь мою!
Чтоб созерцать  Его красоту и видеть Его дела,
Ибо от бед и горького зла спасёт Он всегда меня!

Пр. Научи меня, Господи, пути Твоему!
       Наставь меня, Господи, на правды стезю!
       Не предай меня, Господи, злому врагу,
       Ибо я верую в благость Твою!

2.Сердце во мне кричит от Тебя: «Ищи Моего лица!»
Я не устрашусь и не убоюсь войны и угроз врага!
Надежда моя всегда на Тебя:
Ты – крепость и жизнь моя!
Я буду всегда Тебя воспевать, лица Твоего искать!";"
[Am]1.Прошу одного у Го[G]спода я и лишь одного[F] ищу,[E]
[Am]Чтоб пребывать мне в Доме Его[G]
[Dm]Все дни и всю ж[E]изнь мою![Am]
[G]Чтоб созерцать  Его кр[F]асоту и видеть Его дел[E]а,
[Am]Ибо от бед и горьког[G]о зла спасёт Он всегда м[Dm]еня![E][Am]

[Dm]Пр. Научи меня, Господи, пути Твоему!
[E]       Наставь меня, Господи, на правды[Am] стезю![E]
[Am]       Не предай меня, Господи,[Dm] злому врагу,
[E]       Ибо я верую в благ[Am]ость Твою!

2.Сердце во мне кричит от Тебя: «Ищи Моего лица!»
Я не устрашусь и не убоюсь войны и угроз врага!
Надежда моя всегда на Тебя:
Ты – крепость и жизнь моя!
Я буду всегда Тебя воспевать, лица Твоего искать!";;;;
0097;97;Сладкой болью;Огненный ветер;Am;3;;4/4;;;V1 C V2;Огненный ветер (аккорды);;;;;"
1. Сладкой болью сердце плачет
От любви     к Тебе, Иисус!
Днём и ночью  восхваляя,
Я Небес    твоих коснусь!

Пр. Ты – Святой наш, Бог Великий!
       Ты – Святой наш, Всемогущий!
       Ты – Святой наш, аллилуйя!
       Ты – Святой наш, крепкий в брани!
       Ты – Творец всего создания! 
       Ты – Святой наш, Бог Великий!                              

2. Мы не знали Твоих истин,
Не искали слов святых…
Но кто сердцем жаждет Бога, -
В тишине услышит их! ";"{title: Сладкой болью}
{key: Am}
{capo: +3}


1. [Am]Сладкой б[Dm]олью [E]сердце [Am]плачет[F]
От любв[Dm]и     [E]к Тебе, Иис[Am]ус!
Днём и [Dm]ночью  [E]восхв[Am]аляя,[F]
Я Неб[Dm]ес    [E]твоих косн[Am]усь!

Пр. Ты – Свят[Dm]ой наш, Бог В[G]еликий!
       Ты – Свят[Am]ой наш, Всем[F]огущий!
       Ты – Свят[Dm]ой наш, [E]аллил[Am]уйя![A7]
       Ты – Свят[Dm]ой наш, крепкий в [G]брани!
       Ты – Твор[C]ец всего созд[F]ания! 
       Ты – Свят[Dm]ой наш, [E]Бог Вел[Am]икий!                              

2. Мы не знали Твоих истин,
Не искали слов святых…
Но кто сердцем жаждет Бога, -
В тишине услышит их! ";;;;
0098;98;Просите мира Иерусалиму (Пс. 45);Огненный ветер;Am;3;;4/4;;;V1 C V2 V3;Огненный ветер (аккорды);;;;;"

1.Просите мира Иерусалиму!
Благослови Его, вся земля!
Он - Бог могущества, Он - Бог спасения, 
Он - Бог Великий Израиля!

Пр. Господь сил с нами, Бог Иакова,
       Заступник наш и милосердный Бог!
       Остановитесь, познайте Господа,
       Превознесённого над всей землёй!

2.Во славе царствует, любовью радует!
Он жив вовеки и вновь грядёт!
Он – Бог прощения и воскресения!
Благословляет Он свой народ!

3. Бог нам прибежище и сила вечная!
Во граде Божьем сияет свет!
Бог посреди его не поколеблется!
Избавит нас Он от всяких бед!";"{title: Просите мира Иерусалиму (Пс. 45)}
{key: Am}
{capo: +3}


[Am][E][Am][Dm]
1.Просите мира [Am]Иерусалиму![Dm]
Благослов[Am]и Его, [G]вся з[Am]емля!
Он - Бог мог[F]ущества, Он - Бог спас[Dm]ения, 
Он - Бог В[Am]еликий Изр[G]а[Am]иля!

Пр. Господь сил с нами, Бог Иакова,
       Заст[Dm]упник наш и [F]милосердный [E]Бог!
       Ост[Am]ановитесь, познайте Господа,
       Прев[Dm]ознесённ[F]ого над всей земл[E]ёй!

2.Во славе царствует, любовью радует!
Он жив вовеки и вновь грядёт!
Он – Бог прощения и воскресения!
Благословляет Он свой народ!

3. Бог нам прибежище и сила вечная!
Во граде Божьем сияет свет!
Бог посреди его не поколеблется!
Избавит нас Он от всяких бед!";;;;
0099;99;Не цветут в январе;Огненный ветер;Am;3;;4/4;;;V1 V2 V3;Огненный ветер (аккорды);;;;;"1.Не цветут в январе маки алые, и рябина не зреет весной…
О любви все слова запоздалые не споются, не скажутся мной!
У мечты крылья белые-белые,
Манят ввысь сквозь туман будних дней,
И рисуют пунктирными стрелами направление жизни моей!

2.Поутру краски снов забываются:
Так проходит и боль от потерь…
Даже если с мечтой мы расстанемся, -
Будет Ангел стоять у дверей!
Почтальоном он будет от Господа,
Приносящим букет жёлтых роз…
Он сошьёт из ненужного прошлого
Тонко-нежный платочек для слёз…

3.Не цветут в январе маки алые, и рябина не зреет весной…
Ну, а вдруг все слова запоздалые
И споются и скажутся мной?!

А-а-а-а-а-а";"
[Am]1.Не цветут в январе маки а[Dm]лые, и рябина [E]не зреет весной…[Am][E]
[Am]О любви все слова запоздалы[Dm]е не споются, не с[E]кажутся мной![Am]
[A7]У мечты крылья белые-белые,[Dm]
[G]Манят ввысь сквозь туман будних дней,[C]
[F]И рисуют пунктирными стрелами направ[Dm]ление жизни моей![E][Am]

2.Поутру краски снов забываются:
Так проходит и боль от потерь…
Даже если с мечтой мы расстанемся, -
Будет Ангел стоять у дверей!
Почтальоном он будет от Господа,
Приносящим букет жёлтых роз…
Он сошьёт из ненужного прошлого
Тонко-нежный платочек для слёз…

3.Не цветут в январе маки алые, и рябина не зреет весной…
Ну, а вдруг все слова запоздалые
И споются и скажутся мной?!

[Dm]А-а[G]-а[C]-а[Am]-а-а";;;;
0100;100;Я люблю Тебя, Господь;Огненный ветер;Am;3;;4/4;;;V1 C V2 V3 C V4;Огненный ветер (аккорды);;;;;"1.Я люблю Тебя, Господь, сердцем всем и всей душой,
И всем разумом моим, и всей силой…
Воздавать Тебе хочу я у трона Твоего честь,
И песнь хвалебную, и всю славу!

Пр. Дари-дари-дари-дай! - 3р. Дари-дари!

2. Быть с Тобой хочу всегда на земле и в Небесах!
Среди братьев и сестёр в Доме Божьем!
Среди Ангелов Твоих посреди большой любви,
Чтобы вместе танцевать, чтобы славить!

3.В Духе мы сейчас Твоём и танцуем, и поём
Песню радости Твоей, и ликуем!
Рукоплещет вся земля вместе с нами пред Тобой
Восклицая сердцем всем: «Аллилуйя!»

Пр. Аллилуйя-аллилу-3р. Аллилуйя!

4.Там где Дух Господень Твой, - там и мир,
И Твой покой, и надежда, и любовь, и свобода!
С нами Ангелы Твои в хороводе сей любвиВеселятся от души, славя Бога!";"
[Am]1.Я люблю Тебя, Го[G]сподь, сердцем всем и [F]всей душой,[E]
[Am]И всем разумом [G]моим, и всей сило[Am]й…
[Am]Воздавать Тебе[G] хочу я у [F]трона Твоего [E]честь,
[Am]И песнь хвалебную, и [G]всю славу![Am]

[Am(F)]Пр. Дари-дари[G(E)]-дари-дай! - 3р. [Am]Дари-дари!

2. Быть с Тобой хочу всегда на земле и в Небесах!
Среди братьев и сестёр в Доме Божьем!
Среди Ангелов Твоих посреди большой любви,
Чтобы вместе танцевать, чтобы славить!

3.В Духе мы сейчас Твоём и танцуем, и поём
Песню радости Твоей, и ликуем!
Рукоплещет вся земля вместе с нами пред Тобой
Восклицая сердцем всем: «Аллилуйя!»

Пр. Аллилуйя-аллилу-3р. Аллилуйя!

4.Там где Дух Господень Твой, - там и мир,
И Твой покой, и надежда, и любовь, и свобода!
С нами Ангелы Твои в хороводе сей любвиВеселятся от души, славя Бога!";;;;
0101;101;Как нам познать;Огненный ветер;Am;3;;4/4;;;V1 C V2 C;Огненный ветер (аккорды);;;;;"
1. Как нам познать Твою святость и силу, истин дороги?
Как позабыть всех грехов искушения, сбросить тревоги?
Только в полёте птицы свободной сила паренья!
Только в полёте можем познать мы Твоё Вознесение!

Пр. Бог! Бог мой всегда со мной!
       Он помогает, Он защищает, Он укрепляет!
       Бог! Бог мой всегда со мной!
       Он не оставит, Он не осудит, Он нежно любит!

2.Все, кто не может без Бога подняться, - с Богом взлетает!
Кто не желает грешным остаться, - с Ним оживает!
Дай испытать мне, Бог мой любимый, силу полёта!
Ты покажи мне в другом измерении точку отсчёта!

Пр. Бог! Бог мой всегда со мной!
       Он исцеляет, Он очищает, Он поднимает!
       Бог! Бог мой всегда со мной!
       Не отречётся и не забудет! Он нежно любит!

       Бог! Бог мой всегда со мной!
       Верных спасает, освобождает и воскрешает!
       Бог! Бог мой всегда со мной!
       Рядом со мною в вечности будет! Он нежно любит!";"{title: Как нам познать}
{key: Am}
{capo: +3}


1. [Am]Как нам познать Твою святость и силу, истин дороги?
[Dm]Как позабыть всех грех[E]ов искушения, сбр[Am]осить тревоги?[G]
Т[C]олько в полёте птицы свободной [G]сила паренья!
Т[Dm]олько в полёте [E]можем познать мы Тв[Am]оё Вознесение!

Пр. Бог! Бог мой всегда со [Dm]мной!
       Он помогает, [E]Он защищает, [Am]Он укрепляет![E]
       [Am]Бог! Бог мой всегда со [Dm]мной!
       Он не оставит, [E]Он не осудит, [Am]Он нежно любит!

2.Все, кто не может без Бога подняться, - с Богом взлетает!
Кто не желает грешным остаться, - с Ним оживает!
Дай испытать мне, Бог мой любимый, силу полёта!
Ты покажи мне в другом измерении точку отсчёта!

Пр. Бог! Бог мой всегда со мной!
       Он исцеляет, Он очищает, Он поднимает!
       Бог! Бог мой всегда со мной!
       Не отречётся и не забудет! Он нежно любит!

       Бог! Бог мой всегда со мной!
       Верных спасает, освобождает и воскрешает!
       Бог! Бог мой всегда со мной!
       Рядом со мною в вечности будет! Он нежно любит!";;;;
0102;102;Вижу я, как побелели поля;Огненный ветер;Am;3;;4/4;;;V1 C V2 C V3 C;Огненный ветер (аккорды);;;;;"
1. Всё, что было, всё, что будет – 
Знает только лишь Господь.
Поклонением и хвалою 
Сердце дышит, бьётся кровь!

Пр. Радость, мир и река, наполняй берега!
       Мой Господь, мой Иисус, 
       Я Тебе поклонюсь!

2. Поднимайся, друг скорее: 
Путь-дорога далека!
Слава Бога, словно речка, 
Широка и глубока!

3. В поле чистом и цветочном 
Будем вместе отдыхать!
Богу песни петь с любовью, 
Танцевать и ликовать!

4. Хороводы, словно воды, 
Чистой радостью шумят!
Славословия, словно птицы,
В небо к Богу полетят! ";"{title: Всё, что было}
{key: Am}
{capo: +3}


1. [Am]Всё, что было, [Dm]всё, что будет – 
[Am]Знает только л[E]ишь Госп[Am]одь.
[Am]Поклонением [Dm]и хвалою 
[Am]Сердце дышит, бь[E]ётся кр[Am]овь!

Пр. [Am]Радость, мир [G]и р[Am]ека, [Dm]наполняй [E]бер[Am]ега!
       [Am]Мой Господь, [G]мой И[Am]исус, 
       [Dm]Я Тебе [E]поклон[Am]юсь!

2. Поднимайся, друг скорее: 
Путь-дорога далека!
Слава Бога, словно речка, 
Широка и глубока!

3. В поле чистом и цветочном 
Будем вместе отдыхать!
Богу песни петь с любовью, 
Танцевать и ликовать!

4. Хороводы, словно воды, 
Чистой радостью шумят!
Славословия, словно птицы,
В небо к Богу полетят! ";;;;
0103;103;Утонули в обидах;Огненный ветер;Am;3;;4/4;;;V1 C V2 C V3 C;Огненный ветер (аккорды);;;;;"1. Утонули в обидах, потеряли рассудок!
О кресте и страданьях не хотят слышать люди!
Сердце чёрной вуалью покрывают и судят,
Убегая от света, с ними что дальше будет?
Пр. Бог плачет в Небесах!    Боль и печаль в глазах:
       Грех ходит по земле,    смерть принося тебе…
       Ты можешь прогадать:   жизнь не тому отдать,
       Вмиг оборвётся всё!   Что хочешь ты ещё?!

2. Перед Божьим престолом все стоять скоро будем!
Праздных дней разговоры Слово Божье осудит…
Фарисеи святые ходят в белых одеждах,
Обличают и учат, хотя сами – невежды!
Пр. Ты можешь не понять, ты можешь не узнать,
       Как крест Его нести, след в след за Ним идти…
       Жертв не желает Он! Сбрось свой наивный сон,
       Что тёплая душа с Ним будет в Небесах…

3. Перестань слушать басни…Враг хитёр и опасен:
Обещает он много, только в ад та дорога!
Вытри слюни и сопли, позабудь свои вопли
О несчастной, постылой, своей жизни «невинной»…
Пр. Бог может нас спасти и, как овец пасти!
       Жезл у Него в руках! А непокорным – крах!
       Жизнь новую прими, с ней в Небеса войди!
       Всё на твоих весах! Ты выбираешь сам";"[Am]1. Утонули в обидах, потеряли[Dm] рассудок!
[E]О кресте и страданьях не хотят слышать люд[Am]и![E]
[Am]Сердце чёрной вуалью покрывают[Dm] и судят,
[E]Убегая от света, с ними что дальше будет[Am]?[E]
[Am]Пр. Б[G]ог плачет в Небесах![F]    [E]Боль[Am] и [G]печаль в глазах:[F][E]
[Am]    [G]   Грех ходит по зе[F]мле[E],    [Am]смерть пр[G]инося тебе…[F][E]
[Am]   [G]    Ты можешь прогадат[F]ь:   [E]жизнь[Am] не [G]тому отдать,[F][E]
[AmG]       Вмиг оборвётся[F] в[E]сё! [AmG]  Что хочешь ты ещё?![F][E]

2. Перед Божьим престолом все стоять скоро будем!
Праздных дней разговоры Слово Божье осудит…
Фарисеи святые ходят в белых одеждах,
Обличают и учат, хотя сами – невежды!
Пр. Ты можешь не понять, ты можешь не узнать,
       Как крест Его нести, след в след за Ним идти…
       Жертв не желает Он! Сбрось свой наивный сон,
       Что тёплая душа с Ним будет в Небесах…

3. Перестань слушать басни…Враг хитёр и опасен:
Обещает он много, только в ад та дорога!
Вытри слюни и сопли, позабудь свои вопли
О несчастной, постылой, своей жизни «невинной»…
Пр. Бог может нас спасти и, как овец пасти!
       Жезл у Него в руках! А непокорным – крах!
       Жизнь новую прими, с ней в Небеса войди!
       Всё на твоих весах! Ты выбираешь сам";;;;
0104;104;Я буду жить;Огненный ветер;Am;3;;4/4;;;C V2;Огненный ветер (аккорды);;;;;"Я буду, буду, буду жить музыкой прорыва!
Я буду, буду, буду жить музыкой надрыва!
В жажде превосходных истин
К Тебе, мой Бог, Иисус, стремлюсь!
Я буду, буду, буду жить музыкой прорыва!

Пр. Буду жить! Буду петь! Буду для Тебя гореть!
       Танцевать! Ликовать! Твоё имя прославлять!-2р.

На – на – на: Dm E Am F Dm E Am - 2

2.Я буду, буду, буду петь огненные песни!
Я буду, буду, буду петь пророческие вести!
В своих руках держу я твёрдо
Твоей победы алый флаг!
Я буду, буду, буду петь огненные песни!";"
[Am]Я буду, буду, буду жить музыкой про[Dm]рыва![E][Am][E]
[Am]Я буду, буду, буду жить муз[C]ыкой [Dm]надры[Em]ва![Am]
[Dm]В жажде превосходных истин[E]
[Am]К Тебе, мой Бог, Иисус, стремлюсь![F]
[Dm]Я буду, буду, буду жить музы[E]кой пр[Am]орыва!

[Dm]Пр. Буду жить! Буд[E]у петь! Буду для[Am] Тебя гореть![F]
[Dm]       Танцевать![E] Ликовать! Твоё и[Am]мя прославлять!-2р.

На – на – на: Dm E Am F Dm E Am - 2

2.Я буду, буду, буду петь огненные песни!
Я буду, буду, буду петь пророческие вести!
В своих руках держу я твёрдо
Твоей победы алый флаг!
Я буду, буду, буду петь огненные песни!
";;;;
0105;105;Больше говорю;Огненный ветер;Am;1;;4/4;;;V1 C V2 V3;Огненный ветер (аккорды);;;;;"
1.Всё, что в жизни моей  было бездной и тьмой,
Всё, что было грехом, было болью...
Через святость Твою,   через смерть на кресте
И пролитую кровь       стало солью…

Пр. Очень скоро, Господь, я увижу Тебя,
      Чтобы быть нам с Тобой    вместе!
      Как хочу я с Тобой,   как хочу лишь с Тобой
      Провести в Небесах      вечность!

2.Всё, что в жизни моей стало новой судьбой, 
В благодати Твоей стало песней!
Я хочу написать и отправить её
Для Тебя в Небеса в письмах…";"{title: Всё, что в жизни моей}
{key: Am}
{capo: +1}


1.Всё, что в жизн[Am]и [E]моей  было бездной и тьм[Am]ой,[F]
Всё, что было грех[Dm]ом, [E]было б[Am]олью[E]...
Через святость Тв[Am]ою,   [E]через смерть на кр[Am]есте[F]
И пролитую кр[Dm]овь  [E]     стало [Am]соль[A7]ю…

Пр. Очень скоро, Госп[Dm]одь, [G]я увижу Теб[C]я,[F]
      Чтобы быть нам с Тоб[Dm]ой    [E]вм[Am]есте![A7]
      Как хочу я с Т[Dm]обой,   [G]как хочу лишь с Тоб[C]ой[F]
      Провести в Небес[Dm]ах  [E]    [Am]вечност[A7]ь!

2.Всё, что в жизни моей стало новой судьбой, 
В благодати Твоей стало песней!
Я хочу написать и отправить её
Для Тебя в Небеса в письмах…";;;;
0106;106;Очень просто;Огненный ветер;Am;2;;4/4;;;V1 C V2 C;Огненный ветер (аккорды);;;;;"1. Очень просто жить будет вместе,
Будет много дней золотых,
Если только радость и слёзы
Будем вместе делить на двоих!

Пр. Позову   я тебя с собой!        Подарю новую весну!
       Сберегу для тебя любовь!    И зажгу яркую звезду!

2.Будет счастье лёгким как птица,
Будет Небо близким всегда!
Разве может что-то случиться,
Если будет в сердцах чистота!

 Пр. Посмотрю я в твои глаза!
        Расскажу о своей любви!
        Не предам никогда тебя!
        Навсегда будем вместе мы!

         Позову я тебя с собой!
         Подарю новую весну!
         Сберегу для тебя любовь
         И зажгу яркую звезду
         Для тебя….для тебя… для тебя….";"
[Am]1. Очень п[Dm]росто жит[E]ь будет вместе,[Am][-][E]
[Dm]Будет м[E]ного дней зо[Am]лот[-]ых[E],
[Dm]Если тол[E]ько радость и слёз[Am]ы[-][E]
[Dm]Будем вмес[F]те делить на дво[E]их!

[Am]Пр.[Dm] По[E]зову   я т[Am]ебя с собой!        Подарю[Dm] но[E]вую вес[Am]ну!
[Dm]     [E]  Сберег[Am]у для тебя любовь!    И [Dm]заж[F]гу яркую [E]звезду!

2.Будет счастье лёгким как птица,
Будет Небо близким всегда!
Разве может что-то случиться,
Если будет в сердцах чистота!

 Пр. Посмотрю я в твои глаза!
        Расскажу о своей любви!
        Не предам никогда тебя!
        Навсегда будем вместе мы!

         Позову я тебя с собой!
         Подарю новую весну!
         Сберегу для тебя любовь
         И зажгу яркую звезду
         Для тебя….для тебя… для тебя….";;;;
0107;107;Не поверю я;Огненный ветер;Am;3;;4/4;;;V2 V3;Огненный ветер (аккорды);;;;;"Не поверю я     берегам речным,
Отражениям    в зеркалах!
Лишь Твоя любовь,    Твоя истина
Поведёт меня   в Небеса!
Лишь Твоя любовь,    Твоя истина
Поведёт меня   в Небеса!

2.Столько разных слов сердце слышало,
Нежных, ласковых, как трава...
Но напрасно им сердце верило, -
Не исполнились те слова… - 3р.

3. Лишь Твоя любовь песней радостной
Дарит сердцу мир и покой!
Исцелил меня мой Возлюбленный,
Мой Господь Иисус, мой Родной! - 3р.";"
[Am]Не повер[E]ю я     бе[Am]регам речным,
[Dm]Отражения[E]м    в зеркал[Am]ах![E]
[Am]Лишь Твоя любов[E]ь,    Твоя и[Am]стина
[Dm]Поведёт ме[E]ня   в Небе[Am]са![A7]
[Dm]Лишь Твоя любовь[G],    Твоя и[C]стина[F]
[Dm]Поведёт ме[E]ня   в Небе[Am]са!

2.Столько разных слов сердце слышало,
Нежных, ласковых, как трава...
Но напрасно им сердце верило, -
Не исполнились те слова… - 3р.

3. Лишь Твоя любовь песней радостной
Дарит сердцу мир и покой!
Исцелил меня мой Возлюбленный,
Мой Господь Иисус, мой Родной! - 3р.";;;;
0108;108;Как невеста идёт под венец;Огненный ветер;Am;4;;4/4;;;V1 C V2 V3;Огненный ветер (аккорды);;;;;"
1. Как невеста идёт под венец, вся покрыта фатой,
Так хочу в Небеса я скорей на свидание с тобой!

Пр. Я Тобою, Иисус, живу каждый день, каждый час!
    Как для сердца живая кровь, Ты мне нужен сейчас!

2.Обещания Твои для меня только «Да» и «Аминь»!
Как холодная с неба вода для горячих пустынь!

3. Я Тебя сердцем жажду обнять и прижаться к груди!
И неважно, что будет опять у меня впереди!";"{title: Как невеста идёт под венец}
{key: Am}
{capo: +4}


[Am]1. Как н[Dm]евеста [E]идёт под [Am]венец, вся [F]покрыт[E]а [Am]фатой,
Так х[Dm]очу в Неб[E]еса я ск[Am]орей на [F]свидание [E]с [Am]тобой!

Пр. Я Тоб[Dm]ою, Иис[G]ус, ж[Am]иву каждый д[F]ень, каждый [E]ч[Am]ас!
    Как для с[Dm]ердца жив[G]ая кр[Am]овь, Ты мне [F]нужен сей[E]ч[Am]ас!

2.Обещания Твои для меня только «Да» и «Аминь»!
Как холодная с неба вода для горячих пустынь!

3. Я Тебя сердцем жажду обнять и прижаться к груди!
И неважно, что будет опять у меня впереди!";;;;
0109;109;В Небеса;Огненный ветер;A;3;;4/4;;;C V2 C;Огненный ветер (аккорды);;;;;"
1.В Тебе всей жизни полнота! 
В Тебе сокрыта жизнь моя!
И верю я - грядёт тот день: 
Весь мир узрит   Царя царей! 

Пр. А в Небесах,    а в Небесах 
      Звучит Тебе, мой Бог, хвала!
      А в Небесах,     а в Небесах 
      Звучит Тебе, Иисус, хвала!-2р.

2.Всегда хочу Тобою жить! 
Всегда хочу Тебе служить!
Мой добрый брат! Мой верный друг!
Мой Царь! Мой Бог, Господь Иисус!
";"{title: В тебе всей жизни полнота!}
{key: A-D}
{capo: +3}


1.В Т[A-D]ебе всей жизни п[A]олнота! 
В Т[A-D]ебе сокрыта ж[A]изнь моя!
И верю [D-E]я - грядёт тот д[A]ень: 
Весь мир узр[D-E]ит   Царя цар[A]ей! 

Пр. А в Неб[D]есах[E],    а в Неб[Am]есах [F]
      Звучит Т[Dm]ебе, мой [E]Бог, хв[Am]ала![A7]
      А в Небес[Dm]ах,     [E]а в Неб[Am]есах [F]
      Звучит Т[Dm]ебе, Иис[E]ус, хв[Am]ала!-2р.

2.Всегда хочу Тобою жить! 
Всегда хочу Тебе служить!
Мой добрый брат! Мой верный друг!
Мой Царь! Мой Бог, Господь Иисус!
";;;;
0110;110;В Тебе хочу найти;Огненный ветер;Am;3;;4/4;;;V1 C V2;Огненный ветер (аккорды);;;;;"
1.В Тебе хочу найти свободу! 
Тебе хочу сказать: «люблю!»
С Тобой пройду огонь и воду! 
Тобою лишь одним живу!
Пр. Не страшно ничего, когда ты рядом! 
       Ни смерти, ни врагов я не боюсь!
       Чтоб мне ожить опять, - довольно взгляда
       Твоих небесных глаз, о, мой Иисус!

2.В Твоей любви хочу купаться! 
В Твоих словах вся жизнь моя!
Тебе – моя хвала и танцы! 
Тебе служу всем сердцем я! ";"{title: В Тебе хочу найти}
{key: Am}
{capo: +3}


1.В Т[Dm]ебе хочу [E]найти своб[Am]оду! 
Т[Dm]ебе хочу [E]сказать: «любл[Am]ю!»
С Тоб[Dm]ой пройду [E]огонь и [Am]воду! [F]
Тоб[Dm]ою лишь одним жив[E]у!
Пр. Не страшно [Dm]ничего, [E]когда ты [Am]рядом! 
       Ни смерти, [Dm]ни врагов [F]я не бо[E]юсь!
       Чтоб мне ож[Dm]ить опять, [E]- довольно взгл[Am]яда[C]
       Тво[Dm]их небесных глаз, о, мой Иис[E]ус!

2.В Твоей любви хочу купаться! 
В Твоих словах вся жизнь моя!
Тебе – моя хвала и танцы! 
Тебе служу всем сердцем я! ";;;;
0111;111;Божий Сын святой;Огненный ветер;Am;3;;4/4;;;V1 C V2;Огненный ветер (аккорды);;;;;"
1. В тишине души течёт слов Твоих река!
Как прозрачный чистый лёд стали берега…

Пр. Ты покрыл мою вину! Я в любви Тебе пою!
       Снегом замело печаль, прошлого уже не жаль!
       Снегом замело печаль, прошлого уже не жаль!
       Ты покрыл мою вину! Я в любви Тебе пою!

2. Для меня Твои глаза, словно океан:
В них всего одна слеза растворит обман!

3. Чистота Твоя – елей сердцу моему!
В Небеса Твои спешу и дары несу!";"{title: В тишине души}
{key: Am}
{capo: +3}


1. В [Am]тишине души т[Dm]ечёт [E]слов Твоих [Am]река!
Как прозрачный чистый лёд стали берега…

Пр. [Am]Ты покрыл мою [Dm]вину! [G]Я в любви Тебе [C]пою!
       Сн[F]егом замело [Dm]печаль, [E]прошлого уже [Am]не жаль!
       [Am]Снегом замело [Dm]печаль, [G]прошлого уже [C]не жаль!
       Т[F]ы покрыл мою [Dm]вину! [E]Я в любви Тебе [Am]пою!

2. Для меня Твои глаза, словно океан:
В них всего одна слеза растворит обман!

3. Чистота Твоя – елей сердцу моему!
В Небеса Твои спешу и дары несу!";;;;
0112;112;Небесам небес;Огненный ветер;Am;2;;4/4;;;C V2 C V3 C;Огненный ветер (аккорды);;;;;"Небесам небес не вместить Тебя!
В святости Своей Ты чудесен!
Выше облаков истина Твоя!
К ней хочу взлететь в своих песнях!

Пр. Льются песни! Пусть они летят навстречу ветру!
       Песни сердца! Прославляю в них Твоё имя!

2.Верить не хочу я земным путям,
Все они лишь скорбь и тревога!
Поведёт меня к Божьим Небесам
Узкая тернистая дорога…

Пр. Льются слёзы! Тернии врезаются глубоко…
       Слёзы Бога! Омывают все мои раны…

3.Пусть душа поёт, не смотря на боль,
Лучшую свою песню сердца!
Пусть поют Твои Ангелы со мной!
В хороводе кружится Невеста!

Пр. Льётся с Неба Твой елей последней встречи!
       Очень скоро будем навсегда мы вместе!";"
[Am]Небесам небес не вмес[G]тить Тебя!
[F]В святости Своей Ты чудесен![C][G]
[Am]Выше облаков истина[G] Твоя!
[F]К ней хочу взлететь в своих песнях![C][G]

[F]Пр. Льют[Am]ся песни! [E]Пусть они летят навстречу ветру![Am][-][G]
[F]       П[Am]есни сердца! П[E]рославляю в них Твоё имя![Am]

2.Верить не хочу я земным путям,
Все они лишь скорбь и тревога!
Поведёт меня к Божьим Небесам
Узкая тернистая дорога…

Пр. Льются слёзы! Тернии врезаются глубоко…
       Слёзы Бога! Омывают все мои раны…

3.Пусть душа поёт, не смотря на боль,
Лучшую свою песню сердца!
Пусть поют Твои Ангелы со мной!
В хороводе кружится Невеста!

Пр. Льётся с Неба Твой елей последней встречи!
       Очень скоро будем навсегда мы вместе!
";;;;
0113;113;Не желаю злата;Огненный ветер;Am;3;;4/4;;;C V2 V3;Огненный ветер (аккорды);;;;;"Не желаю злата,    не желаю славы, -
Богатство дураков    не для меня!
Выбирают люди    берег левый-правый…
Только мне нужна      сама река!
Пр. Моя река –  Дух Святой!
       Входя в неё,     вхожу в огонь!
       Течёт река       в святой земле
       От трона Бога моего ко мне!-2р.

2. Не желаю слышать о грехах, пороках..
В сердце сохраню я Твой покой!
Твой огонь и ветер обжигают душу,
В Небо унося речной волной!

3. Обмелели реки тех, кто выбирает
Славу от людей и свой успех!
На златую клетку Бога променяли,
Выбрали пустыню, не желая рек…";"
[Am]Не желаю злата,    н[Dm]е ж[E]елаю славы, -[Am]
[Dm]Богатств[E]о дураков    не д[Am]ля меня!
[Am]Выбирают люди  [Dm]  бе[E]рег левый-правый…[Am][F]
[Dm]Тол[E]ько мне нужна [Am]     [A7]сама река!
[Dm]Пр.[G] Моя река –  Дух [C]Святой![F]
[Dm]   [E]    Входя в неё,   [Am]  вхожу [A7]в огонь!
[Dm]   [G]    Течёт река       в [C]свято[F]й земле
[Dm]       От т[E]рона Бог[Am]а моего ко мне!-2р.

2. Не желаю слышать о грехах, пороках..
В сердце сохраню я Твой покой!
Твой огонь и ветер обжигают душу,
В Небо унося речной волной!

3. Обмелели реки тех, кто выбирает
Славу от людей и свой успех!
На златую клетку Бога променяли,
Выбрали пустыню, не желая рек…";;;;
0114;114;Позади;Огненный ветер;Am;3;;4/4;;;V1 C V2 V3;Огненный ветер (аккорды);;;;;"1.Позади сожжённый город…
Позади мой грех и слёзы
Позади….позади…
Не вернусь к своим потерям,
Я в обман теперь не верю…
Верю я лишь Тебе!
Пр. В огне Твоей любви сгорели все мосты
       Назад дороги нет и возвращенья!
       Любовью неземной, мой Бог, встречаешь Ты
       Своих детей и даришь      им спасенье!
       (Встречаешь нас и даришь нам спасенье!)

2.Позади мои тревоги…
Впереди – моя дорога
Крестный путь! Крестный путь!
Не уйти теперь от Бога!
Помоги мне  с той дороги
Не свернуть! Не свернуть!

3. Впереди Небесный город!
Для меня стал очень дорог
Мой Иисус! Мой Иисус!
Из огня теперь мой ветер…
Позади лишь дым и пепел…
Я туда не вернусь!!!";"
[Am]1.Позади сожжённый[E] город…
[Am]Позади мой грех и слёзы
[Dm]Позади….[E]поз[Am]ади…
Не вернусь к своим потерям,
Я в обман теперь не верю…
Верю я лишь Тебе!
[A7]Пр. В огне Твоей любви сгорели[Dm] все мосты[G][C]
[F]       [Dm]Назад дороги нет и[E] возвращенья!
[A7]       Любовью неземной, мой Бог[Dm], встречаешь Ты[G][C]
[F]       С[Dm]воих дет[E]ей и даришь     [Am] им спасенье!
       (Встречаешь нас и даришь нам спасенье!)

2.Позади мои тревоги…
Впереди – моя дорога
Крестный путь! Крестный путь!
Не уйти теперь от Бога!
Помоги мне  с той дороги
Не свернуть! Не свернуть!

3. Впереди Небесный город!
Для меня стал очень дорог
Мой Иисус! Мой Иисус!
Из огня теперь мой ветер…
Позади лишь дым и пепел…
Я туда не вернусь!!!
";;;;
0115;115;Как звёзд на небе;Огненный ветер;Am;3;;4/4;;;V1 C;Огненный ветер (аккорды);;;;;"
1. Как звёзд на небе синем много
Твоих детей по всей земле!
И Ты придёшь к ним Божьим Словом, 
Чтоб дать познание о Себе!
Ты изольёшь на них потоки
Великой радости Своей,
И затанцуют все народы
В огне любви последних дней!

На-на-на: A7 Dm G C F Dm E Am

Пр. Ты познай Его любовь!
       Ведь Господь наш – есть любовь!
       Ты прими Его любовь! В Небеса она зовёт!";"{title: Как звёзд на небе}
{key: Am}
{capo: +3}


1. Как звёзд на [Am]небе синем много
Твоих дет[Dm]ей по вс[E]ей з[Am]емле!
И Ты прид[F]ёшь к ним Божьим Словом, 
Чтоб дать позн[Dm]ание [E]о С[Am]ебе!
Ты изоль[A7]ёшь на них пот[Dm]оки
Великой [G]радости Св[C]оей,
И затанц[F]уют все нар[Dm]оды
В огне любв[E]и последних [Am]дней!

На-на-на: A7 Dm G C F Dm E Am

Пр. Ты позн[A7]ай Его люб[Dm]овь!
       Ведь Госп[G]одь наш – есть люб[C]овь!
       Ты прим[F]и Его люб[Dm]овь! В Небес[E]а она з[Am]овёт!";;;;
0116;116;Мне ничего не страшно;Огненный ветер;Am;3;;4/4;;;V1 C V2 C;Огненный ветер (аккорды);;;;;"
1.Мне ничего не страшно, когда ты со мною рядом,
Ненужные мне тревоги ты разбиваешь взглядом,
Приходит покой и сила, когда ты меня обнимешь,
А, если на сердце тяжесть, её ты рукою снимешь.

Пр. Подарок ли ты от Бога,
      Иль просто несчастный случай? -
      Не знаю… Но знаю точно, что ты мне сегодня нужен!
      Не знаю, что будет завтра, не знаю, что скажут люди!
      Я знаю одно, - с тобою намного мне легче будет!

2.Будет теплей в морозы, будут печали легче,
Будет смешней, и проще сложные станут вещи,
Сердце счастливым станет, радости будет больше!
Сила твоя и верность станут ещё дороже…

Пр. Только тебе, наверно, я не скажу об этом!
       Нужен ли дождь зимою? А снегопады летом? 
       Можно ли верить в чудо? Можно ли ждать рассвета?
       Ты для меня стал вопросом…Я для тебя – ответом…
";"{title: Мне ничего не страшно}
{key: Am}
{capo: +3}


1.Мн[Am]е ничего не стр[Dm]ашно, когд[E]а ты со мною [Am]рядом,
Нен[F]ужные мне тр[Dm]евоги [Em]ты разбиваешь [Am]взглядом,
Прих[Am]одит покой и [Dm]сила, когд[E]а ты меня обн[Am]имешь,
А, [F]если на сердце [Dm]тяжесть, [Em]её ты рукою [Am]снимешь.

Пр. П[Am]одарок ли ты от Б[F]ога,
      Иль пр[G]осто несчастный сл[C]учай? -
      Не зн[F]аю… Но знаю [Dm]точно, что [E]ты мне сегодня [Am]нужен!
      Не знаю, что будет завтра, не знаю, что скажут люди!
      Я знаю одно, - с тобою намного мне легче будет!

2.Будет теплей в морозы, будут печали легче,
Будет смешней, и проще сложные станут вещи,
Сердце счастливым станет, радости будет больше!
Сила твоя и верность станут ещё дороже…

Пр. Только тебе, наверно, я не скажу об этом!
       Нужен ли дождь зимою? А снегопады летом? 
       Можно ли верить в чудо? Можно ли ждать рассвета?
       Ты для меня стал вопросом…Я для тебя – ответом…
";;;;
0117;117;Слушай, Израэль!;Огненный ветер;Am;1;;4/4;;;V1 V2 C;Огненный ветер (аккорды);;;;;"
1.Слушай, слушай, слушай, Израэль! 
Господь наш – Бог единый есть вовек!
Слушай, слушай, слушай, Израэль! 
Господь наш – Бог единый есть вовек!

2.Внимайте гласу Бога, люди мира!
Склонитесь перед Ним вы на колени!
Пусть к вам придёт Его любовь и сила!
Господь Велик! Он – слава Израэля!

Пр. Он Велик! Во всех народах правит Он!
       Он Велик! Его рука над всей землёй!
       Он Велик! Он – Царь царей вселенной всей!
       Он Велик! Он есть! И вновь грядёт!
       (Он Велик и Он грядёт!)";"{title: Слушай, Израэль!}
{key: Am}
{capo: +1}


1.Сл[Am]ушай, слушай, слушай, Изр[Dm]аэль! 
Госп[G]одь наш – Бог ед[E]иный есть в[Am]овек![E]
Сл[Am]ушай, слушай, слушай, Изр[Dm]аэль! 
Госп[G]одь наш – Бог ед[E]иный есть в[Am]овек![E]

2.Внимайте гласу Бога, люди мира!
Склонитесь перед Ним вы на колени!
Пусть к вам придёт Его любовь и сила!
Господь Велик! Он – слава Израэля!

Пр. [Am]Он Велик! Во всех народах [G]правит Он!
       Он Велик! Его рука над [Am]всей землёй![E]
       [Am]Он Велик! Он – Царь царей вс[G]еленной всей!
       [Dm]Он Велик! Он [E]есть! И вновь гр[Am]ядёт!
       (Он Велик и Он грядёт!)";;;;
0118;118;Иерушалаим;Огненный ветер;Am;3;;4/4;;;C V1 V2 C;Огненный ветер (аккорды);;;;;"
В Em: Em Am D G H7    Em Am D H7 Em H7

Пр. Славься, Сион! Чудный Сион! Твой Царь Иисус грядёт! - 4р.                                            
      Славься, Сион! Чудный Сион! Твой Царь Иисус грядёт! - 4р.                  

1.Иерушалаим, помнишь ли ты, 
Как с Неба пришёл Твой Бог,
Увидев страдания, принёс благодать, 
Чтоб исцелить Твой народ?
Иерушалаим, помнишь ли ты 
Того, Кто есть истины свет?
Того, Кто  в Себе самом совершил 
Бога святого Завет?

2.Иерушалаим – стал сердцем земли, 
Сердцем для тех, кто свят!
Иерушалаим помнит те дни, 
Когда Иисус был распят;
Иерушалаим помнит те дни, 
Когда Иисус шёл на крест;
Иерушалаим видел те дни, 
Когда Мессия воскрес!

Пр. Славься, Сион! Чудный Сион! Твой Царь Иисус грядёт! - 4р.";"{title: Иерушалаим}
{key: Am}
{capo: +3}


В Em: Em Am D G H7    Em Am D H7 Em H7

Пр. Сл[Am]авься, Сион! Ч[Dm]удный Сион! Твой Ц[G]арь Иисус гряд[C-E]ёт! - 4р.                                            
      Сл[Am]авься, Сион! Ч[Dm]удный Сион! Твой Ц[G]арь Иис[E]ус гряд[Am]ёт! - [E]4р.                  

1.И[Am]ерушалаим, п[Dm]омнишь ли ты, 
Как с [G]Неба пришёл Твой [C]Бог,[E]
Ув[Am]идев страдания, прин[Dm]ёс благодать, 
Чт[G]об исцел[E]ить Твой н[Am]арод?[E]
Иерушалаим, помнишь ли ты 
Того, Кто есть истины свет?
Того, Кто  в Себе самом совершил 
Бога святого Завет?

2.Иерушалаим – стал сердцем земли, 
Сердцем для тех, кто свят!
Иерушалаим помнит те дни, 
Когда Иисус был распят;
Иерушалаим помнит те дни, 
Когда Иисус шёл на крест;
Иерушалаим видел те дни, 
Когда Мессия воскрес!

Пр. Славься, Сион! Чудный Сион! Твой Царь Иисус грядёт! - 4р.";;;;
0119;119;Кружатся листья;Огненный ветер;Am;4;;4/4;;;V1 V2 V3 V4;Огненный ветер (аккорды);;;;;"
1.Кружатся, кружатся, кружатся листья! 
Словно чьей-то любви 
Неслучившейся грустные письма…
Сеет печаль дождь рукою богато и щедро…
Так приходит сентябрь, и с тобою прощается лето.

2.Не грусти! В жизни всякое, знаешь, бывает!
Ведь не всем отмечать дни рождения в мае.
Не смотри на печаль уходящего тёплого лета,
Лучше снова живи в ожидании чистого снега.

3.Ну и что! Что-то в жизни твоей не случилось…
Ты смотри лишь на то, что уже у тебя получилось!
На осеннем балу будут Ангелы в танце кружиться,
Помогая опять всем твоим ожиданиям сбыться…

4.Бог придумал сентябрь, 
Чтоб рябина поспела к морозам.
Чтобы дать отдохнуть до весны отцветающим розам, 
Чтобы сердце твоё не грустило о днях уходящих,
Но горело огнём в ожидании нового счастья.";"{title: Кружатся листья}
{key: Am}
{capo: +4}


1.Круж[Am]атся, [E]кружатся, кружатся [Am]листья! 
Словно чьей-то лю[Dm]бви 
Неслуч[E]ившейся грустные [Am]письма…[A7]
Сеет печ[Dm]аль дождь рук[G]ою богато и щ[C]едро…[F]
Так приходит сент[Dm]ябрь, и с тоб[E]ою прощается [Am]лето.

2.Не грусти! В жизни всякое, знаешь, бывает!
Ведь не всем отмечать дни рождения в мае.
Не смотри на печаль уходящего тёплого лета,
Лучше снова живи в ожидании чистого снега.

3.Ну и что! Что-то в жизни твоей не случилось…
Ты смотри лишь на то, что уже у тебя получилось!
На осеннем балу будут Ангелы в танце кружиться,
Помогая опять всем твоим ожиданиям сбыться…

4.Бог придумал сентябрь, 
Чтоб рябина поспела к морозам.
Чтобы дать отдохнуть до весны отцветающим розам, 
Чтобы сердце твоё не грустило о днях уходящих,
Но горело огнём в ожидании нового счастья.";;;;
0120;120;Книг откровенья;Огненный ветер;Am;3;;4/4;;;V1 C V2;Огненный ветер (аккорды);;;;;"
1.Книг откровения Бог осветил:
Все искушения Иисус победил! 
В знойной пустыне встретился Он 
С тем, кто на небе стал сатаной.

Пр. «Если Ты – Сын Божий, то где Твой хлеб?
      Вокруг песок и камень, это – смерть!
      Накорми голодных  и дай им пить
      Открой родник в пустыне и дай им жить!
     В крови – душа живая, но где ж она?
      Безмерной жаждой власти она полна…
      С крыла сего же храма Ты бросься вниз,
      Я дам Тебе все царства, пади же ниц!
      Если Ты – Сын Божий, сойди с креста!
      Спаси себя и нас, Иисус!
      Где же Твоя сила и где та власть,
      Которой победишь Ты сатану?
      Силу Своей смерти превозмоги,
      Пусть же посмеются Твои враги…
      Исцели болезни, спаси от мук
      Силою Своею пронзённых рук!
      Что ж не открываешь Ты уст Своих?
      Как безгласный Агнец Ты смотришь вниз…
      Распинают люди пусть день за днём
      Плоть Твою святую своим грехом!»

2. «Хлеб – это Слово! Кровь – это жизнь
Духа Святого царствам земли!
Крест – Моя сила, власть и венец!
Жизнь победила! Смерти конец!»";"{title: Книг откровенья}
{key: Am}
{capo: +3}


1.Кн[Am]иг откров[Dm]ения [E]Бог осв[Am]етил:[E]
Вс[Am]е искуш[Dm]ения Иис[E]ус поб[Am]едил! [E]
В знойной пустыне встретился Он 
С тем, кто на небе стал сатаной.

Пр. «[Am]Если Ты – Сын Божий, то где Твой хлеб?
      Вокр[Dm]уг песок и камень, это – смерть!
      Н[E]акорми голодных  и дай им пить
      Откр[Am]ой родник в пустыне и [E]дай им жить!
     В крови – душа живая, но где ж она?
      Безмерной жаждой власти она полна…
      С крыла сего же храма Ты бросься вниз,
      Я дам Тебе все царства, пади же ниц!
      Если Ты – Сын Божий, сойди с креста!
      Спаси себя и нас, Иисус!
      Где же Твоя сила и где та власть,
      Которой победишь Ты сатану?
      Силу Своей смерти превозмоги,
      Пусть же посмеются Твои враги…
      Исцели болезни, спаси от мук
      Силою Своею пронзённых рук!
      Что ж не открываешь Ты уст Своих?
      Как безгласный Агнец Ты смотришь вниз…
      Распинают люди пусть день за днём
      Плоть Твою святую своим грехом!»

2. «Хлеб – это Слово! Кровь – это жизнь
Духа Святого царствам земли!
Крест – Моя сила, власть и венец!
Жизнь победила! Смерти конец!»";;;;
0121;121;Я не могу без Тебя прожить и дня;Огненный ветер;Am;5;;4/4;;;V1 C V2;Огненный ветер (аккорды);;;;;"1.Я не могу без Тебя прожить и дня!
Я не могу без Тебя летать, как птица!
Свет зажигает во мне любовь Твоя,
В ней непроглядная тьма растворится!

Пр. Я лишь с Тобою в небо взлетаю!
       С каждым рассветом я оживаю!
       Нежной любовью Ты обнимаешь,
      Ласковым ветром дух наполняешь!

2.Ты для меня, как река воды живой, -
В жажде своей прихожу я к ней напиться,
И не желаю себе судьбы иной!
С сердцем Твоим я хочу соединиться!";"
[Am]1.Я не могу без Тебя прожить и дня[Dm]!
[G]Я не могу без Тебя летать, как птиц[C]а![E]
[Am]Свет зажигает во мне любовь Твоя,[Dm]
[G]В ней непроглядная тьма растворится![C][E]

[Am]Пр. Я лишь с Тобою[Dm] в небо[G] взлетаю![C]
[F]       С каждым ра[Dm]ссветом[E] я оживаю[Am]!
[Am]       Нежной [Dm]любовью [G]Ты обнимаешь,[C]
[F]      Ласковым[Dm] ветром ду[E]х наполняешь![Am][E]

2.Ты для меня, как река воды живой, -
В жажде своей прихожу я к ней напиться,
И не желаю себе судьбы иной!
С сердцем Твоим я хочу соединиться!";;;;
0122;122;Воскликни Богу, вся земля!;Огненный ветер;Am;2;;4/4;;;V1 C V2;Огненный ветер (аккорды);;;;;"
1. Голосом моим к Господу воззвал, голосом моим помолился;
     Am                            С                     Dm                 E        Am
Излил я перед Ним моление моё; печаль мою открыл Ему.
Голосом моим к Господу воззвал, голосом моим помолился:
«Когда изнемогал во мне дух мой, Ты знал стезю мою». 

Пр. Я воззвал к Тебе, Господи, Тебе сказал: «Прибежище мое! 
      Ты - часть моя на земле живых! Внемли же мне, я изнемог!»
      Я воззвал к Тебе, Господи, Тебе сказал: «Прибежище мое! 
      Ты - часть моя на земле живых! Избавь меня от всех врагов!

2. На пути, где я всегда ходил, поставили мои враги мне сети.
Не стало для меня убежища, никто не признает меня…
Спаси из темноты душу мою, чтобы славить мне имя Твое!
Пусть соберутся все вокруг меня: Ты явишь мне Свои деяния!

Бр. Ты – часть моя! Ты – часть меня! Ты – часть моя жизни моей!
      И для меня Твои слова, Твоя любовь всего важней! ";"{title: Голосом моим к Господу воззвал (Пс. 141)}
{key: Am}
{capo: +2}


1. [Am]Голосом моим к Господу воззвал, [G]голосом моим [E]помол[Am]ился;
     Am                            С                     Dm                 E        Am
Излил я перед Ним моление моё; печаль мою открыл Ему.
[Am]Голосом мо[G]им к [F]Господу воззв[E]ал, [Am]голосом м[G]оим [F]помол[Am]ился:
[Am]«Когда изнемог[G]ал во мн[F]е дух м[E]ой, Ты [Am]знал стез[G]ю м[Am]ою». 

Пр. [A7]Я воззвал к Теб[Dm]е, Г[G]оспод[C]и, Теб[F]е сказ[Dm]ал: «Приб[E]ежище м[Am]ое! 
      Ты - часть моя на земле живых! Внемли же мне, я изнемог!»
      Я воззвал к Тебе, Господи, Тебе сказал: «Прибежище мое! 
      Ты - часть моя на земле живых! Избавь меня от всех врагов!

2. На пути, где я всегда ходил, поставили мои враги мне сети.
Не стало для меня убежища, никто не признает меня…
Спаси из темноты душу мою, чтобы славить мне имя Твое!
Пусть соберутся все вокруг меня: Ты явишь мне Свои деяния!

Бр. Ты – ч[F]асть моя! Ты – [G]часть меня! Ты – ч[F]асть моя ж[E]изни моей!
      И дл[F]я меня Тво[G]и слова, Тв[F]оя любовь всег[E]о важн[Am]ей! ";;;;
0123;123;Из камней, драгоценных камней;Огненный ветер;Am;2;;4/4;;;V1 C V2;Огненный ветер (аккорды);;;;;"
1.Из камней, драгоценных камней город!
Яркий свет, нежный свет жемчугов врат!
В Небесах, на святых Небесах скоро
Буду я созерцать сердцем всем сей град!

Пр. Иерусалим! Мой золотой
       И мой небесный город!
       Иерусалим нам приготовил 
       Для любви наш Царь!
       Иерусалим! Там буду весел я всегда и молод!
       Сокровищ мира для тебя не жаль! а-а-а!

2. Встречу там я друзей и родных близких
И с очей слёзы вытрет рукой Бог,
Дорогих сердцу встречу опять лица,
Навсегда, как вода, вся печаль уйдёт!";"{title: Из камней, драгоценных камней}
{key: Am}
{capo: +2}


[Am]1.Из камн[Dm]ей, драг[F]оценных камней [E]город!
Яркий св[Dm]ет, нежный св[F]ет жемчугов вр[E]ат!
В Небес[Dm]ах, на свят[F]ых Небесах ск[E]оро
Буду [Dm]я созерц[F]ать сердцем всем сей гр[E]ад!

Пр. Иер[Dm]усалим! Мой [G]золотой
       И м[Am]ой небесный [F]город!
       Иер[Dm]усалим нам пр[E]иготовил 
       Дл[Am]я любви наш Ц[A7]арь!
       Иер[Dm]усалим! Там б[G]уду весел [C]я всегда и м[F]олод!
       Сокр[Dm]овищ мира дл[E]я тебя не [Am]жаль! а-[A7]а-а!

2. Встречу там я друзей и родных близких
И с очей слёзы вытрет рукой Бог,
Дорогих сердцу встречу опять лица,
Навсегда, как вода, вся печаль уйдёт!";;;;
0124;124;Чистая и ясная;Огненный ветер;Am;3;;4/4;;;V1 C;Огненный ветер (аккорды);;;;;"1. Чистая и ясная,     светлая, прекрасная!
Яркая, как солнце и, как воды быстрая!
Нежная, как птица, верная Моя!

Пр. О, как прекрасна ты,
       Как прекрасна ты!
       Большие воды не потушат сей любви!
       Большие реки не зальют её водой
       Навеки Я назвал тебя Своей женой!";"
[Am]1. [Em]Чиста[DmAm]я и ясн[Am]ая, [Em]    светл[Dm]ая, пр[Am]екрасная!
[Am]Яркая, как солнце[F] и, как [Dm]воды быстрая![Em]
[Am]Нежная, как птица, ве[F]рная Мо[Dm]я![Em]

[Am]Пр. О, [Em]как прекрасна ты,
[Dm]       [Am]Как прекрасна ты!
[Am]       [F]Большие воды не по[Dm]тушат се[Em]й любви!
[Am]       [F]Большие реки не[Dm] зал[Em]ьют её водой
[Am]      [Em] Навеки Я назвал т[Dm]ебя С[Am]воей женой!
";;;;
0125;125;В тебе всей жизни полнота!;Огненный ветер;Am;3;;4/4;;;V1 C V2;Огненный ветер (аккорды);;;;;"
1. Господня земля и полнота её! 
Вселенная и всё живущее в ней!
Он основал её на реках и морях, и утвердил её! Утвердил её!

Пр. Кто взойдёт на гору? Господню гору?
       Кто встанет на святом месте Его?
       Тот, у кого сердце чисто! И руки, и душа чиста его!

2. Благословение и милость от Тебя, 
От Бога, и Спасителя и Господа, 
Получит тот, кто ищет лица Твоего! 
Лица Твоего, Бог Иакова!

Пр. Поднимитесь, двери, врата и верхи!
       И войдёт в двери вечные Царь славы!
       Кто сей Царь славы? Господь – Царь славы!
       Крепкий и сильный! Сильный в брани!

       Царь славы – Господь! Царь славы – Иисус!
       Крепкий и сильный наш Царь!
       Царь славы Господь! Царь славы – Иисус!
       Крепкий и сильный наш Царь! ";"{title: Господня земля (Пс. 23)}
{key: Am}
{capo: +3}


1. Госп[Am]одня земл[D]я и [Am]полнота [D]её! 
Всел[Dm]енная и вс[F]ё жив[Dm]ущее в [E]ней!
Он [Am]основал [D]её на [Am]реках и мор[D]ях, и [Dm]утвердил [F]её! Утверд[Dm]ил [E]её!

Пр. Кто взойд[Am]ёт на [D]гору? Госп[Am]одню [D]гору?
       Кто вст[Dm]анет на свят[F]ом [Dm]месте Ег[E]о?
       Тот, [Am]у ког[D]о с[Am]ердце ч[D]исто! И [Dm]руки, и душ[F]а чист[Dm]а [E]его!

2. Благословение и милость от Тебя, 
От Бога, и Спасителя и Господа, 
Получит тот, кто ищет лица Твоего! 
Лица Твоего, Бог Иакова!

Пр. Поднимитесь, двери, врата и верхи!
       И войдёт в двери вечные Царь славы!
       Кто сей Царь славы? Господь – Царь славы!
       Крепкий и сильный! Сильный в брани!

       Царь славы – Господь! Царь славы – Иисус!
       Крепкий и сильный наш Царь!
       Царь славы Господь! Царь славы – Иисус!
       Крепкий и сильный наш Царь! ";;;;
0126;126;Больше нет сомнений;Огненный ветер;Am;4;;4/4;;;V1 C V2;Огненный ветер (аккорды);;;;;"
1.Господь Бог твой ведёт тебя
В землю добрую, благодатную,
Где потоки вод, источники,
Где молоко и мёд!

Пр. Иерусалим! Иерусалим!
       Город Небесный! Город Христа!
     Иерусалим! Иерусалим!
     Тебя хочет видеть моя душа!

2.Где во сто крат земля родит
Пшеницу, кисть виноградную,
Где смоквы плод, граната сок,-
Туда Бог тебя ведёт!";"{title: Господь Бог твой}
{key: Am}
{capo: +4}


1.Госп[Am]одь Бог твой ведёт тебя
В землю добрую, благод[E]атную,
Где пот[Am]оки вод, источники,
Где молок[E]о и [Am]мёд!

Пр. И[Dm]ерусалим! И[Am]ерусалим!
       Г[E]ород Небесный! Г[Am]ород Христа!
     Иер[Dm]усалим! Иер[Am]усалим!
     Теб[E]я хочет видеть мо[Am]я душа!

2.Где во сто крат земля родит
Пшеницу, кисть виноградную,
Где смоквы плод, граната сок,-
Туда Бог тебя ведёт!";;;;
0127;127;Когда молитва наполняет сердце;Огненный ветер;Am;3;;4/4;;;V1 C V2;Огненный ветер (аккорды);;;;;"
1.Когда молитва наполняет сердце –
Когда смолкает всех сомнений  боль…
Небесный Ангел открывает дверцу,
И приглашает нас к Себе любовь!

 Пр. Я поднимаю к Небесам руки
        И начинаю слышать я звуки
        Органов, труб и перебор струнных,
        Что люди музыкой зовут…

2.Все люди ищут на земле счастья,
Но лишь с Небес оно к тебе придёт, 
Раздвинув светом темноту ненастья…
И ты услышишь, как душа поёт!";"{title: Когда молитва наполняет сердце}
{key: Am}
{capo: +3}


1.К[Am]огда мол[Dm]итва наполн[E]яет с[Am]ердце –
Когда смолк[Dm]ает всех сомн[E]ений  [Am]боль…
Небесный [Dm]Ангел открыв[E]ает [Am]дверцу,
И приглаш[Dm]ает нас к Себе люб[E]овь!

 Пр. Я подним[Dm]аю к Небес[E]ам [Am]руки
        И начин[Dm]аю слышать [G]я зв[C]уки
        [A7]Органов, [Dm]труб и переб[E]ор стр[Am]унных,[F]
  [Dm]      Что люди музыкой зов[E]ут…

2.Все люди ищут на земле счастья,
Но лишь с Небес оно к тебе придёт, 
Раздвинув светом темноту ненастья…
И ты услышишь, как душа поёт!";;;;
0128;128;О, Дух Святой!;Огненный ветер;Am;3;;4/4;;;V1 C;Огненный ветер (аккорды);;;;;"
О, Дух Святой! Жду Дух Святой! 
Мой Дух Святой, я жду Тебя!

1.Дух Святой, приди!    Сердце обнови! 
Душу грешную     исцели!
Дух Святой, приди! Измени меня!
Все грехи сожги в пламени огня!

Пр. Поднимай меня,   поднимай!
       Очищай меня!   Очищай!
       Я люблю Тебя! И Тебе пою! 
       Воздаю Тебе славу и хвалу!

О, Дух Святой! Жду Дух Святой! 
Мой Дух Святой, я жду Тебя!";"{title: О, Дух Святой!}
{key: Am}
{capo: +3}


О, [Am]Дух Свят[Dm]ой! Жду [G]Дух Свят[C]ой! 
М[F]ой Дух Св[Dm]ятой, [E]я жду [Am]Тебя!

1.Дух Св[Dm]ятой, прид[G]и!    Сердце [C]обнови! [F]
Душу [Dm]грешну[E]ю     исц[Am]ели!
Дух Святой, приди! Измени меня!
Все грехи сожги в пламени огня!

Пр. Подним[Dm]ай мен[G]я,   подним[C]ай![F]
       Очищ[Dm]ай мен[E]я!   Очищ[Am]ай!
       Я люблю Тебя! И Тебе пою! 
       Воздаю Тебе славу и хвалу!

О, Дух Святой! Жду Дух Святой! 
Мой Дух Святой, я жду Тебя!";;;;
0129;129;Господь – Пастырь мой!;Огненный ветер;Am;2;;4/4;;;C V1 V2;Огненный ветер (аккорды);;;;;"
1.Как прекрасны Твои благодати цветы,
Распускаются в сердце моём!
Мне мой Бог подарил исполненье мечты
И открыл предо мною Свой дом!

Пр. В Небеса ведёт лестница Твоя, 
       Вся из золота и прекрасная!
       Вижу я на ней Ангелов Твоих,
       Восходящих вверх, и сходящих вниз!

2.В Небесах каждый день 
Я встречаюсь с Тобой!
Яркой радугой Ты окружён!
Наполняет меня и восторг, и покой,
Когда вижу Твой царский престол!";"{title: Как прекрасны Твои благодати цветы}
{key: Am}
{capo: +2}


1.Как прекр[Am]асны Тв[Dm]ои благод[G]ати цвет[C]ы,
Распуск[F]аются в с[E]ердце м[Am]оём!
Мне мой Б[Am]ог подар[Dm]ил исполн[G]енье мечт[C]ы
И откр[F]ыл предо мн[E]ою Свой [Am]дом!

Пр. В Небес[Am]а вед[Dm]ёт лестниц[G]а Тв[C]оя, 
       Вся из [F]зол[Dm]ота и прекр[E]асн[Am]ая!
       Вижу я на н[Dm]ей Ангел[G]ов Тво[C]их,
       Восход[F]ящих вв[Dm]ерх, и сход[E]ящих [Am]вниз!

2.В Небесах каждый день 
Я встречаюсь с Тобой!
Яркой радугой Ты окружён!
Наполняет меня и восторг, и покой,
Когда вижу Твой царский престол!";;;;
0130;130;Не любите мира;Огненный ветер;Am;3;;4/4;;;V1 C V2;Огненный ветер (аккорды);;;;;"
1.Не любите мира, ни того, что в мире:
Это не любовь, а пустота!
Всё, что в этом мире: только похоть плоти,
Гордость глаз, мирская суета!

Пр. У Бога «Да» - это «Да»! 
       У Бога «Нет» - это «Нет»!
       Если у тебя есть вопрос,
       То знай, что у Него всегда ответ 
       У Бога «Да» - это «Да»! 
       У Бога «Нет» - это «Нет»!
       Возмездие за грех – это смерть!
       Так живи же так, чтоб тебе не умереть!

2.Побеждайте верой и познайте Бога,
От начала Сущего Отца!
Пребывает в силе, кто возлюбит много, 
Вознося к Нему свои сердца!";"{title: Не любите мира}
{key: Am}
{capo: +3}


1.Н[Dm]е любите мира, н[Am]и того, что в мире:
[E]Это не любовь, а пуст[Am]ота!
Вс[Dm]ё, что в этом мире: т[Am]олько похоть плоти,
Г[Dm]ордость глаз, мирск[F]ая сует[E]а!

Пр. У [Dm]Бога «Да» - [E]это [Am]«Да»! 
       У [Dm]Бога «Нет» - [F]это «Н[E]ет»!
       [Dm]Если у тебя [E]есть вопр[Am]ос,
       То [Dm]знай, что у Н[F]его всегда отв[E]ет 
       У [Dm]Бога «Да» - [E]это [Am]«Да»! 
       У [Dm]Бога «Нет» - [F]это «Н[E]ет»!
       Возм[Dm]ездие за грех – [E]это см[Am]ерть!
       Т[Dm]ак живи же так, чтоб теб[E]е не умереть!

2.Побеждайте верой и познайте Бога,
От начала Сущего Отца!
Пребывает в силе, кто возлюбит много, 
Вознося к Нему свои сердца!";;;;
0131;131;Не боюсь теперь;Огненный ветер;Am;3;;4/4;;;V1 C V2;Огненный ветер (аккорды);;;;;"
1.Не боюсь теперь я обид и невзгод
Не боюсь теперь я врагов!
Мне теперь нужна только верность Твоя,
Всей душой люблю я Тебя!

Пр. Страха больше нет, ведь Иисус есть свет!
       Смерти больше нет, и проклятия нет!
       Вижу впереди лишь Твои следы, 
       Что ведут меня в Небеса!

2.Не боюсь теперь говорить «да» и «нет»,
У Твоей любви я учусь!
Не хочу смотреть в пустоту прошлых лет,
Сердцем всем Тебе поклонюсь!";"{title: Не боюсь теперь}
{key: Am}
{capo: +3}


[Am]1.Не боюсь теперь я [Dm]обид и невзгод
[G]Не боюсь теперь я вр[C]агов![E]
[Am]Мне теперь нужна только [Dm]верность Твоя,
Вс[G]ей душой любл[E]ю я [Am]Тебя![E]

Пр. Стр[Am]аха больше нет, [Dm]ведь Иисус есть свет!
       См[G]ерти больше нет, и прокл[C]ятия н[E]ет!
       В[Am]ижу впереди [Dm]лишь Твои следы, 
       Чт[G]о ведут мен[E]я в Неб[Am]еса!

2.Не боюсь теперь говорить «да» и «нет»,
У Твоей любви я учусь!
Не хочу смотреть в пустоту прошлых лет,
Сердцем всем Тебе поклонюсь!";;;;
0132;132;По площадям и рынкам;Огненный ветер;Am;3;;4/4;;;V1 C V2;Огненный ветер (аккорды);;;;;"
1.По площадям и рынкам, по узким переулкам
Средь многолюдных улиц Твоих детей ищу!
Я – раб Твой и служитель, 
А Ты – мой Царь-Спаситель!
Твою исполнить волю всем сердцем я хочу!

Пр. Всей жизнью я служу Тебе! 
       Твоя мечта живёт во мне!
       Твоя мечта - спасенье всех, 
       Победа жизни и успех!

2.Огнём Святого Духа гореть всегда я буду!
И не погаснет пламя Твоей любви, Иисус!
Я облекусь в доспехи Твоей великой славы!
Твоей безмерной веры всю силу я приму!";"{title: По площадям и рынкам}
{key: Am}
{capo: +3}


1.По [Am]площадям и [Dm]рынкам, по [E]узким пер[Am]еулкам
Средь [Am]многолюдных [Dm]улиц Тв[E]оих детей [Am]ищу!
Я – [Am]раб Твой и сл[Dm]ужитель, 
А [E]Ты – мой Царь-Спас[Am]итель!
Тво[F]ю исполнить [Dm]волю всем [E]сердцем я [Am]хочу!

Пр. Всей ж[A7]изнью я сл[Dm]ужу Тебе! 
       Тво[G]я мечта жив[C]ёт во мне!
       Тво[F]я мечта - спас[Dm]енье всех, 
       Поб[E]еда жизни [Am]и успех!

2.Огнём Святого Духа гореть всегда я буду!
И не погаснет пламя Твоей любви, Иисус!
Я облекусь в доспехи Твоей великой славы!
Твоей безмерной веры всю силу я приму!";;;;
0133;133;Почему скрываешь Ты;Огненный ветер;Am;3;;4/4;;;V1 C V2;Огненный ветер (аккорды);;;;;"1.Почему скрываешь Ты Своё лицо?
Почему не слышу я Тебя, Иисус?
Прежней жизни время для меня прошло,
И уже туда  я не вернусь…

Пр. Иисус, Иисус! Прости меня!
       Иисус, Иисус! Люблю Тебя!

2. Пусть из сердца навсегда уходит ночь!
Пусть наступит в нём твоей любви рассвет!
Всем сомненьям говорю теперь я: «прочь!»
Ты мой Бог! В Тебе неправды нет!";"
[Am]1.Почему скрываешь Ты Своё лицо?[Dm]
[Am]Почему не слышу я Тебя, Иисус?[E]
[Am]Прежней жизни время для меня прошло,[Dm]
[Am]И уже туда  я не вернусь…[E]

[Am]Пр. Иису[Dm]с, Иисус! Пр[E]ости м[Am]еня![E]
[Am]       И[Dm]исус, Иисус![E] Люблю[Am] Тебя!

2. Пусть из сердца навсегда уходит ночь!
Пусть наступит в нём твоей любви рассвет!
Всем сомненьям говорю теперь я: «прочь!»
Ты мой Бог! В Тебе неправды нет!
";;;;
0134;134;Призрел Господь (Пс.30);Огненный ветер;Am;3;;4/4;;;V1 C V2 V3;Огненный ветер (аккорды);;;;;"
1.Призрел Господь на бедствие души моей
И не предал, избавил от руки врага!
Все дни мои отныне лишь в руке Твоей!
Ты – дом прибежища и истины скала!

Пр. Не поколеблюсь я, не поколеблюсь!
       Не постыжусь теперь в Тебе вовек!
      Явил лицо Своё, хранишь мне верность,
       В Твоей любви, мой Бог, сомнений нет!

2.Я был забыт в сердцах, как мёртвый, как сосуд,
Разбитый горечью и тяжестью грехов!
В смятении думал, что отвержен от Тебя,
Но Ты укрыл от пререканья языков!

3.Как много благ, непостижимых для меня,
Хранит Господь и дарит в милости Своей!
Ты – крепость жизни и спасенье для меня!
Моя ограда, сила верности моей!";"{title: Призрел Господь (Пс.30)}
{key: Am}
{capo: +3}


1.Призрел Госп[Am]одь на бедств[E]ие души [Am]моей
И не пр[Am]едал, избавил [E]от руки вр[Am]ага!
Все дни м[Dm]ои отныне лишь в руке Тв[G]оей!
Ты – дом приб[Dm]ежища и [E]истины ск[Am]ала!

Пр. Не покол[Dm]еблюсь я, не покол[Am]еблюсь!
       Не постыж[E]усь теперь в Тебе в[Am]овек!
      Явил л[Dm]ицо Своё, хранишь мне [Am]верность,
       В Твоей любв[E]и, мой Бог, сомнений [Am]нет!

2.Я был забыт в сердцах, как мёртвый, как сосуд,
Разбитый горечью и тяжестью грехов!
В смятении думал, что отвержен от Тебя,
Но Ты укрыл от пререканья языков!

3.Как много благ, непостижимых для меня,
Хранит Господь и дарит в милости Своей!
Ты – крепость жизни и спасенье для меня!
Моя ограда, сила верности моей!";;;;
0135;135;Хожу по земле;Огненный ветер;Am;3;;4/4;;;V1 V2 V3;Огненный ветер (аккорды);;;;;"1. Хожу по земле, летаю во сне, и где бы я ни был,
Я знаю одно, что Бог подарил внутри меня Небо!
Вокруг меня ад, проклятия смрад, неверие в Бога!
Но мне  темнота теперь не страшна: я знаю дорогу!
Я знаю дорогу, я знаю дорогу!

2. Люди греха жаждут всегда зрелищ и хлеба!
Я же прошу: «Бог, подари им Своё Небо!»
Чтоб в темноте очи слепых тут же прозрели!
Чтобы уста, прежде немых, песни запели!
Песни запели, песни запели!

3. На Небесах ночью и днём я поклоняюсь!
В страхе Твоём Божьим огнём я очищаюсь!
Сердца сосуд с Небом внутри я разбиваю…
Людям служить сердцем своим я избираю!
Я избираю! Я избираю!";"
[Am]1. Хожу по земле, лет[Dm]аю во сне, и где бы я н[E]и был,[Am]
[Dm]Я знаю одно, что Бог подар[E]ил внутри меня Небо![Am]
[Dm]Вокруг меня ад, проклятия с[G]мрад, неверие в Бога![C][F]
[Dm]Но мне  темнота теперь не ст[E]рашна: я знаю дорогу[Am]!
[F]Я з[G]наю дорогу, я знаю д[Am]орогу!

2. Люди греха жаждут всегда зрелищ и хлеба!
Я же прошу: «Бог, подари им Своё Небо!»
Чтоб в темноте очи слепых тут же прозрели!
Чтобы уста, прежде немых, песни запели!
Песни запели, песни запели!

3. На Небесах ночью и днём я поклоняюсь!
В страхе Твоём Божьим огнём я очищаюсь!
Сердца сосуд с Небом внутри я разбиваю…
Людям служить сердцем своим я избираю!
Я избираю! Я избираю!";;;;
0136;136;Иисус моя радость!;Огненный ветер;Am;3;;4/4;;;V1 V2 V3;Огненный ветер (аккорды);;;;;"1.Иисус моя радость,   Он вся полнота,
Что с неба приходит    посредством креста.
Он -  Бога дыханья    сердечного ритм
Я Им наслаждаюсь,    дыша вместе с Ним! -2р.

2.Пойду за Тобою долиною тьмы!
Ты - Пастырь мой добрый, Ты - Пастырь любви!
В сомненьях и боли ведёшь Ты меня
Долиною плача, долиной огня!

3.За правую руку Ты держишь меня
И шепчешь с любовью: «Не бойся, дитя!
Тебя не оставлю, тебя Я простил
И вечной любовью тебя возлюбил!»";"
[Am]1.Иисус [G]моя радость,   Он вся пол[Am]нота,
[Am]Что с[G] неба приходит    посредством к[Am]реста[A7].
[Dm]Он - [G] Бога дыханья    сердеч[C]ного ритм[F]
[Dm]Я Им н[E]аслаждаюсь,    дыша вместе с Н[Am]им![-] -[E]2р.

2.Пойду за Тобою долиною тьмы!
Ты - Пастырь мой добрый, Ты - Пастырь любви!
В сомненьях и боли ведёшь Ты меня
Долиною плача, долиной огня!

3.За правую руку Ты держишь меня
И шепчешь с любовью: «Не бойся, дитя!
Тебя не оставлю, тебя Я простил
И вечной любовью тебя возлюбил!»";;;;
0137;137;Разлилась в берега;Огненный ветер;Am;3;;4/4;;;V1 C V2 V3;Огненный ветер (аккорды);;;;;1. Разлилась в берега Твоей славы река!Принесла чудеса исцелений река!В ней любви через край, ты её выпивай!Белых птиц посчитай, счастья им пожелай! Пр. Вей, вей, ветерок! Вей, вей по реке!       У реки путь глубок! Пойду по воде!  2. Солнце смотрит с небес, у него интерес:Сколько будет чудес? Исцелений чудес?Белые облака отражает река! Радостью свысока отражает река! 3. Как живая вода не приносит вреда, - Так и будет всегда: нам беда – не беда!Пусть холодный денёк! Пусть и путь наш далёк!Принесёт огонёк для тебя ветерок!;{title: Разлилась в берега}{key: Am}{capo: +3}[V1]Разлил[Am]ась в берег[G]а Твоей сл[F]авы рек[E]а!Принесл[Dm]а чудес[F]а исцел[E]ений р[Am]ека!В ней любв[Am]и через кр[G]ай, ты [F]её выпив[E]ай!Белых [Dm]птиц посчит[F]ай, счастья [E]им пожел[Am]ай! [C]Вей, [Am]вей, ветер[G]ок! Вей, в[F]ей по рек[E]е!       У рек[Dm]и путь глуб[F]ок! Пойд[E]у по вод[Am]е![V2]Солнце смотрит с небес, у него интерес:Сколько будет чудес? Исцелений чудес?Белые облака отражает река! Радостью свысока отражает река! [V3]Как живая вода не приносит вреда, -Так и будет всегда: нам беда – не беда!Пусть холодный денёк! Пусть и путь наш далёк!Принесёт огонёк для тебя ветерок!;;;;
0138;138;Ждёт меня земля обетованная;Огненный ветер;Am;3;;4/4;;;V1 C V2;Огненный ветер (аккорды);;;;;"
1.Ждёт меня земля обетованная, 
Царских сыновей Твоих земля!
К ней спешат гонцы иного времени, 
Что имеют слово от Тебя!
Позади остались все проклятия, 
И грехов пустыня - позади!
Вижу распростёртые объятия 
От Отца обещанной земли!

Пр. «Земля, земля!      Твой Царь грядёт!
       Земля, земля!     Где твой народ?
       Встречай, земля,     своих детей!
       Своих сынов     встречай скорей!»

2.Дух Святой водил огнём и облаком
Тех, кто кровью Агнца был омыт!
Тех, кто в Твоём сердце всеобъемлющем 
От греха и горя был сокрыт!
Властью Твоего святого имени 
Побеждали всех врагов в войне;
Верою ходили, а не виденьем; 
Как пришельцы были на земле!";"{title: Ждёт меня земля обетованная}
{key: Am}
{capo: +3}


1.Жд[Am]ёт меня земля обетов[Dm]анная, 
Ц[E]арских сыновей Твоих [Am]земля![E]
К н[Am]ей спешат гонцы иного [Dm]времени, 
Чт[E]о имеют слово от Теб[Am]я!
П[A7]озади остались все прокл[Dm]ятия, 
[G]И грехов пустыня - позад[C]и!
В[F]ижу распростёртые объ[Dm]ятия 
[E]От Отца обещанной земл[Am]и!

Пр. «Земля, з[Dm]емл[G]я!      Твой Царь гр[C]ядёт![F]
       Земля, земл[Dm]я!     [E]Где твой нар[Am]од?
       Встречай, земл[Dm]я,     [G]своих дет[C]ей![F]
       Своих сын[Dm]ов     [E]встречай скор[Am]ей!»

2.Дух Святой водил огнём и облаком
Тех, кто кровью Агнца был омыт!
Тех, кто в Твоём сердце всеобъемлющем 
От греха и горя был сокрыт!
Властью Твоего святого имени 
Побеждали всех врагов в войне;
Верою ходили, а не виденьем; 
Как пришельцы были на земле!";;;;
0139;139;Когда голос сорвался в ночи;Огненный ветер;Am;4;;4/4;;;V1 V2 V3 V4;Огненный ветер (аккорды);;;;;"1.Когда голос сорвался в ночи,
И как раньше не может звенеть,
Говорю я себе: «Не молчи!
Надо снова учиться   петь! »

2. Друг за другом уходят друзья,
Обрывая доверия нить…
Сердце шепчет, печаль заслоня:
«Надо снова учиться любить!»

3. Когда другом становится боль,
И не хочется радостным быть,
А к вискам приливает кровь,
Надо снова учиться жить!

4.Год за годом, за часом час
Враг стремится меня убить…
Только я говорю каждый раз:
«Буду верить, надеяться, жить!»
Только я говорю каждый раз:
«Буду петь и любить, и служить!»";"
[Am]1.Когда гол[Dm]ос сорвался в[E] ночи,
[Am]И как раньше н[Dm]е может звене[E]ть,
[Dm]Говорю[Gm] я себе: «Не молч[A7]и!
[Am]Надо с[Dm]нова у[E]чит[Am]ься   петь! »

2. Друг за другом уходят друзья,
Обрывая доверия нить…
Сердце шепчет, печаль заслоня:
«Надо снова учиться любить!»

3. Когда другом становится боль,
И не хочется радостным быть,
А к вискам приливает кровь,
Надо снова учиться жить!

4.Год за годом, за часом час
Враг стремится меня убить…
Только я говорю каждый раз:
«Буду верить, надеяться, жить!»
Только я говорю каждый раз:
«Буду петь и любить, и служить!»";;;;
0140;140;Преломляя Твой хлеб;Огненный ветер;Am;3;;4/4;;;V1 C V2 V3;Огненный ветер (аккорды);;;;;"1.Преломляя Твой хлеб на Твоих Небесах,
Я вхожу во Святое Святых!
Причащаясь крови, вечной жизни Христа,
Я хочу быть в объятьях Твоих!

Пр. Ты пролил Свою кровь, подарил нам любовь
       Проклят был на кресте, Божий Сын!
       Алой кровью святой был пропитан крест Твой,
       Навсегда изменив мою жизнь!

2.Как могли мы, скажи, в Твоё сердце плевать?
Сладострастно Тебя распинать?
Как мы можем сейчас Твоих ран благодать
Через хлеб и вино принимать?

3.Только Ты, Иисус, в этом мире греха
Свою святость сберёг до конца!
Чтоб сегодня я мог ею сердце омыть
И попасть на Твои Небеса!";"
[Am]1.Преломляя Тв[Dm]ой хлеб на Тво[G]их Небесах,[C]
[F]Я вхожу во Свят[E]ое Святых![Am][E]
[Am]Причащаясь [Dm]крови, вечной жиз[G]ни Христа,[C]
[F]Я хочу быть в объять[E]ях Твоих![Am][A7]

[Dm]Пр. Ты пролил Св[G]ою кровь, подари[C]л нам любовь[F]
[Dm]       Проклят [E]был на кресте, Бож[Am]ий Сын![A7]
[Dm]       Алой к[G]ровью святой был пр[C]опитан крест Твой,[F]
[Dm]       Навсе[E]гда изменив м[Am]ою жизнь!

2.Как могли мы, скажи, в Твоё сердце плевать?
Сладострастно Тебя распинать?
Как мы можем сейчас Твоих ран благодать
Через хлеб и вино принимать?

3.Только Ты, Иисус, в этом мире греха
Свою святость сберёг до конца!
Чтоб сегодня я мог ею сердце омыть
И попасть на Твои Небеса!";;;;
0141;141;Пусть цветом нежной яблони;Огненный ветер;Am;3;;4/4;;;V1 C V2;Огненный ветер (аккорды);;;;;"
1.Пусть цветом нежной яблони 
Вспыхнет в душе хвала!
Ярким сияньем радуги в небо взлетит она!
Солнце любви не скроется, если со мною Бог!
Сердце дождём омоется, радостно запоёт!

Пр. Радость, радость, радость полная, 
       Как река без берегов!
       Накрывает меня волнами 
       Чудесами лучших снов!
       Радость, радость, радость полная 
       Приходящая с Небес!
       Увенчал Тебя короною 
       Твоей царской смерти крест!

2.Если на сердце холодно, если в душе зима,
Радостью сможет огненной 
Лёд растопить хвала!
Бога-Отца Небесного благословит душа!
Звёздными бриллиантами станут мои слова!";"{title: Пусть цветом нежной яблони}
{key: Am}
{capo: +3}


[Am]1.Пусть [A7]цветом нежной [Dm]яблони 
Всп[G]ыхнет в душе хв[C]ала!
[F]Ярким сияньем [Dm]радуги в [E]небо взлетит [Am]она![E]
Сол[Am]нце любви не скро[Dm]ется, есл[G]и со мною Б[C]ог!
С[F]ердце дождём [Dm]омоется, [E]радостно зап[Am]оёт!

Пр. Р[A7]адость, радость, радость [Dm]полная, 
       К[G]ак река без берег[C]ов!
       Н[F]акрывает меня [Dm]волнами 
       Ч[E]удесами лучших [Am]снов!
       Радость, радость, радость полная 
       Приходящая с Небес!
       Увенчал Тебя короною 
       Твоей царской смерти крест!

2.Если на сердце холодно, если в душе зима,
Радостью сможет огненной 
Лёд растопить хвала!
Бога-Отца Небесного благословит душа!
Звёздными бриллиантами станут мои слова!";;;;
0142;142;Глория!;Огненный ветер;Am;3;;4/4;;;C V1 V2;Огненный ветер (аккорды);;;;;"
1. Друг мой милый, поговори со мной!
Видишь стрелы ты за моей спиной?
Мне так трудно жить без твоей любви! 
Не молчи же! Лучше поговори!

Пр. Растворяет тучи любовь твоя!
       Обнимает вечность тогда меня!
       Верю я в чудо, в наше единство душ,
       Тьму молчания, друг мой, 
       Сейчас разрушь!

2. Друг мой верный, не предавай меня!
Как встречать мне Господа без тебя?
И в чужие страны не уходи! 
Там не будет больше моей любви!";"{title: Друг мой милый}
{key: Am}
{capo: +3}


1. Др[Am]уг мой милый, [Dm]поговори со мн[E]ой!
[Am]Видишь стр[F]елы [Dm]ты за м[E]оей сп[Am]иной?[E]
[Am]Мне так трудно [Dm]жить без твоей любв[E]и! 
[Am]Не молч[F]и же! Л[Dm]учше пог[E]овор[Am]и!

Пр. [Am]Растворяет [Dm]тучи [G]любовь твоя![C]
       Обнима[F]ет [E]вечность тогда мен[Am]я!
       Верю я в ч[Dm]удо, в н[G]аше единство [C]душ,
       Тьму молч[F]ания, др[E]уг мой, 
       Сейчас разр[Am]ушь!

2. Друг мой верный, не предавай меня!
Как встречать мне Господа без тебя?
И в чужие страны не уходи! 
Там не будет больше моей любви!";;;;
0143;143;Как долго я к Тебе взывал;Огненный ветер;Am;4;;4/4;;;V1 V2 V3 V4 V5;Огненный ветер (аккорды);;;;;"
1.Как долго я к Тебе взывал, 
Как долго я Тебя искал,
Но не нашёл и в страшной тьме 
Я на кресте              Тебя распял…

2.Смеясь кричал: «Распни Его!», 
В ответ не слышал ничего…
В плевках моих Ты умирал, 
Спокойно я на всё взирал!

3. Небесный суд приговорил 
Тебя на смерть, и утвердил
Тот приговор распятьем я, 
Лжецом любви назвав Тебя!

4.Стекала вниз на землю кровь! 
Я не узнал в Тебе ЛЮБОВЬ!
А Ты просил, Отца моля, простить! 
Простить! Простить меня!

5. У ног Твоих сегодня я! 
Прощён Тобой, и, как дитя
Омыт в любви, и страха нет!
В устах – хвала! А в сердце – крест!
Омыт в любви, и страха нет! 
В устах – хвала! А в сердце – свет!";"{title: Как долго я к Тебе взывал}
{key: Am}
{capo: +4}


1.К[Am]ак долго я к [E]Тебе взывал, [Am]
К[Am]ак долго я Т[E]ебя искал,[Am]
Но не наш[A7]ёл и в страшной [Dm]тьме [E]
Я на крест[Am]е     [F]   [Dm]      Теб[E]я расп[Am]ял…

2.Смеясь кричал: «Распни Его!», 
В ответ не слышал ничего…
В плевках моих Ты умирал, 
Спокойно я на всё взирал!

3. Небесный суд приговорил 
Тебя на смерть, и утвердил
Тот приговор распятьем я, 
Лжецом любви назвав Тебя!

4.Стекала вниз на землю кровь! 
Я не узнал в Тебе ЛЮБОВЬ!
А Ты просил, Отца моля, простить! 
Простить! Простить меня!

5. У ног Твоих сегодня я! 
Прощён Тобой, и, как дитя
Омыт в любви, и страха нет!
В устах – хвала! А в сердце – крест!
Омыт в любви, и страха нет! 
В устах – хвала! А в сердце – свет!";;;;
0144;144;Зачем слова?;Огненный ветер;Am;3;;4/4;;;V1 V2 V3;Огненный ветер (аккорды);;;;;"1.Зачем слова, зачем улыбки?
Обман раскрыт! Отец, я понял всё!
Конец пути… Твои глаза закрыты,
А губы шепчут… Молишься ещё,
Что, может быть, ещё случится чудо,
Что остановит кто-нибудь тебя,
Что, может быть, с тобой ещё я буду, 
Что это сон? Но только знаю я:

Не шёл за нами агнец всесожженья,
Лишь я и ты… И впереди – огонь!
Не плачь, отец! Последние мгновенья
Хочу, как сын, я провести с тобой!

2.Хочу обнять, но руки онемели; 
Хочу сказать, но тяжелы слова;
Хочу с тобою разделить потерю!
Но только как? Потеря – это я!
Люблю тебя! Люблю! Люблю безмерно!
На всё готов пойти, тебя любя!
И, если быть мне жертвой, - буду жертвой!
И, если агнцем, - агнцем буду я!

3.Ну, вот и всё! Над головою – Небо!
Ему я отдаю и жизнь, и кровь!
В руке – кинжал, а в сердце – Божья вера!
Твоей рукою двигает ЛЮБОВЬ!";"{title: Зачем слова?}
{key: Am}
{capo: +3}

1.З[Am]ачем слова, зачем ул[F]ыбки?
[Am]Обман раскрыт! От[F]ец, я понял [Dm]всё!
Конец пути… Тв[G]ои глаза закрыты,
[F]А губы шепчут… М[E]олишься ещё,[Am]
[Am]Что, может быть, ещ[F]ё случится чудо,
[Am]Что остановит кт[F]о-нибудь теб[C]я,
Что, может быть, с тоб[G]ой ещё я буду, 
Что это с[F]он? Но [E]только знаю [Am]я:

Не шёл за нами агнец всесожженья,
Лишь я и ты… И впереди – огонь!
Не плачь, отец! Последние мгновенья
Хочу, как сын, я провести с тобой!

2.Хочу обнять, но руки онемели; 
Хочу сказать, но тяжелы слова;
Хочу с тобою разделить потерю!
Но только как? Потеря – это я!
Люблю тебя! Люблю! Люблю безмерно!
На всё готов пойти, тебя любя!
И, если быть мне жертвой, - буду жертвой!
И, если агнцем, - агнцем буду я!

3.Ну, вот и всё! Над головою – Небо!
Ему я отдаю и жизнь, и кровь!
В руке – кинжал, а в сердце – Божья вера!
Твоей рукою двигает ЛЮБОВЬ!";;;;
0145;145;Я за Тобой хочу идти;Огненный ветер;Am;3;;4/4;;;V1 C V2;Огненный ветер (аккорды);;;;;"1.Я за Тобой хочу идти, туда, где ждёт любовь!
Туда, где музыкой огня забьётся сердце вновь!
Я больше не хочу грешить в безжизненной тюрьме!
Я посвящаю жизнь свою навеки лишь Тебе!

Пр. Ты ввёл меня в Свой чудный свет,
       Мой дорогой Иисус!
       Я перешёл из смерти в жизнь и тьмы я не боюсь!
       Я не боюсь теперь сжигать неверия мосты…
       Хочу любить, хочу служить, хочу быть там, где Ты!

2.Ты поведёшь меня туда, где люди ждут Тебя,
Где будет боль и темнота, где буду в страхе я…
Но свет любви разрушит мрак, и станут ночи днём!
Надежда, вера и любовь зажгут сердца огнём!";"
[Am]1.Я за Тобой хочу идти, туда, где ж[Dm]дёт любовь![E]
[Am]Туда, где музыкой огня забьётся сердце[Dm] вновь![E]
[Am]Я больше не хочу грешить в безжизненной тюрьме[Dm]![E]
[Am]Я посвящаю жизнь свою навеки лишь Теб[Dm]е![E]

[Dm]Пр. Ты ввёл меня в Свой чу[F]дный свет,
[Dm]       Мой дорого[E]й Иисус!
[Dm]       Я перешёл из[F] смерти в жизнь и тьмы я не [Dm]боюсь![E]
[Dm]       Я не боюсь[G] теперь сжигать неверия мо[F]сты…[E]
[Dm]       Хочу любить, х[F]очу служить, хочу быть[Dm] там, где Ты![E]

2.Ты поведёшь меня туда, где люди ждут Тебя,
Где будет боль и темнота, где буду в страхе я…
Но свет любви разрушит мрак, и станут ночи днём!
Надежда, вера и любовь зажгут сердца огнём!";;;;
0146;146;Я хочу сказать Тебе;Огненный ветер;Am;3;;4/4;;;V1 C V2;Огненный ветер (аккорды);;;;;"1. Я хочу сказать Тебе    о своей любви, Иисус!
И воспеть хвалу Тебе: «Аллилуйя!»
Сердце бедное моё    плачет и болит давно,
И в слезах кричит Тебе: «Аллилуйя!»

Пр. «Аллилуйя! Аллилуйя! Аллилуйя!»
       «Аллилуйя! Аллилуйя! Аллилуйя!»
       Я хочу сказать Тебе о своей любви, Иисус!
       И воспеть хвалу Тебе: «Аллилуйя!»

2. Разорвались на куски все надежды и мечты.
И шептать могу одно: «Аллилуйя!»
Как Раав хочу я быть, и держать спасенья нить!
Без конца одно твердить: «Аллилуйя!»";"
[Am]1. Я хочу сказать Тебе [E]   о своей[Am] любви, Иисус![F]
[Dm]И воспеть хвалу Тебе: «[E]Аллилуйя!»[Am][E]
[Am]Сердце бедное [E]моё    плачет[Am] и болит давно,[F]
[Dm]И в слезах кричит Тебе: [E]«Аллилуйя!»[Am]

[Am]Пр. «Аллилуйя! А[A7]ллилуйя! Аллилуйя!»[Dm]
[G]       «Аллилуйя! Аллилуйя! Аллилуйя[C]!»
[F]       Я хочу сказать Тебе о свое[Dm]й любви, Иисус!
[Dm]       И воспеть хвалу [E]Тебе: «Аллил[Am]уйя!»

2. Разорвались на куски все надежды и мечты.
И шептать могу одно: «Аллилуйя!»
Как Раав хочу я быть, и держать спасенья нить!
Без конца одно твердить: «Аллилуйя!»";;;;
0147;147;Все Небеса поют;Огненный ветер;Am;3;;4/4;;;V1 V2 V3 V4 V5;Огненный ветер (аккорды);;;;;"
1. Души омоются        чистым Твоим дождём!
На Небесах Твоих         будет светло, как днём!
Золотом улицы      будут сверкать всегда!
В чистых источниках     станет живой вода!

Пр. Вода        такая быстрая! 
       Река          кристально чистая!
       Лучей     сияние яркое! 
       Любовь нас ждёт с подарками! 

2. Песнями светлыми сердце наполнится!
Все обещания в Слове исполнятся!
Все, кто служил  Любви, в радость Небес войдут!
Все, кто служил Любви, счастье своё найдут!";"{title: Души омоются}
{key: Am}
{capo: +3}


1. Души [Am]омоютс[Dm]я        [E]чистым Тв[Am]оим дождём!
На Небес[Am]ах Твоих  [Dm]       б[E]удет св[Am]етло, как днём!
Золотом [Dm]улицы      [F]будут сверк[E]ать всегда!
В чистых ист[Dm]очниках     [F]станет ж[Dm]ивой в[E]ода!

Пр. В[Am]од[Dm]а        так[E]ая [Am]быстрая! 
       Р[Am]ека   [Dm]       крист[E]ально [Am]чистая!
       Луч[Dm]ей     [G]сияние [C]яркое! [F]
       Люб[Dm]овь нас ждёт с под[E]арками! 

2. Песнями светлыми сердце наполнится!
Все обещания в Слове исполнятся!
Все, кто служил  Любви, в радость Небес войдут!
Все, кто служил Любви, счастье своё найдут!";;;;
0148;148;Белым облаком;Огненный ветер;Am;2;;4/4;;;V2 V3 V4;Огненный ветер (аккорды);;;;;"
1. Его любовь приносит плод, как виноградная лоза! 
И знаю я - Иисус грядёт! Смотрю я смело в Небеса!
Его любовь, Его судьба лишь у подножия креста
Открылись мне сокровищем чудесным для меня!

Пр. Твой виноград – Слово Твоё! 
       Твой виноград – радость!
       Твой виноград – жизни вино, 
       Вечной любви сладость!

2. Открыта дверь в Небесный град 
Тем, кто испил Его вино!
И Дух Святой  наполнить рад 
Сосуд Небесной чистотой!";"{title: Его любовь}
{key: Am}
{capo: +2}


1. [Am]Его любовь приносит плод, как [Dm]виноградна[E]я лоза! 
И [Am]знаю я - Иисус грядёт! Смотр[Dm]ю я см[E]ело [Am]в Небеса!
[Dm]Его любовь, Его судьба лишь [G]у подножия креста
Откр[F]ылись мне с[Dm]окровищем ч[E]удесным для [Am]меня!

Пр. [Dm]Твой виноград – Сл[G]ово Твоё! 
       Тв[F]ой виногр[E]ад – [Am]радость!
       Тв[F]ой виноград – [G]жизни вино, 
       В[F]ечной любв[E]и [Am]сладость!

2. Открыта дверь в Небесный град 
Тем, кто испил Его вино!
И Дух Святой  наполнить рад 
Сосуд Небесной чистотой!";;;;
0149;149;Не погаснет свет;Огненный ветер;Am;3;;4/4;;;V1 C V2;Огненный ветер (аккорды);;;;;"
1.Не погаснет свет Слова Твоего,
Для Него нет уз, нет оков!
Я храню Его в сердце глубоко, 
Как сокровище жемчугов!

Пр. Сердце чистое    сотвори во мне, 
       Чтобы в нём хранить   все слова!
       Чтоб беречь его    в искушениях  
       От руки врага    и от зла!

2.Изливаешь Ты с Неба Свой елей, 
Исцеляешь им сердца боль!
Говоришь любя: «Приходи и пей! 
Не смотри назад! Я с тобой!»";"{title: Не погаснет свет}
{key: Am}
{capo: +3}


1.Н[Am]е погаснет св[E]ет Сл[Am]ова Тво[E]его,
[Am]Для Него нет [Dm]уз, нет ок[E]ов!
[Am]Я храню [E]Его в [Am]сердце глуб[E]око, 
К[F]ак сокров[Dm]ище жемч[E]угов![A7]

Пр. Сердце [Dm]чисто[G]е    сотвор[C]и во мне, [F]
       Чтобы в [Dm]нём хранить   [E]все сл[Am]ова![A7]
       Чтоб бер[Dm]ечь ег[G]о    в искуш[C]ениях  [F]
       От рук[Dm]и враг[E]а    и от [Am]зла!

2.Изливаешь Ты с Неба Свой елей, 
Исцеляешь им сердца боль!
Говоришь любя: «Приходи и пей! 
Не смотри назад! Я с тобой!»";;;;
0150;150;Твои песни льются мёдом;Огненный ветер;Am;3;;4/4;;;V1 C V2 C;Огненный ветер (аккорды);;;;;"1. Твои песни льются мёдом, Иерусалим!
И кружатся хороводы,      Иерусалим!
Ароматом винограда цветут сады!
Нежным ветром нас встречают Твои мечты!


Пр. Город света, город счастья – Иерусалим!
       Город боли и страданья  –  Иерусалим!
       Всё в тебе перемешалось:
       И смех и грусть…
       По твоей земле горячей      ходил Иисус!

2. Не погаснет свет надежды, Иерусалим!
Воссияет твоя слава, Иерусалим!
Зацветут в долинах розы! Придёт рассвет!
И забудутся страданья прошедших лет!

Пр. Город света, город счастья – Иерусалим!
       Мы целуем твои камни, Иерусалим!
       Всё в тебе перемешалось:
    И смех и грусть…
    По твоей земле горячей идёт Иисус!";"
[Am]1. Твои песни льются мёдом, Иерусалим![Dm]
[E]И кружатся хороводы,      Иерус[Dm]али[E]м![Am][E]
[Am]Ароматом винограда цветут сады![Dm]
[E]Нежным ветром нас встречают Твои мечты![Dm][E][Am][G]


[C]Пр. Город света, город счастья – Иерусалим[A7]![Dm]
[G]       Город боли и страданья  –  Иерус[Dm]алим![E][Am][G]
[C]       Всё в тебе перемешалось:[A7]
[Dm]       И смех и грусть…
[G]       По твоей земле горячей      х[Dm]одил Иис[E]ус![Am][E]

2. Не погаснет свет надежды, Иерусалим!
Воссияет твоя слава, Иерусалим!
Зацветут в долинах розы! Придёт рассвет!
И забудутся страданья прошедших лет!

Пр. Город света, город счастья – Иерусалим!
       Мы целуем твои камни, Иерусалим!
       Всё в тебе перемешалось:
    И смех и грусть…
    По твоей земле горячей идёт Иисус!";;;;
0151;151;Сердцем склонюсь пред Тобой;Огненный ветер;Am;3;;4/4;;;V1 V2 V3;Огненный ветер (аккорды);;;;;"1.Сердцем склонюсь пред Тобой!
Вижу я свет неземной!
Всё, что очищено, всё, что оправдано,
Всё, что искуплено –
Принял Ты! (Иисус!)

2.Корня греха больше нет!
Сердце заполнил Твой свет!
Всё, что очищено, всё, что оправдано,
Всё, что искуплено –
Принял Ты! (Иисус!)

3.В жертву Тебе, Иисус,
Я приношу жертву уст!
Всё, что очищено, всё, что оправдано,
Всё, что искуплено –
Принял Ты! (Иисус!)";"
[Am]1.Сердцем склонюсь пр[G]ед Тобой![Am]
[Dm]Вижу я свет[E] неземной![Am]
[F]Всё, что очище[G]но, всё, что о[F]правдано,[G]
[F]Всё, что искупл[G]ено –[E]
[Am]Приня[G]л Ты! (Иисус!)

2.Корня греха больше нет!
Сердце заполнил Твой свет!
Всё, что очищено, всё, что оправдано,
Всё, что искуплено –
Принял Ты! (Иисус!)

3.В жертву Тебе, Иисус,
Я приношу жертву уст!
Всё, что очищено, всё, что оправдано,
Всё, что искуплено –
Принял Ты! (Иисус!)";;;;
0152;152;Когда человек летать перестал?;Огненный ветер;Am;3;;4/4;;;C;Огненный ветер (аккорды);;;;;"
«Когда человек      летать перестал?», - 
Спросил ребёнок. Ответил отец: 
«Не знаю, сынок, ведь я не летал…»
Нам больно смотреть, 
Как рвётся душа почти с пелёнок, 
В небесную высь, за грань облаков,
В чудесную даль…
Пр. Небеса откроют двери только 
       Тем, кто в Бога верит,
       Только тем, кого зовёт Его мечта!
       Он подарит Свои крылья, 
       Чтобы люди не забыли, 
       Почему нас с детства манит высота!

 Небеса! Небеса! Высота! Высота! -
 Это детства мечта! Это Божья любовь!
 Ты зовёшь нас домой, 
 В Свой  небесный покой,
 Чтобы с нами летать вновь и вновь!";"{title: Когда человек летать перестал?}
{key: Am}
{capo: +3}


«Когда челов[Am]ек      [E]летать перест[Am]ал?», - 
Спросил реб[Dm]ёнок. Ответил от[G]ец: 
«Не знаю, сынок, ведь я не лет[C]ал…[E]»
Нам больно смотреть, 
Как рвётся душа почти с пелёнок, 
В небесную высь, за грань облаков,
В чудесную даль…
Пр. Неб[Am]еса откроют двери только 
       Т[Dm]ем, кто в Бога верит,
       Только тем, кого з[G]овёт Его м[C]ечта![E]
       Он под[Am]арит Свои крылья, 
       Чтобы [Dm]люди не забыли, 
       Поч[G]ему нас с детства м[E]анит высот[Am]а!

 Небес[Am]а! Небес[Dm]а! Высот[G]а! Высот[C]а! -
 Это д[Dm]етства мечт[G]а! Это Б[C]ожья люб[E]овь!
 Ты зов[Am]ёшь нас дом[Dm]ой, 
 В Свой  неб[G]есный пок[C]ой,
 Чтобы с н[Dm]ами лет[G]ать вновь и вн[Am]овь!";;;;
0153;153;Изольётся Твоя слава!;Огненный ветер;Am;3;;4/4;;;V1 C V2 C;Огненный ветер (аккорды);;;;;"1.Изольётся Твоя слава!
Изольётся в океан!
Это будет исцеленье
Смертью причинённых ран!

Пр. Океан Твоей любви будет здесь, на земле!
       Из любви океан будет петь о Тебе!
       Океан Твоей любви будет там, в небесах!
       Океан, океан будет здесь и будет там!

2. Через нас текут потоки
Твоих сильных горных рек!
Ждёт огня и ждёт елея
В мире каждый человек!

Пр. Благодать Твоей любви,
       Благодать любви на нас!
       Благодать, благодать, будет здесь, на земле!
       Благодать Твоей любви будет там, в небесах!
       Благодать, благодать теперь на мне!";"
[Am]1.Изольётся Твоя слава![Dm]
[Am]Изольётся в океан![E]
[Am]Это будет исцеленье[Dm]
[Am]Смертью причинённых ран![E]

[Dm]Пр. Океан Твое[G]й любви будет зд[C]есь, на земле![Am]
[Dm]       Из любв[G]и океан б[C]удет петь о Тебе[E]!
[Dm]       Океан Т[G]воей любви будет[C] там, в небесах![Am]
[Dm]       О[G]кеан, океан[E] будет здесь и будет там!

2. Через нас текут потоки
Твоих сильных горных рек!
Ждёт огня и ждёт елея
В мире каждый человек!

Пр. Благодать Твоей любви,
       Благодать любви на нас!
       Благодать, благодать, будет здесь, на земле!
       Благодать Твоей любви будет там, в небесах!
       Благодать, благодать теперь на мне!";;;;
0154;154;Только в новой судьбе;Огненный ветер;Am;3;;4/4;;;V1 C V2;Огненный ветер (аккорды);;;;;"
1. Только в новой судьбе   мне дарован покой и мир!
Приближаться к Тебе        я хочу из последних сил!
Лишь поддержка Твоя      мне поможет не умереть!
Как хочу я с Тобой, Иисус, 
В Твоё Небо орлом взлететь!

Пр. Помоги  мне познать высоту Твою!
       Помоги! Видишь, я на краю стою!
       Помоги! Как в тюрьме, я в судьбе своей!
       Помоги! Мне открыть не под силу дверь!
       (Помоги! Знаю, Ты мне откроешь дверь!)

2. Я на крыльях Твоих поднимаюсь от суеты!
Пред престолом Твоим 
Мне назначил свиданье Ты!
Как хочу я забыть о страданьях своих, Иисус!
Сердцем всем и душой своей 
     Я в объятья Твои стремлюсь!";"{title: Только в новой судьбе}
{key: Am}
{capo: +3}


1. Только в новой суд[Am]ьбе   [G]мне дарован пок[F]ой и мир!
Приближаться к Т[DmEm]ебе        я хочу из посл[Am]едних сил!
Лишь поддержка Тв[AmG]оя      мне поможет не [F]умереть!
Как хочу я с Тоб[Dm]ой, Иисус, [Em]
В Твоё Небо орл[Am]ом взлететь!

Пр. [Am]Пом[G]ог[F]и  мне позн[Dm]ать высоту Тво[G]ю!
       [Am]Пом[G]ог[F]и! Видишь, [Dm]я на кр[Em]аю ст[Am]ою!
       [Am]Пом[G]ог[F]и! Как в тюрьм[Dm]е, я в судьбе сво[G]ей!
       [Am]Пом[G]ог[F]и! Мне откр[Dm]ыть не под [Em]силу [Am]дверь!
       (Помоги! Знаю, Ты мне откроешь дверь!)

2. Я на крыльях Твоих поднимаюсь от суеты!
Пред престолом Твоим 
Мне назначил свиданье Ты!
Как хочу я забыть о страданьях своих, Иисус!
Сердцем всем и душой своей 
     Я в объятья Твои стремлюсь!";;;;
0155;155;Истина преткнулась;Огненный ветер;Am;3;;4/4;;;C V2 C V3 C V4 C;Огненный ветер (аккорды);;;;;"
Истина преткнулась,   мудрость пошатнулась, 
И любовь не может    без труда войти!
Чтобы разуменье   в Боге исцелилось,
Чтобы твоё сердце    мог Иисус спасти?
Пр. Почему ты выбираешь цепи ада?
      Почему тебе приятен запах смрада?
      Истина преткнулась,    мудрость пошатнулась,
      И любовь не может   с нежностью войти!

2.Ты врагом обманут, узел лжи затянут: 
Над твоей главою грех припас петлю.
Если не отвергнешь, то закрою двери! 
Если не поверишь, что тебя люблю…
Пр. Почему ты хочешь слушать голос смерти?
       Почему тебе приятны речи эти?
       Ты врагом обманут, узел лжи затянут: 
       Над твоей главою грех припас петлю.

3.Умереть несложно, ты заснёшь спокойно, 
Тебе будет сниться, будто райский сад…
Но пройдёт реклама, тебя встретит ужас
С хохотом откроет свои двери ад!
Пр. Почему ты отвергаешь милость Бога?
       Почему тебя зовёт греха дорога? 
       Умереть несложно, ты заснёшь спокойно, 
       Тебе будет сниться, будто райский сад…

4.Воззови к Иисусу, завтра будет поздно!
Мир исчезнет скоро в пламени огня…
Положи лишь руку на больное сердце:
Исцелит мгновенно Иисус тебя!
Пр. Пусть любовь скорей наполнит твою душу,
       Осужденье от врага теперь не слушай!
       Положи лишь руку на больное сердце:
       Исцелит мгновенно Иисус тебя!
";"{title: Истина преткнулась}
{key: Am}
{capo: +3}


Ист[Am]ина преткнул[Dm]ась,   [E]мудрость пошатнул[Am]ась, 
[F]И любовь не [Dm]мож[E]ет    без труда [Am]войти!
[Am]Чтобы разум[Dm]ень[E]е   в Боге исц[Am]елилось,
[F]Чтобы твоё [Dm]сердц[E]е    мог Иисус сп[Am]асти?
Пр. Почему ты [A7]выбираешь цепи ада?[Dm]
      Почем[G]у тебе приятен запах смр[C]ада?
      [Am]Истина преткн[Dm]улась[E],    мудрость пошатн[Am]улась,[F]
      И любовь не [Dm]мож[E]ет   с нежностью в[Am]ойти!

2.Ты врагом обманут, узел лжи затянут: 
Над твоей главою грех припас петлю.
Если не отвергнешь, то закрою двери! 
Если не поверишь, что тебя люблю…
Пр. Почему ты хочешь слушать голос смерти?
       Почему тебе приятны речи эти?
       Ты врагом обманут, узел лжи затянут: 
       Над твоей главою грех припас петлю.

3.Умереть несложно, ты заснёшь спокойно, 
Тебе будет сниться, будто райский сад…
Но пройдёт реклама, тебя встретит ужас
С хохотом откроет свои двери ад!
Пр. Почему ты отвергаешь милость Бога?
       Почему тебя зовёт греха дорога? 
       Умереть несложно, ты заснёшь спокойно, 
       Тебе будет сниться, будто райский сад…

4.Воззови к Иисусу, завтра будет поздно!
Мир исчезнет скоро в пламени огня…
Положи лишь руку на больное сердце:
Исцелит мгновенно Иисус тебя!
Пр. Пусть любовь скорей наполнит твою душу,
       Осужденье от врага теперь не слушай!
       Положи лишь руку на больное сердце:
       Исцелит мгновенно Иисус тебя!
";;;;
0156;156;Сердце моё трепещет (Ис. 21);Огненный ветер;;0;;4/4;;;V1 C V2 V3 B;Огненный ветер (аккорды);;;;;"1. Сердце моё трепещет, муки схватили меня;И превратилась в ужас ночь моя!   Взволнован от слов, что слышу, смущён от того, что вижу:Ибо так сказал мне Господь Судия:Пр. Пал, пал, пал Вавилон! Пал, пал, пал Вавилон!       Все идолы богов его разбиты!       Пал, пал, пал Вавилон! Пал, пал, пал Вавилон!       Нет больше от богов ему защиты!2. На страже стоял я днём, и ночью не отдыхал!И теперь, как лев я хочу кричать:«О, Господин мой, Царь! Я вижу видение! И то, что вижу, я возвещаю вам!»3. Сердце моё трепещет, муки схватили меня;И превратилась в ужас ночь моя!Взволнован от слов, что слышу, смущён от того, что вижу:Ибо так сказал мне Господь Судия!Бр. Ибо так сказал мне Господь!       Ибо так сказал мне Господь!      Ибо так сказал мне Господь Судия!";"{title: Сердце моё трепещет (Ис. 21)}{key: Am}{capo: +0}[V1]С[Am]ердце моё трепещет, [G]муки схватили меня;[F]И превратилась в ужас ночь мо[E]я!   Взволн[Am]ован от слов, что слышу, смущ[G]ён от того, что вижу:[F]Ибо так сказал мне Господь Суди[E]я:[C]П[Am]ал, пал, пал Вавилон! П[G]ал, пал, [Am]пал Вавилон!       Все [F]идолы бог[Dm]ов его разб[E]иты!       [Am]Пал, пал, пал Вавилон! П[G]ал, пал, [Am]пал Вавилон!       Нет б[F]ольше от бог[Dm]ов ему защ[E]иты![V2]На страже стоял я днём, и ночью не отдыхал!И теперь, как лев я хочу кричать:«О, Господин мой, Царь! Я вижу видение! И то, что вижу, я возвещаю вам!»[V3]Сердце моё трепещет, муки схватили меня;И превратилась в ужас ночь моя!Взволнован от слов, что слышу, смущён от того, что вижу:Ибо так сказал мне Господь Судия![B][Am]Ибо так сказал мне Господь!      [G]Ибо так сказал мне Господь!      [F]Ибо так сказ[Dm]ал мне Господь Суди[E]я!";;;;
0157;157;Как зерно в земле;Огненный ветер;Am;3;;4/4;;;V1 V2 V3;Огненный ветер (аккорды);;;;;"
1.Как зерно в земле умереть хочу, 
Чтобы плод Тебе принести!
Я хочу пойти, оставляя всё; 
На плечах Твой крест понести!
Не могу молчать, но хочу кричать 
Из последних сил:     «Помоги!»
Если Ты со мной, дорогой Иисус, 
Не боюсь сумы   и тюрьмы!

2. Буду там, где Ты! Где Твои слова
Приготовили мне шатёр!
Непорочен Ты в святости Своей,
Мой родной Иисус! Милый мой!
Этот брачный пир лишь для тех, кто свят! 
Кто решил идти до конца!
Несмотря на кровь, несмотря на боль 
От следов гвоздей и венца!

3. По щеке течёт горькая слеза: 
Я - ничто, мой Бог, без Тебя!
Тает в сердце лёд, тяжелы глаза…
Я вхожу в шатёр из огня!
Я вхожу в него под фатой любви, 
Как на смерть иду к Жениху!
Только знаю я: Ты – любовь моя! 
Лишь Твоей судьбой я живу! ";"{title: Как зерно в земле}
{key: Am}
{capo: +3}


[Am]1.К[G]ак [Am]зерно в земл[Am]е ум[G]ер[Am]еть хочу, 
Чтобы пл[F]од Теб[G]е прин[Am]ести!
Я хоч[F]у пойти, оставл[Am]яя всё; 
На плеч[G]ах Твой [Em]крест пон[Am]ести![G]
Не мог[C]у молчать, но хочу [Em]кричать 
Из посл[Am]едних сил:     «Пом[F]оги!»[G]
Если Т[C]ы со мной, дорог[Em]ой Иисус, 
Не бо[Am]юсь сумы   и тюр[F]ьмы![G]

2. Буду там, где Ты! Где Твои слова
Приготовили мне шатёр!
Непорочен Ты в святости Своей,
Мой родной Иисус! Милый мой!
Этот брачный пир лишь для тех, кто свят! 
Кто решил идти до конца!
Несмотря на кровь, несмотря на боль 
От следов гвоздей и венца!

3. По щеке течёт горькая слеза: 
Я - ничто, мой Бог, без Тебя!
Тает в сердце лёд, тяжелы глаза…
Я вхожу в шатёр из огня!
Я вхожу в него под фатой любви, 
Как на смерть иду к Жениху!
Только знаю я: Ты – любовь моя! 
Лишь Твоей судьбой я живу! ";;;;
0158;158;Песня о песне;Огненный ветер;Am;5;;4/4;;;C V2 V3;Огненный ветер (аккорды);;;;;"
Песня лёгкой птицей в небеса взлетает,
Только в ней последней строчки не хватает;
Словно недописанной любви страница,
Словно чьих-то судеб испугалась птица…

Пр. Пусть летит, летит по небу птица!
      Пусть парит и над землёй кружится!
      Только я прошу её спуститься,
      За последней строчкой возвратиться!

2. Знает Бог слова моей последней песни!
Знает, с кем всегда, навеки будем вместе!
Если хватит сил судьбы припев исправить!
Только сложно точки с запятой расставить…

3.Верю, что поможет моей песне ветер!
Верю, - на свободе будет птице легче!
Знаю, что вопросы могут стать ответом,
Если все припевы поменять с куплетом!

Всё что было радостью, стало печальюПусть печаль обратится в радостьВсё что было живым – погибло, но и мёртвое может воскреснуть";"{title: Песня о песне}
{key: Am}
{capo: +5}


Песня [Am]лёгкой птицей в небеса [G]взлета[Am]ет,
Т[Am]олько в ней последней строчки [G]не хв[Am]атает;
Сл[Dm]овно нед[E]описанной любви стр[Am]аница,
Сл[Dm]овно чьих-то [E]судеб испугалась [Am]птица…

Пр. Пусть л[Am]етит, летит по небу [Dm]птица!
      Пусть пар[G]ит и над землёй круж[C]ится!
      Только [F]я прошу её спуст[Dm]иться,
      За посл[E]едней строчкой возвр[Am]атиться!

2. Знает Бог слова моей последней песни!
Знает, с кем всегда, навеки будем вместе!
Если хватит сил судьбы припев исправить!
Только сложно точки с запятой расставить…

3.Верю, что поможет моей песне ветер!
Верю, - на свободе будет птице легче!
Знаю, что вопросы могут стать ответом,
Если все припевы поменять с куплетом!

Всё что было радостью, стало печальюПусть печаль обратится в радостьВсё что было живым – погибло, но и мёртвое может воскреснуть";;;;
0159;159;Прекрасен мир;Огненный ветер;C;3;;4/4;;;V1 C V2;Огненный ветер (аккорды);;;;;"1.Прекрасен мир, где все сбываются мечты!
Прекрасно всё, что из любви и доброты!
Прекрасен день, когда хожу во свете я,
Когда со мной мои родные и друзья!

Пр. Я так хочу всегда мечтать, 
       Я так хочу всегда летать,
       И за Тобой одним идти, 
       Чтоб свет спасения нести!
       Я так хочу всегда любить, 
       С Тобою вместе рядом быть,
       И радость всем вокруг дарить 
       Во свете яркого огня!
       Я так хочу всегда любить, с Тобою вместе рядом быть,
       И радость всем вокруг дарить  во свете дня!

2.Я всё смогу, когда со мною мой Иисус!
Я всё смогу и ничего я не боюсь!
Он мой Господь, мой Царь, мой Бог, 
Мой верный Друг!
Прекрасно всё, когда со мною мой Иисус!
";"{title: Прекрасен мир}
{key: C}
{capo: +3}

1.Прекрасен [C]мир, где все сбыв[F]аются мечт[G]ы!
Прекрасно вс[C]ё, что из любв[F]и и доброт[G]ы!
Прекрасен д[C]ень, когда хож[F]у во свете [G]я,
Когда со мн[C]ой мои родн[F]ые и друзь[G]я!

Пр. Я так хоч[C]у всегда мечтать, 
       Я так хоч[Em]у всегда летать,
       И за Тоб[Am]ой одним идт[Am7]и, 
       Чтоб свет спас[F]ения н[G]ести!
       Я так хоч[C]у всегда любить, 
       С Тобою вм[Em]есте рядом быть,
       И радость вс[Am]ем вокруг дар[Am7]ить 
       Во свете [F]яркого [G]огня!
       Я так хоч[C]у всегда любить, с Тобою [Em]вместе рядом быть,
       И радость [Am]всем вокруг дар[F]ить  во [G]свете [C]дня!

2.Я всё смогу, когда со мною мой Иисус!
Я всё смогу и ничего я не боюсь!
Он мой Господь, мой Царь, мой Бог, 
Мой верный Друг!
Прекрасно всё, когда со мною мой Иисус!
";;;;
0160;160;Иисус грядёт!;Огненный ветер;Am;3;;4/4;;;V1 C V2 C;Огненный ветер (аккорды);;;;;"1.Иисус грядёт,     Его шаги
Слышны всем тем, кто были так к Нему близки!
Иисус грядёт!     И яркий свет
С Небес на землю изольёт на нас Отец!

Пр. Иисус! Я жду Тебя! Я всей душой Тебя люблю!
       Иисус! Заполнил светом, Ярким светом жизнь мою!
       Иисус! Открыл глаза и исцелил от бед меня!
       Иисус!     Навеки Ты – моя любовь
       И жизнь моя!

2.Иисус грядёт! И жизнь моя
Сокрыта в Нём! Очищена Его огнём!
Ему пою, Ему служу
Всем сердцем я Царя царей навек люблю!

Пр. Иисус! Я жду Тебя, мой Царь, мой Бог
       И мой Жених!
       Иисус! Ты больше всех моих мечтаний,
       Снов моих!
       Иисус! Всем сердцем
       Я лишь одному Тебе пою!
       Иисус! Прими, как жертву
        Уст святых, хвалу мою!";"
[Am]1.Ии[G]сус грядёт, [Am]    Ег[G]о шаги
[Am]Слышны всем тем, кто были так к Нему близки![G][E]
[Am]Иис[G]ус грядёт!     И яр[Am]кий[G] свет
[Am]С Небес на землю изольёт на нас Отец[G]![A7]

[Dm]Пр. Иисус! Я жду Тебя! Я всей душой Тебя люблю![C][Am]
[Dm]       Иисус! Заполнил светом, Ярким светом жизнь мою![C][E]
[Am]       Иисус! Открыл глаза и исцелил от бед меня![G][E]
[Am]   [F]    Иисус!     На[Dm]веки Ты – моя лю[E]бовь
[Am]     [E]  И жизнь моя!

2.Иисус грядёт! И жизнь моя
Сокрыта в Нём! Очищена Его огнём!
Ему пою, Ему служу
Всем сердцем я Царя царей навек люблю!

Пр. Иисус! Я жду Тебя, мой Царь, мой Бог
       И мой Жених!
       Иисус! Ты больше всех моих мечтаний,
       Снов моих!
       Иисус! Всем сердцем
       Я лишь одному Тебе пою!
       Иисус! Прими, как жертву
        Уст святых, хвалу мою!";;;;
0161;161;Если ты упал;Огненный ветер;Am;3;;4/4;;;V1 C B;Огненный ветер (аккорды);;;;;"
1. Ждут тебя Небеса небес! 
Хочет Бог, чтобы ты воскрес!
Ты смотри, не зевай! Агнца кровь принимай!
Ада мрак  отвергай! Лучше рай    выбирай!

Пр. Последний жизни миг 
       Придёт к тебе, мой друг!
       И будешь ты считать 
       Свой каждый сердца стук!
       Закроешь ты глаза, исчезнешь навсегда,
       Но только где же ты   окажешься тогда?

2. Ты сейчас на земле живёшь, 
Но однажды ты всё поймёшь
Что не хлеб жизнь даёт, не часов стрелок ход!
Только Бог нас ведёт, только Он нас спасёт!";"{title: Ждут тебя}
{key: Am}
{capo: +3}


1. Жд[Am]ут тебя Небес[G]а неб[Am]ес! 
Хочет Бог, чтобы [G]ты в[Am]оскрес!
Т[A7]ы смотр[Dm]и, н[G]е зев[C]ай! [F]Агнца [Dm]кровь пр[E]иним[Am]ай!
[A7]Ада мр[Dm]ак  [G]отверг[C]ай! Л[F]учше р[Dm]ай    [E]выбир[Am]ай!

Пр. П[A7]оследний жизни [Dm]миг 
       Придёт к т[G]ебе, мой др[C]уг!
       И б[F]удешь ты счит[Dm]ать 
       Свой каждый с[E]ердца ст[Am]ук!
       З[A7]акроешь ты глаз[Dm]а, исчезнешь н[G]авсегд[C]а,
       [F]Но только где же [Dm]ты   [E]окажешься тогд[Am]а?

2. Ты сейчас на земле живёшь, 
Но однажды ты всё поймёшь
Что не хлеб жизнь даёт, не часов стрелок ход!
Только Бог нас ведёт, только Он нас спасёт!";;;;
0162;162;Твои слова;Огненный ветер;Am;3;;4/4;;;V1 C V2 V3;Огненный ветер (аккорды);;;;;"1. Твои слова – зерно отборное,
Огнём Моим они очищены!
Твои слова в муку промолоты,    чтоб хлебом быть!
Кто примет их, тот примет золото
Твоей любви и истины!
Тот будет славою Небесною,    как сын покрыт!

Пр. Пусть Ангелы поют на Небесах Моих!
       Тебе они дают касаться крыл своих!
       Любовь в Моих словах, ты слышишь духом их!
       От Слова Моего ты получаешь жизнь!

2. Ты не мечи его пред свиньями,
Пусть даже свиньями богатыми!
Оно, как жемчуг драгоценнейший, тебе дано!
Ведь кровью за него заплачено,
Чтоб в Боге стали вы свободными!
Ты больше всех даров блистающих цени его!

3. Враги не входят во святилище
Огня святого поклонения!
Для них всего лишь это зрелище или кино…
Не бойся стать для всех посмешищем,
Не слушай речи пустословия!
Храни всё то, что Мной обещано тебе давно!";"
[Am]1. Твои слова – зерно отборн[Dm]ое,
[E]Огнём Моим они очищены![Am]
[F]Твои слова в муку промолоты,   [Dm] чтоб хлеб[E]ом быть![Am][E]
[Am]Кто примет их, тот примет золото[Dm]
[E]Твоей любви и истин[Am]ы!
[F]Тот будет славою Небесною,    как[Dm] сын покр[E]ыт![Am]

[Am]Пр. Пусть Ангел[Dm]ы поют на Небесах Моих![Am]
[E]       Тебе они дают ка[Am]саться крыл своих!
[Dm]       Любовь в Моих слов[G]ах, ты слышиш[C]ь духом их![F]
[Dm]       От Слов[E]а Моего [Am]ты получаешь жизнь!

2. Ты не мечи его пред свиньями,
Пусть даже свиньями богатыми!
Оно, как жемчуг драгоценнейший, тебе дано!
Ведь кровью за него заплачено,
Чтоб в Боге стали вы свободными!
Ты больше всех даров блистающих цени его!

3. Враги не входят во святилище
Огня святого поклонения!
Для них всего лишь это зрелище или кино…
Не бойся стать для всех посмешищем,
Не слушай речи пустословия!
Храни всё то, что Мной обещано тебе давно!";;;;
0163;163;Подарю любовь;Огненный ветер;Am;3;;4/4;;;V1 C V2;Огненный ветер (аккорды);;;;;"1.Подарю любовь Тебе!
Подарю любовь Тебе!
Подарю любовь Тебе!     Сердце чистое!
Нахожу в Тебе покой! Нахожу в Тебе огонь!
Нахожу я лишь в Тебе слово верное!

Пр. Слава! Слава! Слава!      Слава! Аллилуйя!
       Слава! Слава! Слава! Лишь Тебе! (Иисус!)

2.Воспою Тебе, мой Бог! -3р. Песню новую!
Пусть польётся как ручей,
Пусть польётся как елей
Уст моих Тебе хвала, песней звонкою!";"
[Am]1.Подарю любовь Тебе![Dm]
[G]Подарю любовь Тебе![C]
[F]Подарю любовь Тебе!    [Dm] Сердце чистое[E]![Am]
Нахожу в Тебе покой! Нахожу в Тебе огонь!
Нахожу я лишь в Тебе слово верное!

[Am]Пр. Слава! Слава! Слава!      [Dm]Слава![G] Аллилуйя![C]
[F]       Слава! Слава! Слава! Лиш[Dm]ь Тебе! [E](Иисус!)[(Am)]

2.Воспою Тебе, мой Бог! -3р. Песню новую!
Пусть польётся как ручей,
Пусть польётся как елей
Уст моих Тебе хвала, песней звонкою!";;;;
0164;164;Твоя святость;Огненный ветер;Am;3;;4/4;;;C V2;Огненный ветер (аккорды);;;;;"Твоя святость!
Твоя святость открывается на Небесах!
Твоя святость!
Твоя святость отражается в наших сердцах!

Пр. Всегда ты пой, пой и радуйся!
      Всегда ты пой, пой и танцуй!
      Всегда ты пой, пой и радуйся,
      И воздавай хвалу Творцу!

2.Те, кто сердце посвятил Ему;
Те, кто душу положил;
Те, кто слабым был и бессильным был,
Во сто крат получит сил!";"
[Am]Тво[Dm]я святость!
[G]Тв[C]оя святость открыв[F]ается на [E]Небесах![Am]
[Am]Тво[Dm]я святость!
[G]Тв[C]оя святость отра[F]жается в наши[E]х сердцах![Am]

[Am]Пр. Всегда ты [Dm]пой, пой и радуйся!
[G]      Всегд[C]а ты пой, пой и танцуй!
[F]      Всегда ты[Dm] пой, пой и радуйся,
[E]      И воздавай хвалу[Am] Творцу!

2.Те, кто сердце посвятил Ему;
Те, кто душу положил;
Те, кто слабым был и бессильным был,
Во сто крат получит сил!";;;;
0165;165;Небеса;Огненный ветер;Am;3;;4/4;;;V1 V2 V3;Огненный ветер (аккорды);;;;;"
1. Небеса очень скоро   я  увижу! 
Небеса! Голос Ангелов я слышу!
В Небесах исцеленья льются песней!
В Небесах всё становится чудесным! 
(В Небесах)

2.Как вчера слышу я удары плетью
Сердца крик стал последней Твоей песнью!
Ты прости, что так мало исцелённых
Через кровь ран Твоих среди спасённых! (Иисус!)

3.Исцели! Исцелён Тобою буду!
Помоги мне сейчас поверить в чудо!
Укрепи! Истомилось моё сердце!
Подними и открой надежды дверцу!
(В Небеса)";"{title: Небеса}
{key: Am}
{capo: +3}


[Am]1. Н[G]еб[F]еса очень [Dm]скор[Em]о   [Am]я  увижу! 
[Am]Неб[G]ес[F]а! Голос [Dm]Ангел[Em]ов я [Am]слышу!
В Н[F]ебес[Dm]ах исцел[G]енья ль[Em]ются [Am]песней!
В Н[F]еб[Dm]есах всё стан[Em]овится ч[Am]удесным! [F]
(В [Dm]Неб[Em]ес[Am]ах)

2.Как вчера слышу я удары плетью
Сердца крик стал последней Твоей песнью!
Ты прости, что так мало исцелённых
Через кровь ран Твоих среди спасённых! (Иисус!)

3.Исцели! Исцелён Тобою буду!
Помоги мне сейчас поверить в чудо!
Укрепи! Истомилось моё сердце!
Подними и открой надежды дверцу!
(В Небеса)";;;;
0166;166;Сны мои словно болью окутаны;Огненный ветер;;3;;4/4;;;V1 C V2 C;Огненный ветер (аккорды);;;;;1. Сны мои словно болью окутаны…Мысли все в голове перепутаны…И опоры, как пьяный, качаются! Сохрани меня, Бог, от отчаяния!Под ногами не чувствую твёрдости! Слёзы высохли все до чёрствости…Видно, жизнь не такая уж белая! Сохрани меня, Бог, от неверия!Пр. Как увидеть и понять?         Как в полёте не упасть?       Как все силы сохранить?         Как поверить и любить?2. Крылья сняты и в угол поставлены!В никуда все признания отправлены!Песни стёрлись на грани рыдания! Сохрани меня, Бог, от молчания! Слов несказанных рвётся мелодия,Но приходит поток света Божьего!И Любовью вдруг всё озаряется! Сердце Богом моим наполняется!Пр. Так приходит Твой ответ! Так врывается рассвет              Новой жизни и огня! Мой Господь, люблю Тебя!;{title: Сны мои словно болью окутаны}{key: Am}{capo: +3}[V1]Сны м[Am]ои словно болью [Dm]окутаны…Мысли вс[E]е в голове переп[Am]утаны…И оп[F]оры, как пьяный, кач[Dm]аются! Сохран[Dm]и меня, Бог, от отч[E]аяния!Под ног[Gm]ами не [A7]чувствую [Dm]твёрдости! Слёзы в[G]ысохли все до ч[C]ёрствости…Видно, ж[F]изнь не такая уж [Dm]белая! Сохр[Dm]ани меня, Бог, от нев[E]ерия![C][Am]Как ув[F]идеть [Dm]и пон[E]ять? [Am]        Как в пол[F]ёте не [Dm]упасть?[E]       [Am]Как все с[F]илы [Dm]сохран[E]ить? [Am]        Как пов[F]ерить и люб[Dm]ить?[V2]Крылья сняты и в угол поставлены!В никуда все признания отправлены!Песни стёрлись на грани рыдания! Сохрани меня, Бог, от молчания! Слов несказанных рвётся мелодия,Но приходит поток света Божьего!И Любовью вдруг всё озаряется! Сердце Богом моим наполняется![C]Так приходит Твой ответ! Так врывается рассвет       Новой жизни и огня! Мой Господь, люблю Тебя!;;;;
0167;167;Простираясь к небесному званию;Огненный ветер;Am;4;;4/4;;;C V2 V3;Огненный ветер (аккорды);;;;;"
Простираясь к небесному званию,
Оставляю всё заднее, прошлое!
Я Тобой сотворён по подобию 
В совершеннейший образ Христа!

Пр. Я Тобою спасён! Дух Святой обнимает нас!
      Я Тобою рождён! И Тобою живу сейчас!
      Без Тебя, мой Господь, 
      Мне теперь не прожить и дня!
      Я хочу стать другим! Мне поможет любовь Твоя!

2. Оставляя мирские все помыслы, 
Похоть плоти и гордость житейскую, 
Я хочу и в печали, и в радости
Познавать Твоих слов глубину!

3.Истомилась душа одинокая 
Без любви в своей грязной ненужности!
Но при встрече с Тобою растаяла,
Отреклась от греховной неверности!";"{title: Простираясь к небесному званию}
{key: Am}
{capo: +4}


Простира[Am]ясь к небесному зв[Dm]анию,
Оставл[E]яю всё заднее, [Am]прошлое![E]
Я Тоб[F]ой сотворён по [Dm]подобию 
В соверш[E]еннейший образ Хр[Am]иста!

Пр. Я Тоб[A7]ою спас[Dm]ён! Дух Свят[G]ой обним[C]ает нас!
      Я Тоб[F]ою рожд[Dm]ён! И Тоб[E]ою ж[Am]иву сейчас!
      Без Теб[A7]я, мой Госп[Dm]одь, 
      Мне теп[G]ерь не прож[C]ить и дня!
      Я хоч[F]у стать друг[Dm]им! Мне пом[E]ожет люб[Am]овь Твоя!

2. Оставляя мирские все помыслы, 
Похоть плоти и гордость житейскую, 
Я хочу и в печали, и в радости
Познавать Твоих слов глубину!

3.Истомилась душа одинокая 
Без любви в своей грязной ненужности!
Но при встрече с Тобою растаяла,
Отреклась от греховной неверности!";;;;
0168;168;Ждут тебя;Огненный ветер;Am;3;;4/4;;;V1 C V2;Огненный ветер (аккорды);;;;;"
1. За дождём привычные дни бегут! 
За дождём, проливаемым там и тут…
Жёлтый дым      опустился на летний сад…
Пусть дожди за окном ещё пошумят!

2. Я прочту неотправленное письмо, 
Ну, зачем? Для чего сохранилось оно?
Как туман окружают меня дожди,
Не видать, что откроется там, впереди!

Пр. За дождём,      знаю, ждёт снегопад!
      Чтоб войти в приготовленный сад!
      Снегопад, ждёт меня снегопад
      А дожди? Дожди уже отшумят…

3. Плачет дождь… Плачет  вместе со мною дождь!
Будет  день, а за ним молчаливая ночь!
Тик, тик-так, приближают часы рассвет,
За дождём мне откроется белый снег!

Пр. За дождём, знаю, ждёт снегопад!
      Чтоб войти в приготовленный сад!
      Снегопад, ждёт меня снегопад!
      А дожди? Дожди уже отшумят…
      Белый снег принесёт белый цвет! 
      У судьбы цвета чёрного нет!
      Так любовь покрывает собой, 
      Чтобы стать, стать твоею судьбой!";"{title: За дождём}
{key: Am}
{capo: +3}


1. [Am]За дождём привычные [Dm]дни бегут! [E]
[Am]За дождём, проливаемым [Dm]там и тут…[G]
[Dm]Жёлтый дым      [E]опустился на [Am]летний сад…[F]
[Dm]Пусть дожди за окном ещё пошум[E]ят!

2. Я прочту неотправленное письмо, 
Ну, зачем? Для чего сохранилось оно?
Как туман окружают меня дожди,
Не видать, что откроется там, впереди!

Пр. За дожд[Am]ём,      [G]знаю, ждёт снегоп[F]ад![Am]
      [Dm]Чтоб войти в приготовленный сад!
      [Am]Снегопад, ждёт меня снегопад
      [Dm]А дожди? Дожди уже отшум[E]ят…

3. Плачет дождь… Плачет  вместе со мною дождь!
Будет  день, а за ним молчаливая ночь!
Тик, тик-так, приближают часы рассвет,
За дождём мне откроется белый снег!

Пр. За дождём, знаю, ждёт снегопад!
      Чтоб войти в приготовленный сад!
      Снегопад, ждёт меня снегопад!
      А дожди? Дожди уже отшумят…
      Белый снег принесёт белый цвет! 
      У судьбы цвета чёрного нет!
      Так любовь покрывает собой, 
      Чтобы стать, стать твоею судьбой!";;;;
0169;169;Ангелы Твои;Огненный ветер;Am;2;;4/4;;;C V2 V3;Огненный ветер (аккорды);;;;;"
1.Зажигай свой свет средь мрака дней:
Станет радостно душе твоей!
Улыбнись теплом среди снегов! 
Миротворцем будь среди врагов!

Пр. Вы – соль земли! Свет посреди ночи!
       Вы – для Меня друзья! Вы – песня новая!

2.Если ты устал, то потерпи! 
Если терпишь боль, то отдохни!
Верностью солдат живёт земля! 
Победит в бою хвала твоя!

3. Зажигай любовь средь нелюбви! 
В славе по земле её иди!
Сильные враги в греховной тьме 
Не погасят Мой огонь в тебе!
";"{title: Зажигай свой свет}
{key: Am}
{capo: +2}


[Am]1.Зажигай свой свет средь [Dm]мрака дней:
Ст[E]анет радостно д[Am]уше твоей!
[F]Улыбнись теплом сред[Dm]и снегов! 
М[E]иротворцем будь сред[Am]и врагов![E]

Пр. [Am]Вы – соль земл[Dm]и! Св[G]ет посред[C]и ночи!
       В[F]ы – для М[Dm]еня друзья! [E]Вы – песня [Am]новая![E]

2.Если ты устал, то потерпи! 
Если терпишь боль, то отдохни!
Верностью солдат живёт земля! 
Победит в бою хвала твоя!

3. Зажигай любовь средь нелюбви! 
В славе по земле её иди!
Сильные враги в греховной тьме 
Не погасят Мой огонь в тебе!
";;;;
0170;170;Если я скажу;Огненный ветер;Em;1;;4/4;;;V1 V2 V3;Огненный ветер (аккорды);;;;;"
1. Закрываю я двери ключом Твоим:
Власти больше у смерти и ада нет!
Восхваляет со мной добрый херувим,
И во славе Твоей виден яркий свет!

Пр. В Царстве Божьем правит Твоя любовь!
       Она путь земной босиком прошла!
       Раня сердце своё и ноги в кровь,
      Среди тьмы проклятья меня нашла!

2. Столько душ было мёртвых и столько слез
Там, где грех восстал на сынов земли!
Но по воле Божьей пришёл Христос, 
Чтобы снова жизнь люди обрели!
";"{title: Закрываю я двери}
{key: Em}
{capo: +1}


1. Закрыв[Em]аю я двери ключом Твоим:
Власти б[G]ольше у смерти и [H7]ада нет!
Восхвал[Em]яет со мной добрый херувим,
И во сл[G]аве Твоей виден [H7]яркий свет!

Пр. В Царстве Б[C]ожьем правит Твоя любовь!
       Она п[G]уть земной босик[H7]ом прошла!
       Раня с[Em]ердце своё и ноги в кровь,
      Среди тьм[G]ы проклятья мен[H7]я нашла!

2. Столько душ было мёртвых и столько слез
Там, где грех восстал на сынов земли!
Но по воле Божьей пришёл Христос, 
Чтобы снова жизнь люди обрели!
";;;;
0171;171;Я в обман и ложь не верю;Огненный ветер;Am;3;;4/4;;;V1 C V2 V3;Огненный ветер (аккорды);;;;;"1. Я в обман и ложь не верю, как не верю в дым!
Буду я стучаться в двери из последних сил!
Знаю, Ты откроешь правду и любви секрет,
И потоки благодати изольёшь, как свет!

Пр. Вера! Вера! Ко мне придёт!
       Сердце! Сердце вдруг запоёт!

       Значит, будет любви рассвет!
       Веры в чудо прекрасней нет!

2. Если сердце вдруг обманет обольщеньем враг,
Соберу крупицы истин и сожму в кулак!
Выйду смело, как на битву, как в последний бой!
До крови в бою сражаться буду сам с собой!

3. Даже, если будут люди говорить мне вслед:
«Он безумец! Он фанатик!», я отвечу: «Нет!»
Тот, кто любит - самый мудрый в мире человек!
Потому что остальное – чепуха и бред!";"
[Am]1. Я в обман и ложь не верю, как не верю в [G]дым![Am]
[F]Буду я стучаться в двери из последних сил[G]![Am]
[C]Знаю, Ты откроешь[G] правду и любви секрет,[C]
[Am]И потоки благодати изольёшь, как[G] свет![Am]

[Dm]Пр. Вера! Вера! Ко мне[Am] придёт!
[E]       Сердце! Сердце вдруг запоёт![Am]

       Значит, будет любви рассвет!
       Веры в чудо прекрасней нет!

2. Если сердце вдруг обманет обольщеньем враг,
Соберу крупицы истин и сожму в кулак!
Выйду смело, как на битву, как в последний бой!
До крови в бою сражаться буду сам с собой!

3. Даже, если будут люди говорить мне вслед:
«Он безумец! Он фанатик!», я отвечу: «Нет!»
Тот, кто любит - самый мудрый в мире человек!
Потому что остальное – чепуха и бред!";;;;
0172;172;Река любви течёт;Огненный ветер;Am;2;;4/4;;;V1 C V2;Огненный ветер (аккорды);;;;;"1.Река любви течёт от трона Господа
Я  кровью ран Твоих исцелён!
И всё внутри поёт ту песню новую,
Что Ангел в сердце мне     с Небес принёс!

Пр. За всё Тебя, мой Бог    Иисус, благодарю!
       Ты утоляешь жажду истиной Своей!
       Прими хвалу мою    из уст текущую,
       Как сердце растворённое в любви Твоей!

2. В душе слова любви к Тебе рождаются
На непонятном мне языке!
Они как с неба дождь рекой становятся!
Рекой хвалы моей, Иисус, к Тебе!";"
[Am]1.Река любви течёт [E]от трона Господа[Am]
[E]Я  кровью ран Твоих исц[Am]елён!
[E]И всё внутри поёт ту песню н[Am]овую,[F]
[Dm]Что Ангел в сер[E]дце мне     с Небес при[Am]нёс![A7]

[Dm]Пр. За всё Тебя[G], мой Бог    Иисус, б[C]лагодарю!
[F]       Ты утоляе[Dm]шь жажду истиной Св[E]оей![Am][A7]
[Dm]       П[G]рими хвалу мою    [C]из уст текущ[F]ую,
[Dm]       Как сердц[E]е растворённое в любв[Am]и Твоей!

2. В душе слова любви к Тебе рождаются
На непонятном мне языке!
Они как с неба дождь рекой становятся!
Рекой хвалы моей, Иисус, к Тебе!";;;;
0173;173;Укрепи меня;Огненный ветер;Am;3;;4/4;;;V1 V2 V3 V4;Огненный ветер (аккорды);;;;;"1. Укрепи меня, умножь веру мою!
Видишь, я, Господь, на краю стою!
Не могу взлететь без Твоей любви!
Укрепи меня! Укрепи!

2. Надо как-то жить в этом мире зла!
Добротой Своей сохрани меня!
Теплотой Своей обними меня!
Без Тебя, мой Бог, я умру!

А-а-а: Am G F E Am G F Am

3. Укрепи меня, когда гаснет свет!
Укрепи меня, когда веры нет!
Когда ближний мой предаёт, любя!
Дорогой Иисус! Укрепи меня!

А-а-а: Am G F E Am G F Am

4. За Тобой иду, отгоняя страх!
Знаю, мой Господь, я в твоих руках!
Милостью Своей оживил меня!
В сердце тает боль от любви!";"
[Am]1. Укрепи меня, умножь вер[G]у мою!
[F]Видишь, я, Господь, на краю ст[E]ою!
[Am]Не могу взлететь без Твоей л[G]юбви!
[F]Укрепи меня! Укрепи![E]

2. Надо как-то жить в этом мире зла!
Добротой Своей сохрани меня!
Теплотой Своей обними меня!
Без Тебя, мой Бог, я умру!

А-а-а: Am G F E Am G F Am

3. Укрепи меня, когда гаснет свет!
Укрепи меня, когда веры нет!
Когда ближний мой предаёт, любя!
Дорогой Иисус! Укрепи меня!

А-а-а: Am G F E Am G F Am

4. За Тобой иду, отгоняя страх!
Знаю, мой Господь, я в твоих руках!
Милостью Своей оживил меня!
В сердце тает боль от любви!";;;;
0174;174;Слово Твоё;Огненный ветер;Am;3;;4/4;;;V1 V2 V3 V4;Огненный ветер (аккорды);;;;;"
1.Слово Твоё     не подобно ли огню? 
Не похоже ли Оно      на небесный грозный молот?
Слово Твоё     словно уголь обжигает
И гордыню сокрушает,     как Содома грешный город!

2.Твой огонь приходит, приходит!
Всех людей спасённых находит!
Чтоб собой очистить, очистить 
От греха соблазна лжеистин!
Твой огонь приходит, приходит! 
Всех людей погибших находит,
Чтоб судить по Слову, по Слову! 
Их судить огонь будет скоро!

3.Час суда наступит, наступит! 
Всех людей рассудит, рассудит!
Отделит пшеницу от плевел!
И козлов поставит налево!
Час суда от Бога, от Бога оборвёт земную дорогу…
Встанешь ты внезапно пред троном!
Отвечать за всё будешь скоро!

4. Слово Твоё не подобно ли огню?
Не похоже ли Оно на небесный грозный молот?
Слово Твоё Божьим страхом наполняет,
И от грязи очищает, утоляя сердца голод…
Слово Твоё! Слово Твоё! Слово Твоё!";"{title: Слово Твоё}
{key: Am}
{capo: +3}


1.Сл[Am]ово Тво[G]ё     не подобно ли [Am]огню? [G]
Не похоже ли [Am]Он[G]о      на небесный грозный м[E]олот?
Слово [Am]Твоё     [G]словно уголь обж[Am]игает[G]
И гордыню сокруш[Am]ает,     [G]как Содома грешный [E]город!

2.Твой ог[Am]онь прих[F]одит, прих[G]одит!
Всех людей спасённых находит!
Чтоб собой очистить, очистить 
От греха соблазна лжеистин!
Твой огонь приходит, приходит! 
Всех людей погибших находит,
Чтоб судить по Слову, по Слову! 
Их судить огонь будет скоро!

3.Час суда наступит, наступит! 
Всех людей рассудит, рассудит!
Отделит пшеницу от плевел!
И козлов поставит налево!
Час суда от Бога, от Бога оборвёт земную дорогу…
Встанешь ты внезапно пред троном!
Отвечать за всё будешь скоро!

4. Слово Твоё не подобно ли огню?
Не похоже ли Оно на небесный грозный молот?
Слово Твоё Божьим страхом наполняет,
И от грязи очищает, утоляя сердца голод…
Слово Твоё! Слово Твоё! Слово Твоё!";;;;
0175;175;Господь, спасибо;Огненный ветер;Am;3;;4/4;;;V1 C V2 V3;Огненный ветер (аккорды);;;;;"
1. За полосою чёрно-белою нет больше чёрной полосы!
И я взлетаю птицей смелою, забыв все боли и мечты…
Моя судьба Тобой обещана – небес подаренный полёт!
Теперь ни пропастью, ни трещиной её никто не назовёт!

Пр. Упасть нельзя! Орлы не падают! Судьба орлов не на земле…
       Они полётом небо радуют, паря в сияющей хвале!

2. Расправив крылья в силе огненной, Тебя, мой Бог, благодарю:
Дорога ждёт меня далёкая в небесной выси глубину!
Любви маршруты непреложные теперь мне надо пролагать,
Чтоб песней радостной, несложною своих друзей на небо звать!

Бр. Обновимся в силе и поднимем крылья, как орлы, как орлы!
      Всё преодолеем и не ослабеем, как орлы, как орлы!
";"{title: За полосою чёрно-белою}
{key: Am}
{capo: +3}


[Am]1. За полосою чёрн[F]о-белою н[G]ет больше чёрной п[Am]олосы!
И [F]я взлетаю птицей см[Dm]елою, заб[E]ыв все боли и мечт[Am]ы…
М[A7]оя судьба Тобой об[Dm]ещана – неб[G]ес подаренный пол[C]ёт!
Теп[F]ерь ни пропастью, ни тр[Dm]ещиной е[E]ё никто не назов[Am]ёт!

Пр. Упасть нельз[F]я! Орлы не п[G]адают! Судьба орлов не на земл[C]е…
       Он[F]и полётом небо [Dm]радуют, пар[E]я в сияющей хвал[Am]е!

2. Расправив крылья в силе огненной, Тебя, мой Бог, благодарю:
Дорога ждёт меня далёкая в небесной выси глубину!
Любви маршруты непреложные теперь мне надо пролагать,
Чтоб песней радостной, несложною своих друзей на небо звать!

Бр. [Dm]Обновимся в силе [G]и поднимем крылья, [C]как орлы, к[F]ак орлы!
      Вс[Dm]ё преодолеем [E]и не ослабеем, [Am]как орлы, как орлы!
";;;;
0176;176;Ты излей;Огненный ветер;Am;3;;4/4;;;V1 C V2 V3;Огненный ветер (аккорды);;;;;"1. Ты излей, излей, излей, излей! Свой елей, елей, елей, елей!
На Своих детей, детей, детей! Ты излей!
Ты приди, приди, приди скорей!
Жажду излияния любви Твоей!
Славу на Своих детей, детей Ты излей!

Пр. Ты, только Ты, моё сердце-камень можешь изменить!
       Ты, только Ты,
       Своей кровью можешь все грехи покрыть!
       Ты, только Ты, славой растворишь
       Смертельной бездны тьму!
       Ты, только Ты, новый ритм подаришь сердцу моему!

2. Ты излей, излей, излей, излей! Свой елей, елей, елей, елей!
Исцели Своих детей, детей! Ты скорей!
Ты приди, приди, приди скорей!
Ждём чудес и милости Твоей!
Славу на Своих детей, детей Ты излей!

3. Ты излей, излей, излей, излей!
Свой елей, елей, елей, елей!
На Своих детей, детей, детей! Ты излей!";"
[Am]1. Ты излей, излей, излей, излей! Свой елей, елей, [F]елей, елей!
[Dm]На Своих детей, детей, детей! Ты излей![E][Am]
[Am]Ты приди, приди, приди скорей!
[F]Жажду излияния любви Твоей!
[Dm]Славу на Своих детей, детей Ты излей![E][Am]

[Am]Пр. Ты, только Т[Dm]ы, мо[E]ё сердце-камень можешь изменить![Am][E]
[Am]       Ты, тольк[Dm]о Ты,
[E]       Своей кровью можешь все грехи покрыть![Am][E]
[Am]       Ты, толь[Dm]ко Ты,[E] славой растворишь
[Am]       Смертельной бездны тьму!
[F]       Ты, тольк[Dm]о Ты,[E] новый ритм подаришь сердцу моему![Am]

2. Ты излей, излей, излей, излей! Свой елей, елей, елей, елей!
Исцели Своих детей, детей! Ты скорей!
Ты приди, приди, приди скорей!
Ждём чудес и милости Твоей!
Славу на Своих детей, детей Ты излей!

3. Ты излей, излей, излей, излей!
Свой елей, елей, елей, елей!
На Своих детей, детей, детей! Ты излей!";;;;
0177;177;Я принимаю Слово;Огненный ветер;Am;3;;4/4;;;V1 C V2;Огненный ветер (аккорды);;;;;"1.Я принимаю Слово, суть его – дух и жизнь!
Слышу от Бога снова: «Ты за Него держись!»
Если отвергнешь сердцем истину странных слов!
То понимать не сможешь Сына Его любовь!

Пр. Где же мой путь? Где же любовь?
       Где же мои надежды?
       Только Иисус, только мой Бог
       Знает глаголы жизни!
       Ты есть мой путь и моя жизнь, истина дорогая!
       Я не уйду и не предам! Ты – есть любовь святая!

2. Я поднимаю знамя крестной Твоей любви!
И облекусь в доспехи чистой Твоей хвалы!
В правой руке меч Слова, в левой же, – веры щит!
Церковь Твоя готова! Славой огня горит!";"
[Am]1.Я принимаю Слово, суть его – д[Dm]ух и жизнь![E][Am][E]
Слышу от Бога снова: «Ты за Него держись!»
Если отвергнешь сердцем истину странных слов!
То понимать не сможешь Сына Его любовь!

[Am]Пр. Где же мой путь? Где же любовь?
[A7]       Где же мои на[Dm]дежды?
[G]       Только Иисус, только мой Бог
[C]       Знает глаголы жизни!
[Am]       Ты есть мой путь и моя жизнь, истина дорог[A7]ая![Dm]
[G]       Я не уйду и не предам! Ты – есть любовь святая![E]

2. Я поднимаю знамя крестной Твоей любви!
И облекусь в доспехи чистой Твоей хвалы!
В правой руке меч Слова, в левой же, – веры щит!
Церковь Твоя готова! Славой огня горит!
";;;;
0178;178;В песнях любви;Огненный ветер;Am;4;;4/4;;;V1 C V2 V3;Огненный ветер (аккорды);;;;;"
1.За чередой туманов, за чередой обманов 
Пришёл рассвет!
И слов, что были ложью в сомненьях непреложных, 
Сегодня нет!

 Пр. Через туманы с Тобой идти!
        Через туманы Любовь найти!
        Выйду навстречу своей судьбе!
        Сердце и душу дарю Тебе!

2. Пусть было очень больно, но я скажу:
«Довольно! Окончен бой!»
Я буду славить Бога! А впереди дорога 
Мне лишь с Тобой!

3. Теперь я точно знаю, что всякое бывает! 
И страха нет!
Кто любит, Тот поможет! Найти другим поможет 
Небесный свет!
";"{title: За чередой туманов}
{key: Am}
{capo: +4}


1.З[Am]а чередой т[E]уманов, з[Am]а чередой [F]обманов 
Приш[Dm]ёл рассвет![E]
И [Am]слов, что были [E]ложью в сомн[Am]еньях непрел[F]ожных, 
С[Dm]егодня нет![E]

 Пр. [Dm]Через тум[G]аны с Т[C]обой идти![F]
        Ч[Dm]ерез тум[E]аны Люб[Am]овь найти![A7]
        В[Dm]ыйду навстр[G]ечу св[C]оей судьбе![F]
        С[Dm]ердце и [E]душу дар[Am]ю Тебе![E]

2. Пусть было очень больно, но я скажу:
«Довольно! Окончен бой!»
Я буду славить Бога! А впереди дорога 
Мне лишь с Тобой!

3. Теперь я точно знаю, что всякое бывает! 
И страха нет!
Кто любит, Тот поможет! Найти другим поможет 
Небесный свет!
";;;;
0179;179;Потерпи, родная;Огненный ветер;Am;3;;4/4;;;V1 C V2 V3;Огненный ветер (аккорды);;;;;"1.Потерпи, родная! Потерпи!
Ничего не бойся, просто жди!
Ты коснись рукою сердца Моего!
Враг не сможет сделать ничего!

Пр. Доченька моя родная!
      Сердцем всем люблю тебя Я!
      По долине смерти крестной
      Мы пройдём с тобою вместе!

2.Просто жизнь такая у тебя!
Но избрал тебя Я для Себя!
Чтоб тебя утешить и простить!
Вечною любовью возлюбить!

3.Ты не плачь, родная, просто верь!
Скоро распахнётся счастья дверь!
Ты войдёшь с букетом алых роз!
И тогда мгновенно всё поймёшь!";"
[Am]1.Потерпи, родная! [E]Потерпи![Am]
[Dm]Ничего не бой[E]ся, просто жди![Am]
[Dm]Ты коснись рукою сердц[F]а Моего![E]
[Dm]Враг не сможет сделать ниче[E]го![Am]

[Am]Пр. Доченька моя родная![F]
[G]      Сердцем всем люблю тебя Я![C]
[F]      По долине смерти крестной[Dm]
[Em]      Мы пройдём с тобою вместе![Am]

2.Просто жизнь такая у тебя!
Но избрал тебя Я для Себя!
Чтоб тебя утешить и простить!
Вечною любовью возлюбить!

3.Ты не плачь, родная, просто верь!
Скоро распахнётся счастья дверь!
Ты войдёшь с букетом алых роз!
И тогда мгновенно всё поймёшь!
";;;;
0180;180;С Неба послан Божий Ангел;Огненный ветер;Am;1;;4/4;;;C V2 V3 V4;Огненный ветер (аккорды);;;;;"С Неба послан Божий Ангел,
Весть благую всем принёс,
Что родится мой Спаситель,
За грехи мои умрёт!

Пр. Дай- дари-да! Дари-да! Дари-дари!
       Дай-дари-да! Дари-да!

2.Крест Его и Божья сила
Мне спасение несёт!
Разрывая цепи мира,
Простираюсь я вперёд!

3.Славой Божьей наполняясь,
Поднимаюсь над землёй!
Перед троном, поклоняясь,
Говорю: «Спаситель мой!»

4.Стану голосом я Божьим,
Вместе с Ангелом пойду!
О Твоей любви бесценной
Всем народам расскажу!";"
[Am]С Неба п[G]ослан Божи[F]й Ангел,[E]
Весть благую всем принёс,
Что родится мой Спаситель,
За грехи мои умрёт!

[Am]Пр. Дай- дари[G]-да! Дари-да! [F]Дари-дари![E]
[Am]       Дай-д[G]ари-да! Дар[Am]и-да!

2.Крест Его и Божья сила
Мне спасение несёт!
Разрывая цепи мира,
Простираюсь я вперёд!

3.Славой Божьей наполняясь,
Поднимаюсь над землёй!
Перед троном, поклоняясь,
Говорю: «Спаситель мой!»

4.Стану голосом я Божьим,
Вместе с Ангелом пойду!
О Твоей любви бесценной
Всем народам расскажу!";;;;
0181;181;Слушай, север и юг!;Огненный ветер;Am;3;;4/4;;;V1 C V2 V3;Огненный ветер (аккорды);;;;;"1. Слушай, север и юг! Слушай, запад, восток!
Слушай! Слушай меня, земля!
Скоро, скоро рассвет! Солнце правды взойдёт!
Скоро, скоро Иисус грядёт!

Пр. Славьте, славьте Христа! Славьте, славьте Его!
      Славьте, славьте Христа! Славьте Его Любовь!
      Славьте, славьте Христа! Славьте, славьте Его!
      Славьте, славьте Христа! Славьте Любовь!


2. Песню радости ждут те, кто в битве встают
Против смерти по всей земле!
Реет цвета крови знамя Божьей любви!
Слово Божье огнём горит!

3. Небо в сердце поёт, танцы славят любовь!
Славой земли наполнятся!
Светом сменится тьма! Будет снова земля
Славу радостно петь Тебе!";"
[Am]1. Слушай,[G] север и юг! Слушай,[Am] запад, во[G]сток!
[F]Слушай! Слушай[G] меня, земля![Am][G]
[Am]Скоро, с[G]коро рассвет! Солнце п[Am]равды взойдё[G]т!
[F]Скоро, ско[G]ро Иисус грядёт![Am][G]

[Am]Пр. Славьте,[G] славьте Христа! Славьте, сл[F]авьте Его![G]
[Am]      Славьте[G], славьте Христа! Славьте Е[F]го Любов[Em]ь![Am][(G)]
[Am]      Славь[G]те, славьте Христа! Славьте,[F] славьте Его![G]
[Am]      Славьте[G], славьте Христа! Славьте [F]Люб[Em]овь![Am][(E)]


2. Песню радости ждут те, кто в битве встают
Против смерти по всей земле!
Реет цвета крови знамя Божьей любви!
Слово Божье огнём горит!

3. Небо в сердце поёт, танцы славят любовь!
Славой земли наполнятся!
Светом сменится тьма! Будет снова земля
Славу радостно петь Тебе!";;;;
0182;182;О, Иисус!;Огненный ветер;Am;3;;4/4;;;V1 C V2;Огненный ветер (аккорды);;;;;"1.О, Иисус! Спаситель! Царь и Бог мой!
Пред Тобою я стою сейчас        в ярком свете Твоей славы!
Ожидаю я в смирении Слово жизни,
Что поднимет в Твоё Царство        и надеждой успокоит!

Пр. Ты - любовь моя! Ты - судьба моя!
       Мой Спаситель! Мой Иисус!
       Я в Твоей руке! Я в Твоей крови
       И в Твоей любви оживаю!

2. Бьётся сердце от присутствия святого
И от страха, что я – грешник, не могу поднять глаза я!
Льются слёзы покаяния и признания!
В очищение и в прощение, и в Твою я милость верю!";"
[Am]1.О, Иисус! Спаситель! Царь и Бог мой![G]
[F]Пред Тобою [Dm]я стою сейчас [Em]       в ярком свете Твоей славы![Am]
[Am]Ожидаю я в смирении Слово жизни,[G]
[F]Что поднимет в Твоё Ц[Dm]арство   [Em]     и надеждой успокоит![Am]

[Am]Пр. Ты -[G] любовь моя! Ты - су[F]дьба м[E]оя!
[Dm]   [E]    Мой Спаситель! М[Am]ой Иисус!
[Am]       [G]Я в Твоей руке! [F]Я в Твоей [E]крови
[Dm]       И в[E] Твоей люб[Am]ви оживаю!

2. Бьётся сердце от присутствия святого
И от страха, что я – грешник, не могу поднять глаза я!
Льются слёзы покаяния и признания!
В очищение и в прощение, и в Твою я милость верю!";;;;
0183;183;Мы пропитаны кровью креста;Огненный ветер;Am;3;;4/4;;;V1 V2 V3 V4 V5 V6;Огненный ветер (аккорды);;;;;"
1.Мы пропитаны кровью креста,
И не будем пятнать честь мундира.
Будем вместе мы петь у костра, 
О любви к своему командиру!

2. Мы как стрелы в колчане Отца, 
Поражаем мирские мишени!
Пред врагом не опустим лица, 
И не встанем пред ним на колени!

3. Частоколом в едином строю,
Мы ликуем и плачем все вместе!
Защищая друг друга в бою, 
Находясь на своём нужном месте!

4. На войне обостряется взгляд,
На Иуд, что играют словами.
Пули сыплются мимо, как град,
Поражая лишь тех, кто не с нами.

5. Силой Слова и силой любви, 
Побеждаем лукавые речи!
Пусть несётся к народам земли, 
Наш пылающий огненный ветер!

6. Мы пропитаны кровью креста, 
Нам знакома агония смерти.
Мы – команда Иисуса Христа! 
Мы – Отцу посвящённые дети!";"{title: Мы пропитаны кровью креста}
{key: Am}
{capo: +3}


1.Мы пр[Am]опитаны [Em]кровью кр[Am]еста,
И не [Am]будем пятн[Em]ать честь м[Am]ундира.
Будем [Dm]вместе мы [C]петь у костр[G]а, 
О любв[FDm]и к сво[GEm]ему команд[Am]иру!

2. Мы как стрелы в колчане Отца, 
Поражаем мирские мишени!
Пред врагом не опустим лица, 
И не встанем пред ним на колени!

3. Частоколом в едином строю,
Мы ликуем и плачем все вместе!
Защищая друг друга в бою, 
Находясь на своём нужном месте!

4. На войне обостряется взгляд,
На Иуд, что играют словами.
Пули сыплются мимо, как град,
Поражая лишь тех, кто не с нами.

5. Силой Слова и силой любви, 
Побеждаем лукавые речи!
Пусть несётся к народам земли, 
Наш пылающий огненный ветер!

6. Мы пропитаны кровью креста, 
Нам знакома агония смерти.
Мы – команда Иисуса Христа! 
Мы – Отцу посвящённые дети!";;;;
0184;184;Я хожу по земле;Огненный ветер;Am;2;;4/4;;;V1 C V2 V3;Огненный ветер (аккорды);;;;;"1.Я хожу по земле, я ищу Отчий дом,
Где меня будет ждать мой Отец дорогой!
Где горит нежный свет, ярких радуг цветы,
Где меня будет ждать запах детской любви!

Пр. Не погаснет свет в окне, не исчезнет он во тьме!
      Утешитель Дух Святой, Ты ведёшь меня домой.

2. Я не знал ничего о крови и кресте!
Без огня и любви было холодно мне!
Но теперь я нашёл дорогую семью:
Это церковь моя, и о ней я пою!

3. Где найти мне слова, чтоб сказать о любви?
Те, кто рядом со мной – это дети Твои!
С ними вместе люблю! С ними вместе пою!
И молитва моя предваряет зарю!";"
[Am]1.Я хожу по земле, я ищ[Dm]у Отчий дом,
[E]Где меня будет ждать мой Отец доро[Am]гой![E]
[Am]Где горит нежный свет, ярких радуг ц[Dm]веты,
[E]Где меня будет ждать запах детской [Am]любви![E]

[C]Пр. Не погаснет свет [Am]в окне, не и[Dm]счезнет он во тьме![G]
[C]      Утешитель Дух Свят[F]ой, Ты ведёшь м[Dm]еня домой.[G]

2. Я не знал ничего о крови и кресте!
Без огня и любви было холодно мне!
Но теперь я нашёл дорогую семью:
Это церковь моя, и о ней я пою!

3. Где найти мне слова, чтоб сказать о любви?
Те, кто рядом со мной – это дети Твои!
С ними вместе люблю! С ними вместе пою!
И молитва моя предваряет зарю!
";;;;
0185;185;Старые пути;Огненный ветер;Am;3;;4/4;;;V1 C V2 C;Огненный ветер (аккорды);;;;;"1.Старые пути, мысли и тревоги
Все исчезли вмиг, все до одного!
Новые пути, новые дороги
Приготовил Бог тем, кто ждёт Его!

Пр. Новый путь! Новый путь! Новый день!
       Приготовил Иисус для людей!
       По земле всей Невеста пройдёт
       И детей для Него соберёт!

2. Всё, что обещал любящий Отец
Тем, кто посвящён сердцем и душой!
Сбудется как дождь, сбудется как свет
В радости святой свадьбы с Женихом!

Пр. Мы идём как один за Тобой!
      По следам дорогим мы идём!
      Чтобы сделать прямыми пути,
      По которым всем нужно идти!";"
[Am]1.Старые пути, мысл[G]и и тревоги
[F]Все исчезли вмиг, все до одно[E]го!
[Am]Новые пути, новые дороги
[F]Приготовил Бог тем, кто[G] ждёт Его![E]

[Dm]Пр. Новый путь! Но[Em]вый путь! Новый де[Am]нь![F]
[Dm]       Пригот[G]овил Иисус для л[C]юдей!
[F]       По земле [G]всей Невеста п[Am]ройдёт[F]
[Dm]       И дет[Em]ей для Нег[Am]о соберёт!

2. Всё, что обещал любящий Отец
Тем, кто посвящён сердцем и душой!
Сбудется как дождь, сбудется как свет
В радости святой свадьбы с Женихом!

Пр. Мы идём как один за Тобой!
      По следам дорогим мы идём!
      Чтобы сделать прямыми пути,
      По которым всем нужно идти!";;;;
0186;186;Будьте свободными;Огненный ветер;Am;0;;4/4;;;V1 V2 V3;Огненный ветер (аккорды);;;;;"
1. Знаю я Божий путь! Кто велик как наш Бог!
Он в народах творит чудеса! Чудеса!
Тучи гром издают, там, где свят неба круг,
Изливают дожди облака!

Пр. Вспоминаю о Боге моём! Трепещу, помышляя о Нём,
       И становится тонкой свечой дух мой!
       Потрясён, не могу говорить! 
       Как желаю я в милости быть!
       И душа моя ночью кричит: «Будь со мной!»

2. Буду я вспоминать, в дело Бога вникать, 
Чтобы мне Божий путь не забыть! Не забыть!
Содрогалась земля, потрясались моря,
Стрел летящих нельзя обратить…

Пр. Размышляя о днях и летах, 
       Самых древних Твоих чудесах,
       Славу Богу хочу воздавать хвалой!
       К небу руки свои подниму, гласом песни к Нему воззову:
       «Ты рукою веди свой народ, он – Твой!» ";"{title: Знаю я Божий путь (Пс.76)}
{key: Am}
{capo: +0}


1. Знаю я Бож[Am]ий путь! Кто велик к[G]ак наш Бог!
Он в нар[F]одах творит чудес[E]а! Чудеса!
Тучи [Am]гром издают, там, где св[G]ят неба круг,
Излив[F]ают дожди облак[E]а!

Пр. Вспомин[Am]аю о Б[F]оге мо[G]ём! Трепещ[Am]у, помышля[F]я о [G]Нём,
       И стан[Dm]овится тонкой свеч[F]ой дух [E]мой!
       Потряс[Am]ён, не мог[F]у говор[G]ить! 
       Как жел[Am]аю я в м[F]илости [G]быть!
       И душ[Dm]а моя ночью крич[F]ит: «Будь со мн[E]ой!»

2. Буду я вспоминать, в дело Бога вникать, 
Чтобы мне Божий путь не забыть! Не забыть!
Содрогалась земля, потрясались моря,
Стрел летящих нельзя обратить…

Пр. Размышляя о днях и летах, 
       Самых древних Твоих чудесах,
       Славу Богу хочу воздавать хвалой!
       К небу руки свои подниму, гласом песни к Нему воззову:
       «Ты рукою веди свой народ, он – Твой!» ";;;;
0187;187;Без Тебя, мой Иисус;Огненный ветер;Em;3;;4/4;;;C V2;Огненный ветер (аккорды);;;;;"
1.Встречает нас прозрачный воздух, Иерусалимская весна.
А в Небесах Господень Ангел звонит в коло – ко - ла!
Мы видим: город спит глубоко и всё в плену у сна;
Но пробудить тебя пришли мы, молчащая    сте - на!

Пр. Наш город светлый и святой, Иерушалаим золотой!
       Мы полнота твоей надежды! Мы – голос твой!

2.Была безжизненной и мёртвой в колодцах горькая вода!
Провозглашаем Слово Бога: «Пусть оживёт она!»
Мы поднимаем новый ветер, любви трепещет флаг!
В победных танцах, песнях света пусть онемеет враг!

3. Слезами радости смываем мы грязь с твоих камней!
Твоих детей благословляем, и с рук течёт елей!
«Шалом!» кричим мы всем прохожим 
И дарим сердца взгляд!
И в узких улочках базара нам каждый встречный рад!

4. На площадях твоих и рынках танцуем каждый шаг!
Словам небесным сердце вторит, твоей надежде в такт!
Тебе желаем исцеленья от всех греховных уз!
Провозглашаем День Спасенья! К тебе грядёт Иисус!
";"{title: Золотой Иерусалим}
{key: Em}
{capo: +3}


1.Встречает [Em]нас прозрачный [Am]воздух, Иерусалимская весн[E]а.
А в Небесах Господень [Am]Ангел звонит в к[Em]оло – [H7]ко - [Em]ла!
Мы видим: [Em]город спит гл[Am]убоко и всё в плену у [E]сна;
Но пробудить тебя пришл[Am]и мы, молчащ[Em]ая    [H7]сте - [Em]на!

Пр. Наш город [Am]светлый и свят[G]ой, Иерушал[C]аим [D]золот[G]ой!
       Мы полнот[C]а тво[D]ей над[G]ежды! [Am]Мы – [Em-H7]голос [Em]твой!

2.Была безжизненной и мёртвой в колодцах горькая вода!
Провозглашаем Слово Бога: «Пусть оживёт она!»
Мы поднимаем новый ветер, любви трепещет флаг!
В победных танцах, песнях света пусть онемеет враг!

3. Слезами радости смываем мы грязь с твоих камней!
Твоих детей благословляем, и с рук течёт елей!
«Шалом!» кричим мы всем прохожим 
И дарим сердца взгляд!
И в узких улочках базара нам каждый встречный рад!

4. На площадях твоих и рынках танцуем каждый шаг!
Словам небесным сердце вторит, твоей надежде в такт!
Тебе желаем исцеленья от всех греховных уз!
Провозглашаем День Спасенья! К тебе грядёт Иисус!
";;;;
0188;188;Попала птица;Огненный ветер;Am;4;;4/4;;;V1 C V2;Огненный ветер (аккорды);;;;;"
1.Попала птица в сеть сплетённый шёлк
И жалобно забилась от бессилия!
Ты осторожно сзади подошёл 
И бережно расправил птице крылья!

Пр. Летать! Всегда летать в просторах неба!
       Парить! Всегда парить в потоках ветра!
       Искать! Всегда искать в свободе счастья!
       Любить! Всегда любить и не сдаваться!

2.Не может больше душа в капканах жить!
Любить она всегда желает!
В Твоих руках мечтаю быть
Крылатой птицей, что летает.

";"{title: Попала птица}
{key: Am}
{capo: +4}


1.П[Am]опала птица в сеть сплетённый шёлк
И жалобно забилась от бессилия!
Т[A7]ы осторожно сзади под[Dm]ошёл 
И б[F]ережно распр[E]авил птице [Am]крылья!

Пр. Л[Am]етать! Всегда летать в просторах [Dm]неба!
       Пар[E]ить! Всегда парить в потоках [Am]ветра![G]
       Иск[F]ать! Всегда искать в свободе [Dm]счастья!
       Люб[E]ить! Всегда любить и не сд[Am]аваться!

2.Не может больше душа в капканах жить!
Любить она всегда желает!
В Твоих руках мечтаю быть
Крылатой птицей, что летает.

";;;;
0189;189;Невеста в шлеме!;Огненный ветер;Am;3;;4/4;;;V1 C V2 V3;Огненный ветер (аккорды);;;;;"
1.Невеста в шлеме! Невеста на танке! 
В пожарном костюме и с аквалангом!
Она в самолёте с очками пилота!
За нею идёт вся морская пехота!

Пр. Пой! Танцуй! Радуйся, Невеста!
       Пусть тебе не хватает места! 
       Пусть тебе жмут немного берцы,
       Но ликует, радуется сердце!

2.Невеста с гитарой и с барабаном!
Она с автоматом, заряженным манной!
Она удивляет кавказской лезгинкой!
Она королева в сибирских ботинках!

3. Она по Эльбрусу крадётся на кошках!
Она и в спецназе, и с поварёшкой!
В строительной каске и в сварочной маске
Невеста не строит дьяволу глазки!

Пой и танцуй! Am Dm G C F Dm E (Am)";"{title: Невеста в шлеме!}
{key: Am}
{capo: +3}


1.Нев[Am]еста в шлеме! Нев[G]еста на танке! 
В п[Dm]ожарном костюме [E]и с аквалангом!
[Am]Она в самолёте с очк[G]ами пилота!
За н[F]ею идёт вся морск[E]ая пехота!

Пр. [Am]Пой! Танцуй! [Dm]Радуйся, Невеста!
       П[G]усть тебе [C]не хватает места! 
       П[F]усть тебе [Dm]жмут немного берцы,
       [E]Но ликует, радуется сердце!

2.Невеста с гитарой и с барабаном!
Она с автоматом, заряженным манной!
Она удивляет кавказской лезгинкой!
Она королева в сибирских ботинках!

3. Она по Эльбрусу крадётся на кошках!
Она и в спецназе, и с поварёшкой!
В строительной каске и в сварочной маске
Невеста не строит дьяволу глазки!

Пой и танцуй! Am Dm G C F Dm E (Am)";;;;
0190;190;Я веду вас;Огненный ветер;Am;5;;4/4;;;V1 C V2;Огненный ветер (аккорды);;;;;"1. Я веду вас на вершины гор,
Где исполняются обетования!
В руки вам даю я скипетр Мой,
Чтоб потрясти им плоти основания!
В сердце вам вложу единый дух,
Обновлю все помышления!
Страх уйдёт и разорвётся цепь
Царским словом исцеления!

Пр. Царь грядёт!  Он       войдёт,
       Чтоб спасти    Cвой     народ!
       Славь Его,     вся     земля!
       Пойте песнь, Не - беса!

2. Разожгу пред вами Свой огонь,
Чтобы вошли в него все дети верные!
Наделю вас силою Своей!
Святого Духа вам пошлю не мерою!
Среди гор открою новый путь,
Чтоб по нему идти на восхождение!
С песней новой на устах своих
Совершите поклонение!";"
[Am]1. Я веду вас на вершины гор,[G]
[Dm]Где [Em]исполняются о[Am]бетования!
[Am]В руки вам даю я скипетр [G]Мой,
[Dm]Чтоб пот[Em]рясти им плоти[Am] основани[G]я!
[C]В сердце вам вложу единый дух,[F]
[G]Обновлю все помышления![C]
[Am]Страх уйдёт и разорвётся цепь[D]
[E]Царским словом исцеления![Am]

[Am]Пр. Царь гр[G]ядё[DmEm]т!  Он       [Am]войдёт,
[Am]       Чтоб[G] спа[DmEm]сти    Cвой[Am]     народ!
[F]      [Dm] Славь[GEm] Его,     [Am]вся     земля!
[F]       П[Dm]ойте пес[G]нь[Em], Н[Am]е - беса!

2. Разожгу пред вами Свой огонь,
Чтобы вошли в него все дети верные!
Наделю вас силою Своей!
Святого Духа вам пошлю не мерою!
Среди гор открою новый путь,
Чтоб по нему идти на восхождение!
С песней новой на устах своих
Совершите поклонение!";;;;
0191;191;Меч обоюдоострый;Огненный ветер;Am;5;;4/4;;;V1 V2 V3;Огненный ветер (аккорды);;;;;"1.Меч обоюдоострый – живое Божье Слово!
Перед святым престолом   стоять мы будем скоро!
Праздные помышленья, мыслей плотских сомненья,
Ропот и несмиренье – не для спасенья!

2. Сердца гнилые корни сурово меч отрежет!
Они сгорят мгновенно во тьме, где плач и скрежет!
В Божьей любви простые! Верные и прямые!
Чистые, дорогие – Его святые!

3.Трудно быть ярким светом,
Чтобы огнём креститься!
Каждый в своём смирении страданьем осолится!
Снова и снова надо нам побеждать преграды,
Чтоб получить награды в Небесном граде!";"
[Am]1.Меч обоюдоострый – живое Бо[F]жье Слово![G]
[Am]Перед святым престолом   стоять мы бу[F]дем скоро![G]
[F]Праздные помышленья, мыслей плотских[Am] сомненья,
[F]Ропот и несмиренье – не для с[E]пасенья![Am]

2. Сердца гнилые корни сурово меч отрежет!
Они сгорят мгновенно во тьме, где плач и скрежет!
В Божьей любви простые! Верные и прямые!
Чистые, дорогие – Его святые!

3.Трудно быть ярким светом,
Чтобы огнём креститься!
Каждый в своём смирении страданьем осолится!
Снова и снова надо нам побеждать преграды,
Чтоб получить награды в Небесном граде!";;;;
0192;192;За чередой туманов;Огненный ветер;Am;3;;4/4;;;V1 C V2 V3;Огненный ветер (аккорды);;;;;"
1.Иерусалим – святости земля! 
Час пришёл: Тебе встречать Царя!
«Формулой-1» улицы шумят! 
Это скорость пробуждения!

Пр. Старт! Новой жизни старт! 
       Жизни без преград, веры и огня!
       Старт! Через облака 
       Новая река, наполняй меня!

2. Иерусалим! Яркие огни освещают новые пути!
Звёздами горят все двенадцать врат! 
Это радость пробуждения!

3. Иерусалим! Город золотой
Высоко поднялся над землёй!
В Небесах летит «Формула» Твоя! 
Это сила пробуждения!";"{title: Иерусалим}
{key: Am}
{capo: +3}


[Am]1.Иерусалим – св[F]ятости земля! 
[Dm]Час пришёл: Тебе встречать Цар[E]я!
[Am]«Формулой-1» [F]улицы шумят! 
[Dm]Это скорость пробуждени[E]я!

Пр. [Am]Старт! [Dm]Новой ж[E]изни [Am]старт! 
       [Dm]Жизни [G]без прегр[C]ад, [F]веры и огн[E]я!
       [Am]Старт! [Dm]Через [E]обл[Am]ака 
       [Dm]Нова[G]я р[C]ека, н[F]аполняй мен[E]я!

2. Иерусалим! Яркие огни освещают новые пути!
Звёздами горят все двенадцать врат! 
Это радость пробуждения!

3. Иерусалим! Город золотой
Высоко поднялся над землёй!
В Небесах летит «Формула» Твоя! 
Это сила пробуждения!";;;;
0193;193;Перед тем, как встать;Огненный ветер;Am;4;;4/4;;;V1 C V2 V3;Огненный ветер (аккорды);;;;;"
1.Перед тем, как встать всем плечом к плечу,
Можешь ли сказать: «Я служить хочу!»?
Можешь ли понять смысл своей судьбы?
Можешь ли узнать узкие пути?

Пр. Перед Богом        все равны! 
Перед Словом    все грешны!
Но покроет      Слава тех,  
Кто отвергнет в жизни грех!

2. Много тех, кто лжёт, не боясь суда,
Гордость их ведёт к пламени огня!
Но чисты сыны Верного Отца, 
Кто служить решил Богу до конца!

3. В роли палача убивать готов, 
Ты плевал в Христа, отвергал любовь!
Так прими же шанс жертвой стать живой,
Чтоб служить Отцу в милости святой!";"{title: Перед тем, как встать}
{key: Am}
{capo: +4}


1.П[Am]еред тем, как встать [Dm]всем плечом к плечу,
[Am]Можешь ли сказать: «[E]Я служить хочу!»?
М[Am]ожешь ли понять [Dm]смысл своей судьбы?
[Am]Можешь ли узнать [G]узкие п[E]ути?

Пр. [Am]Перед Богом[Dm]        все равны! 
[G]Перед Словом    [C]все грешны!
[F]Но покро[Dm]ет      Слава т[E]ех,  
Кто отвергнет в жизни грех!

2. Много тех, кто лжёт, не боясь суда,
Гордость их ведёт к пламени огня!
Но чисты сыны Верного Отца, 
Кто служить решил Богу до конца!

3. В роли палача убивать готов, 
Ты плевал в Христа, отвергал любовь!
Так прими же шанс жертвой стать живой,
Чтоб служить Отцу в милости святой!";;;;
0194;194;Я нахожу в Тебе покой!;Огненный ветер;Am;3;;4/4;;;V1 C V2;Огненный ветер (аккорды);;;;;"1.Я нахожу в Тебе покой! Ты – Спаситель и Бог мой!
Аллилуйя!
Всё, что на Небе и земле, воспоёт хвалу Тебе! Аллилуйя!
Лес, горы, реки и моря будут восхвалять Тебя: Аллилуйя!
Пусть радость льётся как река, заполняет берега!
Аллилуйя!

Пр. Восхваляй! Восхваляй! Как с тимпаном Мариамь!
       Восхваляй! Восхваляй имя Бога Твоего!
       Восхваляй, как Давид! Радость Бог дарит нам!
       Растворись! Поклонись! Вся земля, славь Его!

2. Я нахожу в Тебе покой! Ты – Спаситель и Бог мой!
Славьте Бога!
Всё, что на Небе и земле, воспоёт хвалу Тебе!
Славьте Бога!
Лес, горы, реки и моря будут восхвалять Тебя:
Славьте Бога!
Пусть радость льётся как река, заполняет берега!
Славьте Бога!";"
[Am]1.Я нахожу в Тебе покой! Ты – [Dm]Спаситель и Бог мой![E][Am]
[G]Аллилуй[Am]я!
[Am]Всё, что на Небе и земле, воспоё[Dm]т хвалу Тебе! [E]Аллилуйя![Am][G][Am]
[Dm]Лес, горы, реки и моря будут во[G]схвалять Тебя: Аллилуйя![C][F]
[Am]Пусть радость льётся как река, заполняет [Dm]берега![E][Am]
[G]Аллилу[Am]йя!

[Dm]Пр. Восхваляй! В[Am]осхваляй! Как с ти[E]мпаном Мариамь![Am]
       Восхваляй! Восхваляй имя Бога Твоего!
       Восхваляй, как Давид! Радость Бог дарит нам!
       Растворись! Поклонись! Вся земля, славь Его!

2. Я нахожу в Тебе покой! Ты – Спаситель и Бог мой!
Славьте Бога!
Всё, что на Небе и земле, воспоёт хвалу Тебе!
Славьте Бога!
Лес, горы, реки и моря будут восхвалять Тебя:
Славьте Бога!
Пусть радость льётся как река, заполняет берега!
Славьте Бога!
";;;;
0195;195;Буду любить Тебя я;Огненный ветер;Am;4;;4/4;;;V1 C V2 V3;Огненный ветер (аккорды);;;;;"
1. Изменится всё в истории судеб,
Время пройдёт, и смерти не будет!
Явится свет славы и жизни
В бескрайней, святой небесной отчизне!

Пр. Праведность, мир, царство Твоё!
Радость и счастье мы воспоём!
В Божьей любви будут сердца
Верить в единство с Ним до конца!

2. Будем смеяться, будем любимы!
В святости вечно с Господом живы!
В сердце огонь никто не потушит,
Мир и покой никто не нарушит… ";"{title: Изменится всё}
{key: Am}
{capo: +4}


1. Изм[Am]енится всё в ист[F]ории [E]судеб,
Вр[Am]емя пройд[F]ёт, и см[G]ерти не [Am]будет!
[Am]Явится свет сл[Dm]авы и ж[E]изни
В бескр[Am]айней, свят[F]ой неб[G]есной отч[Am]изне!

Пр. Пр[Am]аведность, мир, ц[F]арство Твоё!
Р[G]адость и счастье м[Am]ы воспоём!
В Б[Am]ожьей любви б[F]удут сердца
В[G]ерить в единство с Ним до конц[Am]а!

2. Будем смеяться, будем любимы!
В святости вечно с Господом живы!
В сердце огонь никто не потушит,
Мир и покой никто не нарушит… ";;;;
0196;196;Бог на земле Израиля;Огненный ветер;Am;3;;4/4;;;V1 C V2;Огненный ветер (аккорды);;;;;"
1.Изольётся Твоя слава! 
Изольётся в океан!
Это будет исцеленье 
Смертью причинённых ран!

Пр. Океан Твоей любви будет здесь, на земле!
       Из любви океан будет петь о Тебе!
       Океан Твоей любви будет там, в небесах!
       Океан, океан будет здесь и будет там!

2. Через нас текут потоки  
Твоих сильных горных рек!
Ждёт огня и ждёт елея 
В мире каждый человек!

Пр. Благодать Твоей любви, 
       Благодать любви на нас!       
       Благодать, благодать, будет здесь, на земле! 
       Благодать Твоей любви будет там, в небесах!
       Благодать, благодать теперь на мне!";"{title: Изольётся Твоя слава!}
{key: Am}
{capo: +3}


1.Из[Am]ольётся Твоя слав[Dm]а! 
[Am]Изольётся в оке[E]ан!
Это [Am]будет исцелень[Dm]е 
См[Am]ертью причинённых [E]ран!

Пр. [Dm]Океан Тво[G]ей любви [C]будет здесь, [Am]на земле!
       [Dm]Из любви [G]океан [C]будет петь [E]о Тебе!
       [Dm]Океан Тво[G]ей любви [C]будет там, в [Am]небесах!
       [Dm]Океан, [G]океан [E]будет здесь и будет там!

2. Через нас текут потоки  
Твоих сильных горных рек!
Ждёт огня и ждёт елея 
В мире каждый человек!

Пр. Благодать Твоей любви, 
       Благодать любви на нас!       
       Благодать, благодать, будет здесь, на земле! 
       Благодать Твоей любви будет там, в небесах!
       Благодать, благодать теперь на мне!";;;;
0197;197;Наша жизнь, словно битва;Огненный ветер;Am;3;;4/4;;;V1 C V2;Огненный ветер (аккорды);;;;;"
1. Наша жизнь, словно битва! Перед Богом открыто:
Где победа, а где только боль! 
В этом мире без света, мы не ищем ответа, 
для греха став, как горькая соль!
Посмотри, сколько горя – в этом нет Божьей воли!
Слёзы Бога текут, словно град! 
Погибают солдаты, и смеётся заклятый
Наш извечный и проклятый враг!

                        С         
Пр. Церковь Бога живого, поднимайся для боя!
       Мёртвым лишь суждено умереть! 
       Нам дано Слово жизни от Небесной Отчизны
       Чтобы им побеждать и гореть!
       В небе огненный ветер бой немедленно встретит,
       Разнося по земле благодать! 
       Поднимайся на битву по сердечному ритму!
       Нам нельзя этот бой проиграть!

2. Под ногами – болото! Жить в грязи неохота!
И тем более так умирать! Чтоб совсем не остыло  
Моё сердце от мира, кровью буду Твоей побеждать!
На войне буду первым! Буду рвать свои нервы,
Пусть увидит лицо моё враг! Поднимусь в силе веры! 
Буду сильным и верным! Но врагу не достанется флаг!";"{title: Наша жизнь, словно битва}
{key: Am}
{capo: +3}


1. Наша [Am]жизнь, словно [G]битва! Перед [Dm]Богом откр[Am]ыто:
Где поб[F]еда, а гд[G]е только б[Am]оль! 
В этом мире без света, мы не ищем ответа, 
для греха став, как горькая соль!
Посмотри, сколько горя – в этом нет Божьей воли!
Слёзы Бога текут, словно град! 
Погибают солдаты, и смеётся заклятый
Наш извечный и проклятый враг!

                        С         
Пр. Церковь Бога живого, поднимайся для боя!
       Мёртвым лишь суждено умер[G]еть! 
       Нам дан[Dm]о Слово жизни от Небесной Отчизны
       Чтобы [F]им побеждать и гор[E]еть!
       В небе [C]огненный ветер бой немедленно встретит,
       Разнося по земле благод[G]ать! 
       Подним[Dm]айся на битву по сердечному ритму!
       Нам нельз[F]я этот бой проигр[E]ать!

2. Под ногами – болото! Жить в грязи неохота!
И тем более так умирать! Чтоб совсем не остыло  
Моё сердце от мира, кровью буду Твоей побеждать!
На войне буду первым! Буду рвать свои нервы,
Пусть увидит лицо моё враг! Поднимусь в силе веры! 
Буду сильным и верным! Но врагу не достанется флаг!";;;;
0198;198;Когда с тобой;Огненный ветер;Am;3;;4/4;;;V1 C V2;Огненный ветер (аккорды);;;;;"
1.Когда с тобой случится вдруг беда!
Беда на перепутье двух дорог!
Душа пусть не останется одна! 
Всегда твоей душе поможет Бог!

Пр. Он твой Защитник, Твой Покой! 
       Он твой Спаситель дорогой!
       Он мир среди смертельных волн: 
       Лишь в Нём исчезнет твоя боль!

2.Не верь лукавым мыслям и словам! 
Их враг даёт, чтоб ты упал!
Кого любить? Кому служить? 
Лишь Бог тебе поможет победить!

";"{title: Когда с тобой}
{key: Am}
{capo: +3}


[Am]1.Когд[Dm]а с тобой случ[E]ится вдруг бед[Am]а!
Бед[Dm]а на переп[E]утье двух дор[Am]ог!
Д[Dm]уша пусть не [G]останется [C]одна! [F]
Вс[Dm]егда твоей душ[E]е поможет [Am]Бог!

Пр. Он [Dm]твой Защитник, [E]Твой П[Am]окой! [F]
       Он [Dm]твой Спаситель [E]дор[Am]огой!
       Он [Dm]мир среди смерт[G]ельных [C]волн: 
       Л[F]ишь в [Dm]Нём исчезнет [E]твоя [Am]боль!

2.Не верь лукавым мыслям и словам! 
Их враг даёт, чтоб ты упал!
Кого любить? Кому служить? 
Лишь Бог тебе поможет победить!

";;;;
0199;199;Золотой Иерусалим;Огненный ветер;Am;3;;4/4;;;V1 C V2 V3 V4;Огненный ветер (аккорды);;;;;"
1.Иисус грядёт,     Его шаги 
Слышны всем тем, кто были так к Нему близки!
Иисус грядёт!     И яркий свет 
С Небес на землю изольёт на нас Отец!

Пр. Иисус! Я жду Тебя! Я всей душой Тебя люблю!
       Иисус! Заполнил светом, Ярким светом жизнь мою!
       Иисус! Открыл глаза и исцелил от бед меня!
       Иисус!     Навеки Ты – моя любовь 
       И жизнь моя!

2.Иисус грядёт! И жизнь моя 
Сокрыта в Нём! Очищена Его огнём! 
Ему пою, Ему служу 
Всем сердцем я Царя царей навек люблю!

Пр. Иисус! Я жду Тебя, мой Царь, мой Бог 
       И мой Жених!
       Иисус! Ты больше всех моих мечтаний, 
       Снов моих!
       Иисус! Всем сердцем
       Я лишь одному Тебе пою!
       Иисус! Прими, как жертву 
        Уст святых, хвалу мою!";"{title: Иисус грядёт!}
{key: Am}
{capo: +3}


1.Иисус [Am]гряд[G]ёт,     Его [Am]шаги [G]
Слышны всем [Am]тем, кто были так к Нему близк[G]и![E]
Иисус гряд[Am]ёт!     [G]И яркий св[Am]ет [G]
С Небес на [Am]землю изольёт на нас От[G]ец![A7]

Пр. Иис[Dm]ус! Я жду Тебя! Я всей душой Тебя любл[C]ю![Am]
       Иис[Dm]ус! Заполнил светом, Ярким светом жизнь м[C]ою![E]
       И[Am]исус! Открыл глаза и исцелил от бед мен[G]я![E]
       Иис[Am]ус!     [F]Навеки [Dm]Ты – моя люб[E]овь 
       И жизнь [Am]моя![E]

2.Иисус грядёт! И жизнь моя 
Сокрыта в Нём! Очищена Его огнём! 
Ему пою, Ему служу 
Всем сердцем я Царя царей навек люблю!

Пр. Иисус! Я жду Тебя, мой Царь, мой Бог 
       И мой Жених!
       Иисус! Ты больше всех моих мечтаний, 
       Снов моих!
       Иисус! Всем сердцем
       Я лишь одному Тебе пою!
       Иисус! Прими, как жертву 
        Уст святых, хвалу мою!";;;;
0200;200;Снова встречаю;Огненный ветер;C;3;;4/4;;;V1 C V2 V3;Огненный ветер (аккорды);;;;;"
1.Снова встречаю утра восход,
Нежной любовью горит небосвод,
    С                         Em
Сладостно пахнут мёдом цветы,
Льются потоки Твоей красоты!

Пр. Ветер мне пишет песни,
Солнце мне дарит кисти,
Чтоб написать портреты
Божьих Твоих детей!

2. Перед рассветом – темная мгла,
Смотрят упрямо ночи глаза.
Но засверкает утро росой
Я восхищаюсь только Тобой!

3.Пусть же несутся песни любви,
Огненным ветром к краю земли!
И затанцует Божья семья,
В духе свободы славя Тебя!";"{title: Снова встречаю}
{key: C}
{capo: +3}


1.Сн[C]ова встречаю [Em]утра восход,
[Am]Нежной любовью гор[F]ит неб[G]освод,
    С                         Em
Сладостно пахнут мёдом цветы,
[Am]Льются потоки Тво[F]ей крас[G]оты!

Пр. В[C]етер мне пишет песни,
С[Em]олнце мне дарит кисти,
Чт[Am]об написать портреты
Б[F]ожьих Тв[G]оих детей!

2. Перед рассветом – темная мгла,
Смотрят упрямо ночи глаза.
Но засверкает утро росой
Я восхищаюсь только Тобой!

3.Пусть же несутся песни любви,
Огненным ветром к краю земли!
И затанцует Божья семья,
В духе свободы славя Тебя!";;;;
0201;201;Как безбилетный пассажир;Огненный ветер;Am;3;;4/4;;;V1 C V2 C V3 C;Огненный ветер (аккорды);;;;;"
1.Как безбилетный пассажир      хочу взлететь я в Небо!
Как Ангел белый, но без крыл… Я никогда им не был…

Пр. Без прав любить, – люблю! 
       Без прав прощать, – прощаю!
       Без права жить, – живу! 
       Без прав летать, – взлетаю!

2. Я мог лишь ползать по земле,  пропитанной грехами!
И непонятно было мне, как Ангелы летают!

Пр. Без права петь, – пою! Без прав мечтать, – мечтаю!
       Без прав дышать, – дышу! Без прав летать, – летаю!

(mod+1)
3. Перед Престолом золотым Ты подарил мне право!
Дышать Тобой и жить Тобой в сиянии Божьей Славы!

Пр. Могу, как Ты любить! И грех на крест отправить!
       Могу, как Ты служить! Всем сердцем Бога славить!

";"{title: Как безбилетный пассажир}
{key: Am}
{capo: +3}


1.К[Am]ак безбилетный пассаж[Dm]ир      [E]хочу взлететь я в [Am]Неб[E]о!
Как Ангел белый, но без крыл… Я никогда им не был…

[A7]Пр. Без прав любить, – любл[Dm]ю! 
 [G]      Без прав прощать, – прощ[C]аю!
 [F]      Без права жить, – ж[Dm]иву! 
 [E]      Без прав летать, – взлет[Am]аю!

2. Я мог лишь ползать по земле,  пропитанной грехами!
И непонятно было мне, как Ангелы летают!

Пр. Без права петь, – пою! Без прав мечтать, – мечтаю!
       Без прав дышать, – дышу! Без прав летать, – летаю!

(mod+1)
3. Перед Престолом золотым Ты подарил мне право!
Дышать Тобой и жить Тобой в сиянии Божьей Славы!

Пр. Могу, как Ты любить! И грех на крест отправить!
       Могу, как Ты служить! Всем сердцем Бога славить!

";;;;
0202;202;Я не могу Небо познать;Огненный ветер;Am;3;;4/4;;;V1 C V2 V3;Огненный ветер (аккорды);;;;;"1. Я не могу Небо познать,
Смысл своей жизни понять.
Я без Тебя живу, как во тьме,
Зная, что свет нужен мне!

Пр. О, Иисус! Ты есть свет!
       Свет моей жизни, Иисус!

 2. Только в Тебе радость моя! Жизни моей глубина!
Только в Тебе святость моя, праведность и чистота!

3. В слове Твоём вся полнота! Истин Твоих высота!
Ты подарил мне новую кровь,
Сердцу живую любовь!";"
[Am]1. Я не могу Неб[G]о познать,
[F]Смысл своей жизни [G]понять.[Am]
Я без Тебя живу, как во тьме,
Зная, что свет нужен мне!

[Am]Пр. О, Иисус! Ты[G] есть свет!
[F]       Свет моей[G] жизни, Иисус[Am]!

 2. Только в Тебе радость моя! Жизни моей глубина!
Только в Тебе святость моя, праведность и чистота!

3. В слове Твоём вся полнота! Истин Твоих высота!
Ты подарил мне новую кровь,
Сердцу живую любовь!
";;;;
0203;203;Будем мы с тобой друг к другу ближе;Огненный ветер;Am;3;;4/4;;;V1 C V2 V3;Огненный ветер (аккорды);;;;;"
1.Иисус моя радость,   Он вся полнота,
Что с неба приходит    посредством креста.
Он -  Бога дыханья    сердечного ритм 
Я Им наслаждаюсь,    дыша вместе с Ним! -2р.

2.Пойду за Тобою долиною тьмы!
Ты - Пастырь мой добрый, Ты - Пастырь любви!
В сомненьях и боли ведёшь Ты меня
Долиною плача, долиной огня!

3.За правую руку Ты держишь меня
И шепчешь с любовью: «Не бойся, дитя!
Тебя не оставлю, тебя Я простил 
И вечной любовью тебя возлюбил!»";"{title: Иисус моя радость!}
{key: Am}
{capo: +3}


1.Иисус моя р[Am]адость,   [G]Он вся полнот[Am]а,
Что с неба прих[Am]од[G]ит    посредством кр[Am]еста.[A7]
Он -  Бога дых[Dm]ань[G]я    сердечного [C]ритм [F]
Я Им наслажд[Dm]аюсь,    [E]дыша вместе с [Am]Ним! [-]-[E]2р.

2.Пойду за Тобою долиною тьмы!
Ты - Пастырь мой добрый, Ты - Пастырь любви!
В сомненьях и боли ведёшь Ты меня
Долиною плача, долиной огня!

3.За правую руку Ты держишь меня
И шепчешь с любовью: «Не бойся, дитя!
Тебя не оставлю, тебя Я простил 
И вечной любовью тебя возлюбил!»";;;;
0204;204;Молчит в часах песочных время;Огненный ветер;Am;3;;4/4;;;V1 C V2 V3;Огненный ветер (аккорды);;;;;"
1.Молчит в часах песочных время! 
Дожди застыли в поднебесье!
Роса сгорела от пожара! 
Умолкли радостные песни!

Пр. Ты поднимись, пред Богом встань!
       И ухватись за Божью длань! 
       Поверь, что скоро всё пройдёт!
       Пусть твой огонь растопит лёд, 
       Откроет Божий небосвод!
       Прольётся с Неба скоро дождь! 

2. Порой нам будет очень трудно 
Идти всем вместе на Голгофу!
Когда вокруг всё против Бога вращается в водовороте!

3.В бою совсем всё по-другому, 
Чем там, где нежно светит солнце!
Там все сражаются до крови и Бога славят в вихре танца!
";"{title: Молчит в часах песочных время}
{key: Am}
{capo: +3}


1.М[Am]олчит в часах пес[G]очных время! 
[Em]Дожди застыли в подн[F]ебесье!
Роса сгорела от пожара! 
Умолкли радостные песни!

[Am]Пр. Ты поднимись, пред Б[G]огом встань!
       [F]И ухватись за Б[G]ожью длань! 
  [F]     Поверь, что [G]скоро всё пр[Am]ойдёт![G]
       Пусть твой огонь растопит лёд, 
       Откроет Божий небосвод!
       Прольётся с Неба скоро дождь! 

2. Порой нам будет очень трудно 
Идти всем вместе на Голгофу!
Когда вокруг всё против Бога вращается в водовороте!

3.В бою совсем всё по-другому, 
Чем там, где нежно светит солнце!
Там все сражаются до крови и Бога славят в вихре танца!
";;;;
0205;205;Ты повесил Землю ни на чём;Огненный ветер;Am;2;;4/4;;;V1 C V2;Огненный ветер (аккорды);;;;;"1. Ты повесил Землю ни на чём!
Окружил сияньем Своей славы!
Ликовали Ангелы Твои!
И луна и солнце были рады!

Пр. Восхваляйте вместе с ними!
       Восхваляйте вместе с ними!
       Бога Всемогущего Творца! Хей-хей!
       Восхваляйте вместе с нами!
       Восхваляйте вместе с нами!
       Жизнь Его для нас одна дана!

2. Радуются реки и леса!
Радуются горы и долины!
Радуется Небо и земля!
Радуются дети Божьи с ними!";"
[Am]1. Ты повесил Землю ни на чём![Dm]
[Am]Окружил сияньем С[E]воей славы![Am][E]
[Am]Ликовали Ангелы Твои![Dm]
[F]И луна и солнце были рады![E]

[F]Пр. Восхваляйте вместе[G] с ними!
[Am]       Восхваляйте вм[C]есте с ними!
[F]       Бога Всем[G]огущего Творца! Хей[C]-хей![Am]
[F]       Восхваляйте вме[G]сте с нами!
[C]       Восхваляйте в[Am]месте с нами!
[F]       Жизнь Его для н[G]ас одна дана![Am][(E)]

2. Радуются реки и леса!
Радуются горы и долины!
Радуется Небо и земля!
Радуются дети Божьи с ними!";;;;
0206;206;В Боге! Лишь только в Боге;Огненный ветер;Am;4;;4/4;;;V1 C V2;Огненный ветер (аккорды);;;;;"
1.Иисус! Слышу голос Твой! Сердцу он даёт покой!
Сильные шторма, сильные ветра не смутят, не победят меня! 

Пр. Тьма уйдёт во свете дня! Ты со мной! Люблю Тебя!
        Мой Господь, Спаситель мой! Только Ты даёшь покой!

2. Иисус! Ты зовёшь меня в Свой мир, красотой пленя,
Истиной простой, свежею волной, 
Увлекаешь в Небо за Собой!

Кода: Иисус, Иисус, Иисус, Иисус…
";"{title: Иисус! Слышу голос Твой!}
{key: Am}
{capo: +4}


1.[Am]Иис[Dm-E]ус! Слышу [Am]голос Твой! С[Am]ердц[Dm-E]у он даёт пок[Am]ой!
[Dm]Сильные шторм[E]а, [Am]сильн[G]ые в[F]етра [Dm]не смутят, не [E]победят м[Am]еня! 

Пр. Тьм[Dm]а уйдёт во св[E]ете дня! Т[F]ы со мной! Любл[E]ю Тебя!
        М[Dm]ой Господь, Спас[E]итель мой! Т[F]олько Ты да[E]ёшь покой!

2. Иисус! Ты зовёшь меня в Свой мир, красотой пленя,
Истиной простой, свежею волной, 
Увлекаешь в Небо за Собой!

Кода: [Am]Иис[Dm]ус, [E]Иисус, Иисус, Иисус…
";;;;
0207;207;Снится ночью мне белый город;Огненный ветер;Am;3;;4/4;;;V1 C V2;Огненный ветер (аккорды);;;;;"
1. Снится ночью   мне белый город    необычной   красоты!
Словно двери     открываю      я далёкой      своей мечты!
Это значит, - очень скоро    встречусь я       с мечтой своей!
Это значит, - очень скоро      я увижу        Царя царей! 

Пр. Белый город! Белый город! 
       В моём сердце построил Бог!
       Белый город! Белый город, где живёт Его любовь!
       В этот дивный белый город я хочу пригласить тебя!
       В нём тебе покажу дорогу я к любви моего Царя!


2. Очень просто сердцем верить, в то, что ждёт Иисус меня!
Потому что растворяю Божье Слово верой я!
Бог есть Альфа и Омега, Он начало и конец!
Он художник всей Вселенной, Он любви моей Творец!

";"{title: Снится ночью мне белый город}
{key: Am}
{capo: +3}


1. [Am]Снится ночь[Dm]ю   [E]мне белый гор[Am]од    н[F]еобы[Dm]чной   [E]красот[Am]ы!
Словно [Dm]двери     [E]открыв[Am]аю      [F]я д[Dm]алёкой      [E]своей м[Am]ечты!
Это зн[Dm]ачит, [E]- очень ск[Am]оро    [F]встречусь [Dm]я       [E]с мечтой сво[Am]ей!
Это [Dm]значит, [G]- очень ск[C]оро      [F]я ув[Dm]ижу        [E]Царя цар[Am]ей! 

Пр. Белый [Dm]город! Белый г[E]ород! 
       В моём с[Am]ердце постр[G]оил Б[F]ог!
       Белый [Dm]город! Белый г[E]ород, где ж[Am]ивёт Его любовь!
       В этот д[Dm]ивный белый [G]город я хоч[C]у пригласить т[Am]ебя!
       В нём т[Dm]ебе покажу дор[Am]огу я к любв[Dm]и моег[E]о Ц[Am]аря!


2. Очень просто сердцем верить, в то, что ждёт Иисус меня!
Потому что растворяю Божье Слово верой я!
Бог есть Альфа и Омега, Он начало и конец!
Он художник всей Вселенной, Он любви моей Творец!

";;;;
0208;208;Предваряю рассвет (Пс. 118);Огненный ветер;Am;3;;4/4;;;V1 V2 V3 V4;Огненный ветер (аккорды);;;;;"1.Предваряю рассвет и взываю! Я на Слово Твоё уповаю!
Углубляться хочу только в Слово Твоё!
По суду оживишь Ты меня!
Не забуду закон откровений Твоих!
Для меня – это милость Твоя! – 2р.

2.Отврати мои очи от мира!
Прилеплюсь к откровеньям Твоим я!
Как люблю я, Господь, повеленья Твои!
Путь закона всегда предо мной! – 2р.
Возжелал я его сердцем бедным моим,
Чтобы быть мне навеки с Тобой! – 2р.

3. Благо мне, что немного страдал я,
Чтобы мне научиться уставам!
Тает сердце моё о спасении  Твоём, уповая на Слово Твоё!
Будет милость Твоя утешеньем моим!
Отвращая от истины зло! – 2р.

4. Твоё Слово – ноге как светильник,
И как свет для стези Твоё Слово!
Откровенья Его вразумляют простых,
Потому и душа их хранит!
Слово чисто Твоё, возлюбил я Его!
Ты – покров мой и истины щит! – 2р.";"
[Am]1.Предваряю рассвет и взываю![E] Я на Слово Твоё [Dm]уповаю![E][Am]
[Dm]Углубляться хочу только в Слово Тв[Am]оё!
[E]По суду оживишь Ты меня![Am]
[Dm]Не забуду закон откровени[Am]й Твоих!
[G]Для меня – это[E] милость Твоя![Am] – 2р.

2.Отврати мои очи от мира!
Прилеплюсь к откровеньям Твоим я!
Как люблю я, Господь, повеленья Твои!
Путь закона всегда предо мной! – 2р.
Возжелал я его сердцем бедным моим,
Чтобы быть мне навеки с Тобой! – 2р.

3. Благо мне, что немного страдал я,
Чтобы мне научиться уставам!
Тает сердце моё о спасении  Твоём, уповая на Слово Твоё!
Будет милость Твоя утешеньем моим!
Отвращая от истины зло! – 2р.

4. Твоё Слово – ноге как светильник,
И как свет для стези Твоё Слово!
Откровенья Его вразумляют простых,
Потому и душа их хранит!
Слово чисто Твоё, возлюбил я Его!
Ты – покров мой и истины щит! – 2р.";;;;
0209;209;Если сегодня;Огненный ветер;Am;3;;4/4;;;V1 C V2;Огненный ветер (аккорды);;;;;"
1. Иисус Христос Спаситель! 
Иисус Христос Спаситель!
Иисус Христос Спаситель! Иисус – Господь!
Искупил Своею кровью! 
Искупил Своею кровью!
Искупил Своею кровью!
Подарил любовь!

Пр. Наш Бог - Иисус Христос! 
       Он есть наш путь и жизнь!
       Грехи на крест вознёс! Ты за Него  держись!
       Тебя Он не предаст, не бросит, не солжёт!
       И тот, кого Он спас, вовеки не умрёт!

2. Иисус Христос на троне! – 3р. 
Царственной любви!
Перед Ним греха не скроешь – 3р.
И своей вины!";"{title: Иисус Христос Спаситель}
{key: Am}
{capo: +3}


1. Иисус Христос Сп[Am]аситель! [G]
Иисус Христос Сп[F]аситель![G]
Иисус Христос Сп[Am]аситель! [Dm]Иис[F]ус – Госп[G]одь![E]
Искупил Своею [Am]кровью! [G]
Искупил Своею [F]кровь[G]ю!
Искупил Своею [Am]кровью!
[Dm]Подар[F]ил л[G]юбовь![E]

Пр. Наш [Am]Бог - Иисус Хр[Dm]истос! 
       Он [G]есть наш путь и [C]жизнь!
       Грех[F]и на крест в[Dm]ознёс! Т[E]ы за Него  [Am]держис[E]ь!
       Т[Am]ебя Он не пр[Dm]едаст, не [G]бросит, не с[C]олжёт!
       И [F]тот, кого Он [Dm]спас, в[E]овеки не [Am]умрёт!

2. Иисус Христос на троне! – 3р. 
Царственной любви!
Перед Ним греха не скроешь – 3р.
И своей вины!";;;;
0210;210;Мы не можем летать;Огненный ветер;Am;4;;4/4;;;V1 C V2;Огненный ветер (аккорды);;;;;"1.Мы не можем летать     без подаренных крыл!
Как желаем мы знать,      чтоб нас кто-то любил…
Как желаем мы быть     чьим-то даром судьбы!
Как желаем мы жить       по законам любви!

Пр. Я прощаю тебя! Я прощаю, любя!
      Чтоб свободным ты стал!      Чтобы в небе летал!
      Я прощаю тебя, отпуская тебя!
      Словно душу свою в Небо я отдаю!

2. Пусть любовь обретёт в сердце новую жизнь!
Бог печали утрёт с наших мокрых ресниц!
Если можно принять и услышать «Прости!»,
Значит можно летать! Значит можно любить!";"
[Am]1.Мы не можем летать    [Dm] без[E] подаренных крыл![Am]
[Dm]Как же[E]лаем мы знать,      чтоб нас кто-т[Am]о люби[G]л…
[F]Как ж[E]елаем мы быть     чьим-то даром су[Am]дьбы![F]
[Dm]Как ж[E]елаем мы жить       по зако[Am]нам любви!

[Am]Пр. Я прощаю тебя! Я прощаю,[C] любя!
[Dm]   [Em]   Чтоб свободным ты стал!  [Am]    Чтобы в небе летал!
      Я прощаю тебя, отпуская тебя!
      Словно душу свою в Небо я отдаю!

2. Пусть любовь обретёт в сердце новую жизнь!
Бог печали утрёт с наших мокрых ресниц!
Если можно принять и услышать «Прости!»,
Значит можно летать! Значит можно любить!
";;;;
0211;211;Поклоняюсь я Тебе;Огненный ветер;Am;3;;4/4;;;V1 C V2;Огненный ветер (аккорды);;;;;"1.Поклоняюсь я Тебе, на Твоей Святой горе
Божьего величия и славы!
Наполняюсь я Тобой, Твоей дивной красотой!
Исцеляешь, Ты, Господь, мои раны!

Пр. Иисус! Твоя любовь несёт земле
       Дождь пробуждения!
       Иисус! Стою я на вершине славы поклонения!
       Лишь Тебе мои уста поют хвалу из сердца чистого!
       По земле хочу пройти я в вихре танца
       Ветра быстрого!

2. Я хвалу Тебе пою, посвящая жизнь свою
Поклонению Тебе навеки!
В духе истины стою! Духом истины горю!
Пусть наполнятся хвалой Твои реки!";"
[Am]1.Покло[E]няюсь я Тебе, [Am]на Твоей Святой горе[Dm]
[E]Божьего величия и славы![Am][E]
Наполняюсь я Тобой, Твоей дивной красотой!
Исцеляешь, Ты, Господь, мои раны!

[Am]Пр.[Dm] Иисус! Твоя любовь[E] несёт земле
[Am]    [E]   Дождь пробуждения!
[Am]   [Dm]    Иисус! Стою я[E] на вершине славы поклонения![Am]
[F]       Ли[Dm]шь Тебе мои уст[E]а поют хвалу из сердца чистого![Am]
[F]       [Dm]По земле хочу пройти я [E]в вихре танца
[Am]       Ветра быстрого!

2. Я хвалу Тебе пою, посвящая жизнь свою
Поклонению Тебе навеки!
В духе истины стою! Духом истины горю!
Пусть наполнятся хвалой Твои реки!";;;;
0212;212;Лучше струны рвать;Огненный ветер;Am;3;;4/4;;;V1 V2 V3 V4 V5;Огненный ветер (аккорды);;;;;"1.Лучше струны рвать, чем молчать!
Лучше кровью петь и хрипеть,
Чем сгореть от страсти греха
И звенеть, как ржавая медь!

2. Лучше горечь правды, чем ложь!
Обличенье лучше, чем лесть!
Блюдо зелени и любовь лучше всех даров на земле!

3. Лучше бедным быть, но в раю,
Чем богатым быть дураком!
Чем растратить душу свою на признанья серых волков!

4. Лучше боль терпеть и страдать,
Чем от зависти умереть!
Чем в обидах себя потерять,
Чем мирскую гордость иметь!

5. Лучше крест и сотня гвоздей,
Чем работа в плену врага!
Лучше пусть посмертная честь,
Чем остаться рабом греха!";"
[Am]1.Лучше [Em]струны рвать, чем мол[Am]чать!
[Em]Лучше кровью п[Am]еть и хрипеть,
[Dm]Чем сгореть от страсти гре[Am]ха
[F]И звенеть, как рж[G]авая медь[Am]!

2. Лучше горечь правды, чем ложь!
Обличенье лучше, чем лесть!
Блюдо зелени и любовь лучше всех даров на земле!

3. Лучше бедным быть, но в раю,
Чем богатым быть дураком!
Чем растратить душу свою на признанья серых волков!

4. Лучше боль терпеть и страдать,
Чем от зависти умереть!
Чем в обидах себя потерять,
Чем мирскую гордость иметь!

5. Лучше крест и сотня гвоздей,
Чем работа в плену врага!
Лучше пусть посмертная честь,
Чем остаться рабом греха!

";;;;
0213;213;Напрасны все слова;Огненный ветер;Am;3;;4/4;;;V1 C V2 V3;Огненный ветер (аккорды);;;;;"1. Напрасны все слова, когда на сердце лёд!
Напрасны песни о любви, когда зима!
Когда внутри не обжигает вены кровь!
Когда исчезла, как роса, мечта твоя!

Пр. Придёт весна, придёт заря, придёт любовь!
       Живой водой опять наполнит сердце Бог!
       И оживут, и потекут потоки рек!
       Огонь любви растопит лёд, растопит снег!

2.Не надо обращаться и смотреть назад!
Не надо ждать, что повернутся реки вспять!
Не надо требовать любви от тех, кто мёртв!
И ложного признания не надо ждать!

3. Верны сердца, в которых страха смерти нет!
Они хранят любовь среди холодных льдов!
Они тебя согреют верностью своей,
И будет зажигаться твоё сердце вновь!";"
[Am]1. Напрасны все слова[E], когда на сердце лё[Am]д!
[Dm]Напрасны песни о лю[E]бви, когда зима![Am]
[Dm]Когда внутри не обж[G]игает вены кровь![C][F]
[Dm]Когда исчезла, как [E]роса, мечта твоя![Am]

[Dm]Пр. Придёт весна, придёт заря, придёт любовь[G]!
[Dm]       Живой водо[E]й опять наполнит сердце [Am]Бог!
       И оживут, и потекут потоки рек!
       Огонь любви растопит лёд, растопит снег!

2.Не надо обращаться и смотреть назад!
Не надо ждать, что повернутся реки вспять!
Не надо требовать любви от тех, кто мёртв!
И ложного признания не надо ждать!

3. Верны сердца, в которых страха смерти нет!
Они хранят любовь среди холодных льдов!
Они тебя согреют верностью своей,
И будет зажигаться твоё сердце вновь!
";;;;
0214;214;Пойте Господу!;Огненный ветер;Am;3;;4/4;;;V1 V2;Огненный ветер (аккорды);;;;;"1. Пойте Господу!        Пойте Господу!
Пойте Господу!     Хвалу Небес!
Пойте Господу!         Пойте Господу!
Пойте Господу     что Он воскрес!

Пойте Господу!       Пойте Господу!
Пойте Господу     своей судьбы!
Пойте Господу!       Пойте Господу!
Пойте Господу      о любви!

2. Слава Господу – 3р. за Дух Святой!
Слава Господу – 3р. что Он со мной!
Слава Господу – 3р. за плоть и кровь!
Слава Господу – 3р. за любовь!";"
[Am]1. Пойте Гос[Dm]поду! [E]       По[Am]йте Господу![Dm]
[E]Пойте Гос[Am]поду!     Х[G]валу Небес![Am][E]
[Am]Пойте Господ[Dm]у!    [E]     Пойт[Am]е Господу![Dm]
[E]Пойте Гос[Am]поду     что[G] Он воскрес![Am][F#]

[Hm]Пойте Госпо[Em]ду!  [F#]     Пой[Hm]те Господу![Em]
[F#]Пойте Гос[Hm]поду     с[A]воей судьбы![Hm]
[Hm]Пойте Госпо[Em]ду!  [F#]     Пой[Hm]те Господу![Em]
[F#]Пойте Госп[Hm]оду      о лю[A]бви![Hm][E]

2. Слава Господу – 3р. за Дух Святой!
Слава Господу – 3р. что Он со мной!
Слава Господу – 3р. за плоть и кровь!
Слава Господу – 3р. за любовь!

";;;;
0215;215;По пыльным тропам;Огненный ветер;Am;5;;4/4;;;V1 C V2 V3 C;Огненный ветер (аккорды);;;;;"1. По пыльным тропам шагаем вместе,
Шагаем смело,     огнём горя!
В Иерусалиме святые песни
Желает слышать Твоя земля!

, Dm)          Em        Am                  Em
Пр. Красные маки – 3р. В пустыне цветут!
       Красные маки – 3р. Героев ждут!

2. Как капли крови цветы роняют
Свою одежду на мёртвый грунт!
Из мира лести нас вызывают,
Кричащей болью к себе зовут…

3. В душе молчащей нет правды жизни!
Она украла Твою хвалу!
Прости нас, Боже! Прости, Спаситель!
Хотим быть снова в Твоём строю!

Пр. Красные маки – 3р. В пустыне цветут!
       Красные маки – 3р. Тебя здесь ждут!";"
[Am]1. По пыльным тропам шагаем вмес[G]те,
[F]Шагаем смело,     [G]огнём го[Am]ря![G]
[F]В Иерусалиме святые [Am]песни
[G]Желает слышать Твоя земля![Am][G]

[Am], D[(F]m)          Em        Am                  Em
Пр. Красные маки – 3р. В пустыне цветут!
       Красные маки – 3р. Героев ждут!

2. Как капли крови цветы роняют
Свою одежду на мёртвый грунт!
Из мира лести нас вызывают,
Кричащей болью к себе зовут…

3. В душе молчащей нет правды жизни!
Она украла Твою хвалу!
Прости нас, Боже! Прости, Спаситель!
Хотим быть снова в Твоём строю!

Пр. Красные маки – 3р. В пустыне цветут!
       Красные маки – 3р. Тебя здесь ждут!";;;;
0216;216;Быть может;Огненный ветер;Am;3;;4/4;;;V1 C V2;Огненный ветер (аккорды);;;;;"
1. Истомилась душа одинокая, рвётся к Господу в небо высокое!
Плачь-не плачь – словно птица по радугам
Скачет сердце, из слёз сея жемчуга…

2. Половинкой луна ночью светится,
Ярким солнышком сердце согреется
И любовью, как спелою вишнею источится, как боль пережившее!

3. Сила с неба приходит негаданно,
Словно Божьей рукой распечатана,
Словно песня проснулась от радости,
И наполнилась нежною святостью!";"{title: Истомилась душа одинокая}
{capo: +3}


1. Истомилась душа одинокая, рвётся к Господу в небо высокое!
Плачь-не плачь – словно птица по радугам
Скачет сердце, из слёз сея жемчуга…

2. Половинкой луна ночью светится,
Ярким солнышком сердце согреется
И любовью, как спелою вишнею источится, как боль пережившее!

3. Сила с неба приходит негаданно,
Словно Божьей рукой распечатана,
Словно песня проснулась от радости,
И наполнилась нежною святостью!";;;;
0217;217;Пламя и лёд;Огненный ветер;Am;3;;4/4;;;V1 C V2;Огненный ветер (аккорды);;;;;"
1.Пламя и лёд   –  берега одной реки! 
Пламя и лёд   –   две реки одной судьбы!
Если узнать,     как рождается рассвет,
Можно понять       сердца Божьего секрет!

Пр. Пламя        душу обожжёт!
       Светом       в мою жизнь войдёт!
       Пламя     огненной любви  
       В сердце       разожжёт костры!

2.В Небо летят все признания мои!
Так по земле вмиг пройдёт пожар любви!
Песня зажжёт славой Божьей Небеса!
И закружит в хороводе вся земля!";"{title: Пламя и лёд}
{key: Am}
{capo: +3}


1.Пл[Am]амя и [Dm]лёд   [Em]–  берега одн[Am]ой реки! 
Пламя и [Dm]лёд   [Em]–   две реки [Am]одной судьбы!
[F]Если узн[Dm]ать,     [G]как рожда[Am]ется рассвет,
М[F]ожно п[Dm]онять[Em]       сердца Божь[Am]его секрет!

Пр. [Dm]Плам[Em]я        душу об[Am]ожжёт!
       [Dm]Светом[Em]       в мою жизнь в[Am]ойдёт!
       Пл[F]амя     [G]огненной любв[C]и  [F]
       В [Dm]сердц[Em]е       разожжёт [Am]костры!

2.В Небо летят все признания мои!
Так по земле вмиг пройдёт пожар любви!
Песня зажжёт славой Божьей Небеса!
И закружит в хороводе вся земля!";;;;
0218;218;Тебя хочу вкушать;Огненный ветер;Am;2;;4/4;;;V1 C V2 V3;Огненный ветер (аккорды);;;;;"
1. Тебя хочу вкушать как хлеб Небесный!
Тебя хочу я пить как воду Жизни!
Мне дороги Твои слова простые!
Они меня ведут к Твоей Отчизне!

Пр. Узнать Твои шаги! Узнать Твои Слова!
       Узнать Твою Любовь! Узнать хочу Тебя!

2. Я столько лет блуждал в сухой пустыне!
Я видел смерть и горе было ядом!
Я плакал от бессилия, как нищий!
Но Ты разрушил всё одним лишь взглядом!

3. К Тебе сейчас летит моя молитва!
Моя хвала к Тебе как птица рвётся!
Душа, как после сна, стремится в Небо!
Твой свет елеем в моё сердце льётся!


";"{title: Тебя хочу вкушать}
{key: Am}
{capo: +2}


1. Т[Am]ебя хочу вкуш[E]ать как хлеб Неб[Am]есный!
Т[Dm]ебя хочу я п[E]ить как воду [Am]Жизни!
Мне [Dm]дороги Тв[G]ои слова пр[C]остые![F]
[Dm]Они меня вед[E]ут к Твоей Отч[Am]изне!

Пр. Узн[Dm]ать Тво[E]и шаги! Узн[Am]ать Твои [F]Слова!
       Узнать Твою Любовь! Узнать хочу Тебя!

2. Я столько лет блуждал в сухой пустыне!
Я видел смерть и горе было ядом!
Я плакал от бессилия, как нищий!
Но Ты разрушил всё одним лишь взглядом!

3. К Тебе сейчас летит моя молитва!
Моя хвала к Тебе как птица рвётся!
Душа, как после сна, стремится в Небо!
Твой свет елеем в моё сердце льётся!


";;;;
0219;219;Тень ходит за нами вслед;Огненный ветер;Am;2;;4/4;;;V1 C V2 C;Огненный ветер (аккорды);;;;;"1. Тень ходит за нами вслед!
В ней истины только нет!
Но в солнечный летний день
Вмиг вдруг исчезает тень…

Пр. Надо любить сейчас! Надо любить сейчас!
       Надо любить сейчас, пока не поздно!
       Словно в последний раз пусть провожают нас,
       Пусть обжигают нас летние грозы!

2.Всё, что принесла беда, всё, что унесла вода, -
Вдруг станет пустым сейчас!
Век вмиг сократится в час!

Пр. Буду любить Тебя! Буду любить Тебя!
       Буду любить Тебя, пока есть силы!
       Чтобы моя судьба, чтобы Твоя судьба
       В Вечности навсегда стали едины!";"
[Am]1. Тень ходит за на[Dm]ми вслед!
[E]В ней истины тольк[Am]о нет![E]
Но в солнечный летний день
Вмиг вдруг исчезает тень…

[Dm]Пр. Надо лю[G]бить сейчас! Надо лю[C]бить сейчас![F]
[Dm]       Надо[E] любить сейчас, по[Am]ка не поздно!
       Словно в последний раз пусть провожают нас,
       Пусть обжигают нас летние грозы!

2.Всё, что принесла беда, всё, что унесла вода, -
Вдруг станет пустым сейчас!
Век вмиг сократится в час!

Пр. Буду любить Тебя! Буду любить Тебя!
       Буду любить Тебя, пока есть силы!
       Чтобы моя судьба, чтобы Твоя судьба
       В Вечности навсегда стали едины!
";;;;
0220;220;Журавлик бумажный;Огненный ветер;Am;3;;4/4;;;V1 C V2 V3;Огненный ветер (аккорды);;;;;"

1. Каждый мой шаг принадлежит Тебе! 

Каждый мой вздох - имя Твоё, Иисус!

Я без Тебя не проживу теперь! Смерти уже я не боюсь!


Пр. Слышу Тебя ночью и днём! Слово Твоё горит огнём!

   В сердце моём живёт любовь! Ею дышу я вновь и вновь…

2. Слава Твоя  - свет для души моей! 
Сила Твоя - в Слове Твоём, Иисус!
Оно для меня - как на устах елей, верой в него я спасусь!  ";"{title: Каждый мой шаг}
{capo: +3}



1. Каждый мой шаг принадлежит Тебе! 

Каждый мой вздох - имя Твоё, Иисус!

Я без Тебя не проживу теперь! Смерти уже я не боюсь!


Пр. Слышу Тебя ночью и днём! Слово Твоё горит огнём!

   В сердце моём живёт любовь! Ею дышу я вновь и вновь…

2. Слава Твоя  - свет для души моей! 
Сила Твоя - в Слове Твоём, Иисус!
Оно для меня - как на устах елей, верой в него я спасусь!  ";;;;
0221;221;На большом киноэкране;Огненный ветер;Am;3;;4/4;;;V1 C V2 V3;Огненный ветер (аккорды);;;;;"
1.На большом киноэкране     смотрим мы на Божьи раны
И роняем горькую слезу!
Но потом выходим смело,   забывая откровения!
Обсуждая лишь киноигру…
Книга  боли и страданий – не кино! 
 Если жили все герои те давно, 
Надо вглубь веков всмотреться,  чтоб открылось твоё сердце
И других услышало оно…

Пр. С неба смотрит Бог на нас!    В сердце посылает глас:
       Дети, вы, мои сыны,    благодатью спасены! - 2р.

2. Всё, что видят наши очи, часто мрачно и порочно,
И не знаешь верить или нет?
Но, когда глаза омыты, в сердце Небеса открыты,
Видим мы Голгофский алый крест!
Все страданья и потери на земле, 
Как в кино сгорят мгновенно все в огне…
Но останется надежда, Божьей святости одежда,
И кольцо Невесты на руке!

3.Дух Святой, приди как ветер! Жаждем с нетерпеньем встречи!  
Принеси прощения елей!
Мы в потоке Божьей славы будем ликовать и славить!
Ты на нас любовь Свою излей!
Будем   вместе мы в свободе побеждать, 
Если сможем  цепи плоти разорвать…
Дух Святой, приди, как ветер! Сердце жаждет нашей встречи 
И Тебя желает восхвалять!";"{title: На большом киноэкране}
{key: Am}
{capo: +3}


[Am]1.На большом киноэкран[C]е     смотрим мы на Божьи раны
И [F]роняем горьк[G]ую слезу![Am]
Но потом выходим смел[C]о,   забывая откровения!
Обс[F]уждая лишь [G]киноигру…[Am]
Книга  [F]боли и страданий – не к[G]ино! 
 Если ж[C]или все герои те д[Am]авно, 
[F]Надо вглубь веков всмотреться,  [Am]чтоб открылось твоё сердце
[G]И других усл[E]ышало он[Am]о…

[F]Пр. С неба смотрит Бог на [G]нас[C]!    В сердце посылает [Am]глас:
  [F]     Дети, вы, мои с[G]ын[E]ы,    благодатью спас[Am]ены! - 2р.

2. Всё, что видят наши очи, часто мрачно и порочно,
И не знаешь верить или нет?
Но, когда глаза омыты, в сердце Небеса открыты,
Видим мы Голгофский алый крест!
Все страданья и потери на земле, 
Как в кино сгорят мгновенно все в огне…
Но останется надежда, Божьей святости одежда,
И кольцо Невесты на руке!

3.Дух Святой, приди как ветер! Жаждем с нетерпеньем встречи!  
Принеси прощения елей!
Мы в потоке Божьей славы будем ликовать и славить!
Ты на нас любовь Свою излей!
Будем   вместе мы в свободе побеждать, 
Если сможем  цепи плоти разорвать…
Дух Святой, приди, как ветер! Сердце жаждет нашей встречи 
И Тебя желает восхвалять!";;;;
0222;222;Перед Богом слёзы льются;Огненный ветер;Am;3;;4/4;;;V1 C V2;Огненный ветер (аккорды);;;;;"
1.Перед Богом слёзы льются! 
В них хранится      сердца соль!
Слов не нужно! Мысли рвутся! 
Стала светом     твоя боль!

Пр. Быть не может! Быть не может! 
       Быть не может         любовь без крыл!
       Очень нужно! Богу нужно!
       Сердцу нужно, чтоб ты любил!

2. Только в Боге, в небе чистом 
Можно верить и летать,
Словно белый Ангел быстрый! 
Дух свободой наполнять!
";"{title: Перед Богом слёзы льются}
{key: Am}
{capo: +3}


1.П[Am]еред Богом сл[G]ёзы льются! 
В н[F]их хранитс[E]я      сердца соль!
Сл[Am]ов не нужно! М[G]ысли рвутся! 
Ст[F]ала свет[E]ом     тво[Am]я боль![G]

Пр. Б[C]ыть не м[F]ожет! [C]Быть не [F]может! 
       Б[C]ыть не м[F]ожет [Dm]        любовь без кр[G]ыл!
       Очень нужно! Богу нужно!
       Сердцу нужно, чтоб ты любил!

2. Только в Боге, в небе чистом 
Можно верить и летать,
Словно белый Ангел быстрый! 
Дух свободой наполнять!
";;;;
0223;223;Хвала на Востоке;Огненный ветер;Am;3;;4/4;;;V1 C V2;Огненный ветер (аккорды);;;;;"Най-на-на: Am Dm G C F Dm E – 2р.

1. Хвала на Востоке звучала
И радостно сердце стучало!
А в Небо простые мотивы
Горячей волной уносило!

Пр. Торопись скорей, собирай друзей!
       Восхвалять Отца! Восхвалять Царя!
       Сердцем и душой вместе с нами пой:
       «Аллилуйя! Аллилуйя!»

2. Пусть в танцах движения сердца
Откроют для радости дверцу!
И в дружном большом хороводе
От счастья смеяться мы будем!";"
Най-на-на: Am Dm G C F Dm E – 2р.

[Am]1. Хвала на Востоке звучал[Dm]а
[E]И радостно сердце стучало![Am][E]
[Am]А в Небо простые мотивы[Dm]
[E]Горячей волной уносило![Am]

[Am]Пр. Торопись скорей, собир[Dm]ай друзей!
[G]       Восхвалять Отца! Восхв[C]алять Царя!
[F]       Сердцем и душой вместе[Dm] с нами пой:
[E]       «Аллилуйя! Аллилуйя!»

2. Пусть в танцах движения сердца
Откроют для радости дверцу!
И в дружном большом хороводе
От счастья смеяться мы будем!
";;;;
0224;224;По пустыне ползёт змея;Огненный ветер;Am;3;;4/4;;;V1 C V2;Огненный ветер (аккорды);;;;;"
1. По пустыне ползёт змея, – 
Чёрной лентой душа твоя 
Без любви и живой воды в жажде Бога! 
Измождённых грехом людей 
Очень много по всей земле!
Я хочу напоить тебя Божьим Словом!

Пр. На руках понесу тебя и огнём исцелю тебя,
       Чтоб отныне ты жил в любви с Богом!
                  С                                F
       На руках понесу тебя и огнём исцелю тебя
       Чтоб отныне ты жил в любви с Богом!

2. Словно горький змеиный яд, 
В твоих мыслях скрывался ад,
Чтоб убить навсегда грехом твоё сердце!
Но спустилась с Небес Любовь, 
Чтоб пустить по пустыне кровь
И разрушить хвалой креста силы смерти!

";"{title: По пустыне ползёт змея}
{key: Am}
{capo: +3}


1. По пуст[Am]ыне ползёт змея, – 
Чёрной л[F]ентой душа твоя 
Без лю[Dm]бви и живой воды в жажд[Am]е Бога! [E]
Измождённых грехом людей 
Очень много по всей земле!
Я хочу напоить тебя Божьим Словом!

Пр. На рук[C]ах понесу тебя и огн[F]ём исцелю тебя,
       Чтоб отн[C]ыне ты жил в любви с [G]Богом!
                  С                                F
       На руках понесу тебя и огнём исцелю тебя
       Чтоб отн[Dm]ыне ты жил в любв[G]и с [Am]Богом![E]

2. Словно горький змеиный яд, 
В твоих мыслях скрывался ад,
Чтоб убить навсегда грехом твоё сердце!
Но спустилась с Небес Любовь, 
Чтоб пустить по пустыне кровь
И разрушить хвалой креста силы смерти!

";;;;
0225;225;Я хочу пред Тобою, мой Бог;Огненный ветер;Am;4;;4/4;;;V1 C V2;Огненный ветер (аккорды);;;;;"1. Я хочу пред Тобою, мой Бог,
Двери судьбы  отворить!
Позади было столько дорог,
Где меня мог противник убить!
Белый камень,    как в небе звезда!
А на нём    моё новое имя
Даришь ты как Отец для меня!
Я смущён и встаю на колени!

Пр. Слово! Слово Твоё есть путь! Злата земли дороже!
       Верь мне! Я сохраню его! Дух Твой Святой поможет!

2. Дождь приносит печальную песнь!
Странно мотивы звучат!
Кто-то хочет, чтоб я изнемог, радость в душе потерял!
Я не буду грустить ни о чём!
Распахну дома окна все настежь!
Пусть врывается новым дождём
В мою жизнь исцелённое счастье!";"
[Am]1. Я хочу пред Тобою, мой Бог,[Dm]
[E]Двери судьбы  отворить![Am][E]
[Am]Позади было столько дорог,[Dm]
[E]Где меня мог противник убить![Am][G]
[C]Белый камен[F]ь,    как в небе звезда![G]
[F]А н[G]а нём    моё новое [C]имя
[F]Даришь ты как Отец для меня![Dm]
[E]Я смущён и встаю на колени![Am]

[Am]Пр. Слово! Слово Твоё е[F]сть путь! Злата земли д[G]ороже![C]
[F]       Верь мне! Я сохраню е[Dm]го! Дух Твой[E] Святой поможет![Am]

2. Дождь приносит печальную песнь!
Странно мотивы звучат!
Кто-то хочет, чтоб я изнемог, радость в душе потерял!
Я не буду грустить ни о чём!
Распахну дома окна все настежь!
Пусть врывается новым дождём
В мою жизнь исцелённое счастье!

";;;;
0226;226;Уйти несложно;Огненный ветер;Am;3;;4/4;;;V1 C V2 C;Огненный ветер (аккорды);;;;;"1. Уйти несложно… Сложно остаться!
Ну как же можно     с Богом расстаться?
Стекло в тумане    и пыль на пальцах
Смущают часто    своим обманом…

Пр. Не смотри назад        в темноту!
       Но прими любви     чистоту!
       Мудрости Небес       научись!
       В Истине Христу       поклонись!

2. Ну что случится, если остаться?
Зачем напрасно нам обижаться?
Ведь всё исправит лишь сильный сердцем…
А Бог поможет, умножит веру!

Пр. Преврати в хвалу свою жизнь!
       В боли от огня ты зажгись!
       Руки подними и скажи:
       «Не могу я жить без ЛЮБВИ!»";"
[Am]1. Уйти н[E]есложно… Сложно остат[Am]ься!
[Dm]Ну как [E]же можно     с Богом расс[Am]таться?
[Dm]Стек[F]ло в тумане    и пыль [E]на пальцах
[Dm]Смущаю[F]т часто    своим об[E]маном…

[Am]Пр. Не смотри назад      [Dm]  в темноту!
[G]       Но прими любви     [C]чистоту!
[F]       Мудрости Небес   [Dm]    научись!
[E]       В Истине Христу   [Am]    поклонись!

2. Ну что случится, если остаться?
Зачем напрасно нам обижаться?
Ведь всё исправит лишь сильный сердцем…
А Бог поможет, умножит веру!

Пр. Преврати в хвалу свою жизнь!
       В боли от огня ты зажгись!
       Руки подними и скажи:
       «Не могу я жить без ЛЮБВИ!»



";;;;
0227;227;Радость будет;Огненный ветер;Am;4;;4/4;;;V1 V2;Огненный ветер (аккорды);;;;;"
Най-най най-най-наранай

1. Радость будет в сердце вашем! 
Радость будет в Небесах!
Перед Богом поклонитесь 
С песней новой на устах!
Всем глубины сердца вскрою, 
Всем ошибки покажу!
Кого нужно похвалю Я, 
Кого нужно - накажу!

2. Вы за всё благодарите, 
Не смущайтесь от невзгод!
Слово Божие храните 
День за днём, за годом год!
Отрезвитесь, не грешите! 
Знайте: скоро быть суду!
Только Господу служите! 
Скоро! Скоро Я гряду!
";"{title: Радость будет}
{key: Am}
{capo: +4}


[Am]Най-н[A7]ай н[Dm]ай-н[G]ай[C]-н[F]ар[Dm]ан[E]ай[Am]

1. [Am]Радость будет в [Dm]сердце вашем! 
Р[E]адость будет в [Am]Небесах!
Перед Богом [Dm]поклонитесь 
С [E]песней новой [Am]на устах!
Вс[A7]ем глубины [Dm]сердца вскрою, 
Вс[G]ем ошибки п[C]окажу!
К[F]ого нужно [Dm]похвалю Я, 
К[E]ого нужно - [Am]накажу!

2. Вы за всё благодарите, 
Не смущайтесь от невзгод!
Слово Божие храните 
День за днём, за годом год!
Отрезвитесь, не грешите! 
Знайте: скоро быть суду!
Только Господу служите! 
Скоро! Скоро Я гряду!
";;;;
0228;228;Среди толпы;Огненный ветер;Am;3;;4/4;;;V1 C V2 C;Огненный ветер (аккорды);;;;;"
1.Среди толпы, средь злобных глаз искал Иисус всех нас!
Но только грех и только боль Он взял на крест с Собой!

Пр. «Спаси Себя!», - Он слышал голос! 
       «Сойди с креста! Бог не поможет!»
       Но Божий Сын Своею смертью
       Преодолел все искушения!


2.Я на кресте с Тобой, Иисус! Врага я не боюсь!
Прости меня за грех и боль!  Иду на смерть с Тобой!

Пр. «Спаси Себя!», - я слышу голос!
       «Сойди с креста! Бог не поможет!»
       Но Божий Сын Своею смертью 
       Преодолел все искушения!

       «Спаси Себя!», - мы слышим голос!
       «Сойди с креста! Бог не поможет!»
       Но Божий Сын Своею смертью 
       Преодолел все искушения!";"{title: Среди толпы}
{key: Am}
{capo: +3}


1.Сред[Am]и толпы, средь злобных глаз иск[Dm]ал Иисус всех н[E]ас!
Но только грех и только боль Он взял на крест с Собой!

Пр. «Спаси С[Am]ебя!», - Он слышал [Dm]голос! 
       «Сойди с креста! Бог не пом[E]ожет!»
       Но Божий Сын Своею смертью
       Преодолел все искушения!

[Am][E][Dm][F][Am][E][Dm][Am]
2.Я на кресте с Тобой, Иисус! Врага я не боюсь!
Прости меня за грех и боль!  Иду на смерть с Тобой!

Пр. «Спаси Себя!», - я слышу голос!
       «Сойди с креста! Бог не поможет!»
       Но Божий Сын Своею смертью 
       Преодолел все искушения!

       «Спаси Себя!», - мы слышим голос!
       «Сойди с креста! Бог не поможет!»
       Но Божий Сын Своею смертью 
       Преодолел все искушения!";;;;
0229;229;Снова слышу;Огненный ветер;Am;3;;4/4;;;V1 C V2;Огненный ветер (аккорды);;;;;"1. Снова слышу я голос Твой!
Он звучит, как морской прибой!
В сердце он говорит, песней нежной звучит!
Я люблю вместе петь с Тобой!
В сердце он говорит, песней нежной звучит!
Я люблю вместе петь с Тобой!

 Пр. Морской волной исчезает из сердца боль!
        А над землёй я лечу в облаках с Тобой!
        Морской    волной исчезает из сердца боль!
        А над    землёй   я лечу в облаках с Тобой!

2. Перестану смотреть назад!
Будет снова светиться взгляд!
Улыбнусь и скажу: «Лишь Тобой  я живу!
Лишь Тобой я дышу, Иисус!»";"
[Am]1. Снова сл[E]ышу я голо[Am]с Твой!
[Dm]Он звучит, как морск[E]ой прибой![Am]
[Dm]В сердце он говорит, песней не[Am]жной звучит!
[E]Я люблю вместе петь с Тобой![Am]
[Dm]В сердце о[G]н говорит, песней н[C]ежной звучит![F]
[Dm]Я люблю вместе пет[E]ь с Тобой![Am]

[Dm] Пр. Морс[Am]кой волной и[E]счезает из сердца боль![Am]
[Dm]        А[Am] над землёй[E] я лечу в облаках с Тобой![Am]
[DmG]        Мо[C]рск[F]ой    в[Dm]олной исчез[E]ает из сер[Am]дца боль!
[Dm]   [G]     А на[C]д  [F]  землёй[Dm]   я лечу в о[E]блаках с То[Am]бой!

2. Перестану смотреть назад!
Будет снова светиться взгляд!
Улыбнусь и скажу: «Лишь Тобой  я живу!
Лишь Тобой я дышу, Иисус!»";;;;
0230;230;По земле идут дожди;Огненный ветер;Am;2;;4/4;;;V1 C V2 V3;Огненный ветер (аккорды);;;;;"1. По земле идут дожди! Пробуждения дожди!
По земле! По земле! По земле!
Их пустыня долго ждёт и в отчаянии зовёт:
«Помоги! Помоги! Помоги!»

Пр. Города от стыда стонут!
       Во грехах их сердца тонут!
       Их спасёт только вкус хлеба!
       Ты пошли им его с Неба!

2. Плачешь Ты, желая знать: «Кто пойдёт? Кого послать?
Для Меня? Для Меня? Для Меня?
Кто войдёт в огонь и боль? Кто возьмёт Мой свет и соль
Через кровь! Через Кровь! Через кровь!»

3. «Я пойду, мой Царь и Бог! Понесу твою Любовь
По земле! По земле! По земле!
Я войду в Твои дожди, благодатные дожди!
Чтоб спасти! Чтоб спасти всех людей!»";"
[Am]1. По земле идут [E]дожди! Пробуждения [Am]дожди![F]
[Dm]По земле! По зе[E]мле! По земле![Am][E]
Их пустыня долго ждёт и в отчаянии зовёт:
«Помоги! Помоги! Помоги!»

[Dm]Пр. Города[E] от стыда стонут[Am]![F]
[Dm]       Во греха[E]х их сердца тону[Am]т![A7]
[Dm]       Их спасёт[G] только вкус хлеба![C][F]
[Dm]       Ты пошли[E] им его с Не[Am]ба!

2. Плачешь Ты, желая знать: «Кто пойдёт? Кого послать?
Для Меня? Для Меня? Для Меня?
Кто войдёт в огонь и боль? Кто возьмёт Мой свет и соль
Через кровь! Через Кровь! Через кровь!»

3. «Я пойду, мой Царь и Бог! Понесу твою Любовь
По земле! По земле! По земле!
Я войду в Твои дожди, благодатные дожди!
Чтоб спасти! Чтоб спасти всех людей!»
";;;;
0231;231;Меридианы, параллели;Огненный ветер;Am;3;;4/4;;;V1 C V2;Огненный ветер (аккорды);;;;;"
1. Меридианы, параллели, как улицы Иерусалима!
Летят года, летят недели, но также кружится Земля!
Меридианы, параллели покрыли горы и долины!
На улицах живого Бога желаю быть в служении я!

Пр. Бог в Небесах знает и видит 
       Всех, кто избрал Божий покров!
       Их адреса вписаны в книге 
       Вместе с названьем Его городов!

2. На магистралях скорость выше, 
Мы выбираем их, как ветер!
И звук трубы последней слышен, 
Как шум вулкана из огня!
На крыльях мы к Иисусу ближе, 
И звёзды ярче в небе светят!
В потоках сильных Божьей славы 
Желаю быть в служении я!

Кода: Мередианы, параллели – 2р
           Как улицы живого Бога!";"{title: Меридианы, параллели}
{key: Am}
{capo: +3}


1. Мер[Am]идианы, параллели, как [Dm]улицы Иер[E]усалима!
Лет[Am]ят года, летят недели, но [Dm]также кружитс[E]я Земля!
Мер[Am]идианы, параллели п[Dm]окрыли горы [E]и долины!
На [Am]улицах живого Бога жел[Dm]аю быть в служ[E]ении я!

Пр. [Am]Бог в Неб[Dm]есах зн[E]ает и [Am]видит 
       Вс[F]ех, кто из[Dm]брал Б[E]ожий покров!
       [Am]Их адр[Dm]еса вп[G]исаны в [C]книге 
       Вм[F]есте с н[Dm]азваньем Ег[E]о городов!

2. На магистралях скорость выше, 
Мы выбираем их, как ветер!
И звук трубы последней слышен, 
Как шум вулкана из огня!
На крыльях мы к Иисусу ближе, 
И звёзды ярче в небе светят!
В потоках сильных Божьей славы 
Желаю быть в служении я!

Кода: [Am]Мередианы, [Dm]параллел[E]и – 2р
           К[F]ак улицы ж[E]ивого Бог[Am]а!";;;;
0232;232;Мне Тобой служить доверено;Огненный ветер;Am;3;;4/4;;;V1 C V2;Огненный ветер (аккорды);;;;;"1. Мне Тобой служить доверено!
Мне Тобой любить подарено!
Не уйти теперь, не спрятаться никуда в вечности!
Незаслуженно, негаданно,     неожиданно наградами
Излилась судьба счастливая песнею новою!

Пр. Мне любовь открыл сокровищем:
       Жемчугов дороже, золота!
       Драгоценный мой и Нежный мой,
       Бог Святой, Истинный!
       Мне любовь открыл сокровищем:
       Жемчугов дороже, золота!
       Драгоценный мой, Единственный!
       Бог Святой, Истинный!

2. За горой скрывалось радостью
Счастье доброе и светлое!
Отодвинуть было нужно мне горы все верою!
По воде пойти, - не посуху! У креста найти пристанище!
Это больше всех чудес Твоих: Мы с Тобой встретились!";"
[Am]1. Мне Тобой служить доверено![Dm][E]
[Am]Мне Тобой любить подарено!
[Dm]Не уйти теперь, [E]не спрятаться[Am] никуда в в[A7]ечности!
[Dm]Незаслуж[G]енно, негаданно,     неожиданно н[C]аградами[F]
[Dm]Излилас[E]ь судьба счастлив[Am]ая пе[A7]снею новою!

[Dm]Пр. Мне любовь от[G]крыл сокровищем:
[C]       Жемчуго[F]в дороже, золота!
[Dm]       Драгоценный мой и Нежный мой,
[E]       Бог Святой,[Am] Истинный!
       Мне любовь открыл сокровищем:
       Жемчугов дороже, золота!
       Драгоценный мой, Единственный!
       Бог Святой, Истинный!

2. За горой скрывалось радостью
Счастье доброе и светлое!
Отодвинуть было нужно мне горы все верою!
По воде пойти, - не посуху! У креста найти пристанище!
Это больше всех чудес Твоих: Мы с Тобой встретились!
";;;;
0233;233;Иисус! Ты моя надежда и скала!;Огненный ветер;Am;3;;4/4;;;B V2 V3;Огненный ветер (аккорды);;;;;"

1. Как осиротели мы на краю войны…

Хоть на миг забыться бы от потерь таких!

Слёзы сохнут на ветру, тенью стала боль,

Вместо мёда сыплю в чай ложкой горьку соль…


Пр. Только вдруг синицею постучит в окно -

       Весточку от Господа принесёт письмо!

       В нём надежду и любовь Ангел возвестит!

       В нём молитвы огонёк душу осветит…

2. Сядем вместе говорить о судьбе иной,
Что не зря мы терпим боль и глотаем соль!
Сердцу нужен только Бог, истина и свет,
Даже если боль терпеть - силы больше нет…
";"{title: Как осиротели мы}
{capo: +3}



1. Как осиротели мы на краю войны…

Хоть на миг забыться бы от потерь таких!

Слёзы сохнут на ветру, тенью стала боль,

Вместо мёда сыплю в чай ложкой горьку соль…


Пр. Только вдруг синицею постучит в окно -

       Весточку от Господа принесёт письмо!

       В нём надежду и любовь Ангел возвестит!

       В нём молитвы огонёк душу осветит…

2. Сядем вместе говорить о судьбе иной,
Что не зря мы терпим боль и глотаем соль!
Сердцу нужен только Бог, истина и свет,
Даже если боль терпеть - силы больше нет…
";;;;
0234;234;Пусть боль смолкнет;Огненный ветер;Am;5;;4/4;;;V1 C V2 V3;Огненный ветер (аккорды);;;;;"
1. Пусть боль смолкнет! В ней нет света!
Дай взрыв молний и шум ветра! 

Пр. Мне плохо без Тебя, без Твоей любви!
       Это словно ад!
       Я больше не хочу потерять Тебя 
       И смотреть назад!

2. Иисус, Бог мой, Ты всех краше!
Без слов жизни мне так страшно!

3. Путь Твой узок! Нет в нём меры!
Дай стать другом и быть верным!
";"{title: Пусть боль смолкнет}
{key: Am}
{capo: +5}


1. [Am]Пусть боль см[Dm]олкнет! В [E]ней нет [Am]света!
Дай взрыв молний и шум ветра! 

Пр. [Am]Мне плохо без Т[Dm]ебя, без Твоей любв[E]и!
       Это словно [Am]ад!
       Я больше не хочу потерять Тебя 
       И смотреть назад!

2. Иисус, Бог мой, Ты всех краше!
Без слов жизни мне так страшно!

3. Путь Твой узок! Нет в нём меры!
Дай стать другом и быть верным!
";;;;
0235;235;Опять ко мне приходит;Огненный ветер;Am;4;;4/4;;;V1 C V2;Огненный ветер (аккорды);;;;;"1. Опять ко мне приходит осень!
Дождём пролиться в душу хочет!
Но только я не буду верить в осень!
За ней ко мне спешат метели! Хотят, чтоб слёзы леденели!
Зима всегда так мягко снегом стелет!
Пр. Если дожди и снег в сердце моё стучат,
       Просят меня уйти и повернуть назад,
       Я воззову к Тебе криком моей любви!
       Буду с терпеньем ждать только Твоей весны!

2.За горизонтом исчезают пути прямые, что не вечны!
Вот так же исчезает в жизни время!
Проходит боль, смолкают вести,
На смену им приходят песни!
И сердце хочет жить надеждой в вечность!";"
[Am]1. Опять ко мне приходит [E]осень![Am]
[Am]Дождём пролиться в душу хоч[E]ет![Am]
[Dm]Но только я не буду верить [G]в осень![C][E]
За ней ко мне спешат метели! Хотят, чтоб слёзы леденели!
Зима всегда так мягко снегом стелет!
[Dm]Пр. Если дожди и снег в сердце [Am]моё стучат,
[Dm]       Просят меня уйти и[F] повернуть назад,[E]
       Я воззову к Тебе криком моей любви!
       Буду с терпеньем ждать только Твоей весны!

2.За горизонтом исчезают пути прямые, что не вечны!
Вот так же исчезает в жизни время!
Проходит боль, смолкают вести,
На смену им приходят песни!
И сердце хочет жить надеждой в вечность!
";;;;
0236;236;Мой Господь, мой Царь!;Огненный ветер;Am;3;;4/4;;;V1 C V2;Огненный ветер (аккорды);;;;;"
1.Мой Господь, мой Царь 
И мой Возлюбленный!
Сердце дышит жизнью только с Ним!
Называет Он  меня по имени 
И зовёт меня в Иерусалим!

Пр. Иисус – мой Царь! Иисус – мой Бог! 
       Иисус – моя любовь! 

2.В Небеса ведёт дорога трудная
Через крест, страданья, через кровь!
Но в конце пути с Тобою буду я 
Праздновать победу и любовь!      ";"{title: Мой Господь, мой Царь!}
{key: Am}
{capo: +3}


1.Мой [Am]Господь, мой Царь 
И мой Возл[Dm]юбленный!
Сер[G]дце дышит жизнь[E]ю тольк[Am]о с Ним![E]
Наз[Am]ывает Он  меня по имени [Dm]
И з[G]овёт меня [E]в Иер[Am]усалим![E]

Пр. Иис[Am]ус – мой [Dm]Царь! Иис[G]ус – мой [C]Бог! 
       Иис[F]ус – [Dm]моя люб[E]овь! 

2.В Небеса ведёт дорога трудная
Через крест, страданья, через кровь!
Но в конце пути с Тобою буду я 
Праздновать победу и любовь!      ";;;;
0237;237;Навсегда;Огненный ветер;Am;3;;4/4;;;C V2 V3;Огненный ветер (аккорды);;;;;"
Навсегда исчезли без следа 
Все мечты, где не было Тебя!
Нелюбви горькие слова исцелил свет Твоей любви!
Пр. Боль от разлук, ночи и дни, где без любви я умирал,
       Ты исцелил кровью Своей! 
       Мой  Господин, мой Генерал!

2. В битве тьмы и света на войне 
Ты, мой Бог, любовью победил!
Через смерть прошёл  как Божий Сын!
Как росток в земле сухой ожил! 

3. Иисус! Не сможет враг убить 
Чистоту и новые мечты! 
Чтоб ожить, чтоб верить и любить 
У меня теперь есть только Ты!


";"{title: Навсегда}
{key: Am}
{capo: +3}


Н[Am]авсегда исч[Dm]езли без следа [E]
[Am]Все мечт[G]ы, где н[Dm]е было Теб[E]я!
Нелюбви горькие слова исцелил свет Твоей любви!
Пр. Боль от разл[Am]ук, ночи и дни, где без любв[Dm]и я умир[E]ал,
       Ты исцелил кровью Своей! 
       Мой  Господин, мой Генерал!

2. В битве тьмы и света на войне 
Ты, мой Бог, любовью победил!
Через смерть прошёл  как Божий Сын!
Как росток в земле сухой ожил! 

3. Иисус! Не сможет враг убить 
Чистоту и новые мечты! 
Чтоб ожить, чтоб верить и любить 
У меня теперь есть только Ты!


";;;;
0238;238;О, Сокол мой;Огненный ветер;Am;3;;4/4;;;V1 C V2 C;Огненный ветер (аккорды);;;;;"
1. О, Сокол мой!   Ты падал, кровью истекая!
Но Твой полёт         для Бога был дороже рая…
Ты падал вниз, чтоб победить Своею смертью
Слова мещан, кто хочет жить грехом и лестью.

Пр. В потоках бурных ты терял все силы,
       Но Ты на смерть решил пойти, Любимый!
       А змеи корчились в оскале властно:
       «Ты Своё Небо потерял напрасно!»
       Ну что, сразимся мы с тобою насмерть,
       Душа, что так привыкла падать наземь?
       Тебе безумство храбрых к посмеянью…
       Душа, что не привыкла быть отважной!

2. Безумным быть и верить на краю обрыва!
Всегда летать с Тобою птицей белокрылой!
И, не смотря на стрел врагов отраву,
Мы будем петь безумству храбрых славу!

Пр. Мой дух с Иисусом избирает Небо, 
       Каким бы слабым по себе я не был…
      А слушать змей – так это дело плоти, 
      Ей – не летать! Ей – прозябать в болоте! 
      О песнях славы рассуждать не смейте, 
      Змей порожденья и ехидны дети!
      Подняться в Небо можно только верой!
      Прекрасной птицей, нежной, сильной, смелой!";"{title: О, Сокол мой}
{key: Am}
{capo: +3}


[Am]1. О, Сокол [G]мой[F]!   Ты падал, [Am]кровью ист[Dm]екая!
[E]Но Твой пол[Dm]ёт         для Бога б[E]ыл дороже [Am]рая…
Ты падал вниз, чтоб победить Своею смертью
Слова мещан, кто хочет жить грехом и лестью.

Пр. В [Am]потоках бурных ты тер[F]ял все [Dm]силы,
       Но Ты на см[E]ерть решил пойти, Л[Am]юбимый!
       А змеи к[F]орчились в оскале [Dm]властно:
       «Ты Своё Н[E]ебо потерял н[Am]апрасно!»
       Ну что, сразимся мы с тобою насмерть,
       Душа, что так привыкла падать наземь?
       Тебе безумство храбрых к посмеянью…
       Душа, что не привыкла быть отважной!

2. Безумным быть и верить на краю обрыва!
Всегда летать с Тобою птицей белокрылой!
И, не смотря на стрел врагов отраву,
Мы будем петь безумству храбрых славу!

Пр. Мой дух с Иисусом избирает Небо, 
       Каким бы слабым по себе я не был…
      А слушать змей – так это дело плоти, 
      Ей – не летать! Ей – прозябать в болоте! 
      О песнях славы рассуждать не смейте, 
      Змей порожденья и ехидны дети!
      Подняться в Небо можно только верой!
      Прекрасной птицей, нежной, сильной, смелой!";;;;
0239;239;Как сложно нам;Огненный ветер;Am;4;;4/4;;;C V2 V3 C;Огненный ветер (аккорды);;;;;"
1.Когда голос сорвался в ночи, 
И как раньше не может звенеть,
Говорю я себе: «Не молчи! 
Надо снова учиться   петь! »

2. Друг за другом уходят друзья, 
Обрывая доверия нить…
Сердце шепчет, печаль заслоня: 
«Надо снова учиться любить!»

3. Когда другом становится боль, 
И не хочется радостным быть,
А к вискам приливает кровь, 
Надо снова учиться жить!

4.Год за годом, за часом час 
Враг стремится меня убить…
Только я говорю каждый раз: 
«Буду верить, надеяться, жить!»
Только я говорю каждый раз:
«Буду петь и любить, и служить!»";"{title: Когда голос сорвался в ночи}
{key: Am}
{capo: +4}


1.Когда г[Am]олос сорв[Dm]ался в ноч[E]и, 
И как р[Am]аньше не [Dm]может звен[E]еть,
Говор[Dm]ю я с[Gm]ебе: «Не молч[A7]и! 
Надо сн[Am]ова [Dm]учитьс[E]я   [Am]петь! »

2. Друг за другом уходят друзья, 
Обрывая доверия нить…
Сердце шепчет, печаль заслоня: 
«Надо снова учиться любить!»

3. Когда другом становится боль, 
И не хочется радостным быть,
А к вискам приливает кровь, 
Надо снова учиться жить!

4.Год за годом, за часом час 
Враг стремится меня убить…
Только я говорю каждый раз: 
«Буду верить, надеяться, жить!»
Только я говорю каждый раз:
«Буду петь и любить, и служить!»";;;;
0240;240;Очень важно;Огненный ветер;Am;3;;4/4;;;V1 V2 V3 V4;Огненный ветер (аккорды);;;;;"1. Очень важно – кто с тобою рядом,
И кому ты можешь доверять!
Кто с тобою, встретившись лишь взглядом,
Всё умеет сразу понимать…
Очень важно каждое мгновенье всех событий, времени и слов!
Очень важно, кто с тобою вместе за Иисусом следовать готов!

2. Очень важно, кто тебе ответит на твои признанья и любовь!
Очень важно, если этот кто-то за тебя готов пролить и кровь!
Кто готов прощать, принять и верить,
Что возможно ВСЁ в святой любви!
Ничего на свете нет важнее слов того, кто говорит: «Живи!»

3. Очень важно мудрым быть и нежным
С тем, кто рядом, кто не лжив, не горд!
Очень важно честным быть и верным
С тем, кто не предаст и не уйдёт!
Это только кажется, что сложно так  в согласии с другими жить!
Очень важно научиться верить и людьми родными дорожить!

4. Нужно помнить, что важней ошибок
Искренность твоя... Её найти может только тот, кто точно знает:
«Жизнь прожить – не поле перейти!»
Потерять легко! Вернуть труднее! Но бери пример всегда  с Того,
Кто вернул нас всех к Себе, взлелеял…
Мы Ему всегда важней всего!";"
[Am]1. Очень важно – кто с т[E]обою рядом,[Am]
[Dm]И кому ты можешь[E] доверять![Am][E]
[Am]Кто с тобою, встретивши[G]сь лишь взглядом,[F]
[Dm]Всё умеет сразу [E]понимать…[Am]
[A7]Очень важно каждое мгновенье всех событи[Dm]й, времен[G]и и слов![C]
[F]Очень важно, кто с тобою вместе за Иисусом с[Dm]ледова[E]ть готов![Am]

2. Очень важно, кто тебе ответит на твои признанья и любовь!
Очень важно, если этот кто-то за тебя готов пролить и кровь!
Кто готов прощать, принять и верить,
Что возможно ВСЁ в святой любви!
Ничего на свете нет важнее слов того, кто говорит: «Живи!»

3. Очень важно мудрым быть и нежным
С тем, кто рядом, кто не лжив, не горд!
Очень важно честным быть и верным
С тем, кто не предаст и не уйдёт!
Это только кажется, что сложно так  в согласии с другими жить!
Очень важно научиться верить и людьми родными дорожить!

4. Нужно помнить, что важней ошибок
Искренность твоя... Её найти может только тот, кто точно знает:
«Жизнь прожить – не поле перейти!»
Потерять легко! Вернуть труднее! Но бери пример всегда  с Того,
Кто вернул нас всех к Себе, взлелеял…
Мы Ему всегда важней всего!";;;;
0241;241;Я узнаю;Огненный ветер;Am;3;;4/4;;;V1 C V2 B;Огненный ветер (аккорды);;;;;"
 Вст. Am Dm E Am F Dm E Am
Та-да-та-там

1. Я узнаю запах ветра! Я узнаю запах моря!
Я узнаю запах лета солнечной страны!
Там на небе звёзды ярче! Там в цветах деревья тонут!
Только слышу я, как стонут земли без любви!

Пр. Ты принеси им любовь и надежду!
       Ты принеси им свежесть Небес!
       Ты подари им всё, что имеешь, 
       Чтобы в надежде каждый воскрес!

2. Предложить тебе хочу я путь-дорогу непростую,
Что идёт по континентам, к людям за моря!
Ты познаешь вместе с Богом, эту узкую дорогу,
Ты узнаешь, как страдают дети без Отца!

Бр. Ты принеси! Ты подари Бога любовь детям земли!";"{title: Я узнаю}
{key: Am}
{capo: +3}


 Вст. Am Dm E Am F Dm E Am
Та-да-та-там

1. [Am]Я узнаю [G]запах ветра! [F]Я узнаю [E]запах моря!
Я [Dm]узнаю з[F]апах лета с[E]олнечной стр[Am]аны![E]
Т[Am]ам на небе зв[G]ёзды ярче! [F]Там в цветах д[E]еревья тонут!
Т[Dm]олько слышу [F]я, как стонут з[E]емли без любв[Am]и![E]

Пр. [Am]Ты принес[Dm]и им люб[E]овь и н[Am]адежду!
       Т[F]ы прин[Dm]еси им [E]свежесть [Am]Небес![E]
       [Am]Ты подар[Dm]и им вс[E]ё, что им[Am]еешь, 
       Чт[F]обы в над[Dm]ежде к[E]аждый вос[Am]крес!

2. Предложить тебе хочу я путь-дорогу непростую,
Что идёт по континентам, к людям за моря!
Ты познаешь вместе с Богом, эту узкую дорогу,
Ты узнаешь, как страдают дети без Отца!

Бр. [Am]Ты принес[Dm]и! Т[E]ы под[Am]ари [F]Бога люб[Dm]овь [E]детям з[Am]емли!";;;;
0242;242;Я долго размышлял;Огненный ветер;;3;;4/4;;;V1 C V2;Огненный ветер (аккорды);;;;;1. Я долго размышлял о смысле бытия,Но я не знал, что я искал Тебя!Мой Бог, ты ждал и знал, что я блуждал во тьмеИ Ты простёр путь неземной ко мне!Пр. Событий и чудес – идёт речной поток,       В нём жизни начинается исток…        Из славы и любви сотворены они, Наполнены Тобою дни!2. Всё стало новым вдруг, очистились мечты,Увидел я, что есть любви мосты!Ты изменил меня!  Я стал служить Тебе!Теперь Твой Дух Святой живёт во мне…Бридж: От славы изменяюсь в славу я Твою!             Я утром просыпаюсь и Тебе пою!             Молитва наполняет дух мой вновь и вновь,             Теперь в душе и в сердце царствует любовь!;{title: Я долго размышлял}{key: Am}{capo: +3}[V1]Я д[Am]олго размышлял о см[G]ысле бытия,Но [F]я не знал, чт[G]о я искал [Am]Тебя![E]Мой Б[Am]ог, ты ждал и знал, что [G]я блуждал во тьмеИ Т[F]ы простёр путь н[G]еземной ко мн[Am]е![C]Соб[Dm]ытий и чудес – ид[Am]ёт речной поток,       В нём ж[E]изни начинаетс[Am]я исток…        Из сл[Dm]авы и любв[G]и сотв[C]орены он[F]и, Наполн[Dm]ены Тобою [E]дни![Am][V2]Всё стало новым вдруг, очистились мечты,Увидел я, что есть любви мосты!Ты изменил меня!  Я стал служить Тебе!Теперь Твой Дух Святой живёт во мне…Бридж: От сл[Am]авы изменяюсь в сл[G]аву я Твою!             Я [F]утром просыпаюсь [G]и Тебе по[Am]ю!             Молитва наполняет дух мой вновь и вновь,             Теперь в душе и в сердце царствует любовь!;;;;
0243;243;В тишине души;Огненный ветер;Am;3;;4/4;;;V1 C V2 V3;Огненный ветер (аккорды);;;;;"
1. Когда ночью   к Тебе взываю,
С уст слетает моя хвала!
Птицей в небе   ей быть желаю,
Над землёй чтоб она плыла!

Пр. «Люблю Тебя!   Люблю Тебя! 
Мой Царь, мой Бог   и мой Господь!» 2р.

2. Когда сердце в душе стенает,
Когда в двери стучит беда, 
Среди бури я восхваляю:
«О, Иисус мой, люблю Тебя!»

3. Враг стремится убить стрелою,
Только Ты оживляешь вновь!
Всё проходит, но остаётся
Неизменной Твоя Любовь!";"{title: Когда ночью к Тебе взываю}
{key: Am}
{capo: +3}


1. Когда н[Am]очью   [E]к Тебе взыв[Am]аю,
С уст сл[Dm]етает [E]моя [Am]хвала![E]
Птицей в [Am]неб[E]е   ей быть ж[Am]елаю,
Над земл[Dm]ёй чтоб [E]она пл[Am]ыла![A7]

Пр. «Люблю Т[Dm]ебя!   [G]Люблю Теб[C]я! [F]
Мой Царь, мой [Dm]Бог   [E]и мой Госп[Am]одь!» 2р.

2. Когда сердце в душе стенает,
Когда в двери стучит беда, 
Среди бури я восхваляю:
«О, Иисус мой, люблю Тебя!»

3. Враг стремится убить стрелою,
Только Ты оживляешь вновь!
Всё проходит, но остаётся
Неизменной Твоя Любовь!";;;;
0244;244;Я убежать хочу;Огненный ветер;Am;3;;4/4;;;V1 C V2;Огненный ветер (аккорды);;;;;"1. Я убежать хочу из снов, где всё тревожно и темно,
Туда, где истин торжество и свет!
Я позабыть хочу туман, грехов, ошибок злой обман
И получить на Небо свой билет!

Пр. С Тобой легко и просто мне летать!
       С Тобой могу преграды побеждать!
       С Тобой хочу пойти за край судьбы!
       С Тобой исполнятся мои мечты!

2.Всегда найдутся у Тебя мне сердцу нужные слова
Они есть путь туда, где ждёт рассвет!
В Твоих словах и смех и боль,
А это значит «я – живой!»
Ты открываешь мне любви секрет!";"
[Am]1. Я уб[Dm]ежать хочу из снов, г[G]де всё тревожно и темно[C],[F]
[Dm]Туда, где истин торжес[E]тво и с[Am]вет!
Я позабыть хочу туман, грехов, ошибок злой обман
И получить на Небо свой билет!

[Dm]Пр. С Тобой легко и [E]просто мне летать![Am][F]
[Dm]       С Тобой могу [E]преграды побеждат[Am]ь!
[Dm]       С Тобой хоч[G]у пойти за край судьбы![C][F]
[Dm]       С Тобой исп[E]олнятся мои меч[Am]ты!

2.Всегда найдутся у Тебя мне сердцу нужные слова
Они есть путь туда, где ждёт рассвет!
В Твоих словах и смех и боль,
А это значит «я – живой!»
Ты открываешь мне любви секрет!
";;;;
0245;245;Перед Небесным троном поклоняясь;Огненный ветер;Am;7;;4/4;;;V1 C V2 V3;Огненный ветер (аккорды);;;;;"1. Перед Небесным троном поклоняясь,
Хвалу пою Тебе, Великий Бог!
Тебе себя навеки посвящая,
С Тобой хочу пройти я сто дорог!

Пр. Мой Бог, Иисус! К Тебе летит хвала!
       Мой Бог, Иисус! Ты есть Любовь моя!

2.В Тебе мои стремления и желания
Найдут чудесный мир и Твой покой!
Тебе хочу отдать свои страдания!
Пусть благодать Твоя течёт рекой!

3.Из сердца вырывается как птица
Мой крик и иступлённый голос мой!
Ты заставляешь снова сердце биться,
Ты исцеляешь всё Своей рукой!

В Em+0: К: Em D C Am H7 Em
                П: Em D C H7 Em D C D Em";"
[Am]1. Перед Небесным троном [G]поклоняясь,[F]
[Dm]Хвалу пою Теб[Em]е, Великий Бог![Am]
Тебе себя навеки посвящая,
С Тобой хочу пройти я сто дорог!

[Am]Пр. Мой Бо[G]г, Иисус! К Те[F]бе летит хвала![E]
[Am]       Мой[G] Бог, Иисус[F]! Ты есть Люб[G]овь моя![Am][E]

2.В Тебе мои стремления и желания
Найдут чудесный мир и Твой покой!
Тебе хочу отдать свои страдания!
Пусть благодать Твоя течёт рекой!

3.Из сердца вырывается как птица
Мой крик и иступлённый голос мой!
Ты заставляешь снова сердце биться,
Ты исцеляешь всё Своей рукой!

В Em+0: К: Em D C Am H7 Em
                П: Em D C H7 Em D C D Em [H7]
";;;;
0246;246;Достоин Ты!;Огненный ветер;Am;3;;4/4;;;V1 C V2;Огненный ветер (аккорды);;;;;"
1. Когда уйдёт печаль с осенним листопадом,
Исчезнут реки слёз! Ты будешь вечно рядом,
Мой дорогой Господь, Герой и Победитель!
Моя любовь и жизнь! Мой Бог и мой Спаситель!

Пр. Я расскажу Тебе все горести и беды!
       И о своих мечтах, где был я и где не был…
       Я расскажу Тебе о всех своих печалях,
       И Ты меня поймёшь, и большего не надо…

2. Я обрету любовь в Твоём бездонном Слове!
Я знаю, мой Господь, увидимся мы вскоре!
Узнаю я Тебя по ранам и по взгляду, 
Который я пойму! И большего не надо!

Любовь моя Иисус! И жизнь моя – Иисус!
Мечта моя  –  Иисус!     И песнь моя  –  Иисус!
";"{title: Когда уйдёт печаль}
{key: Am}
{capo: +3}


[Am]1. Когда уйд[Dm]ёт печ[E]аль с осенним [Am]листопадом,
Исч[Am]езнут реки [Dm]слёз! Ты б[E]удешь вечно [Am]рядом,
Мой д[A7]орогой Госп[Dm]одь, Гер[G]ой и Побед[C]итель!
Мо[F]я любовь и [Dm]жизнь! Мой [E]Бог и мой Спас[Am]итель!

Пр. Я [Dm]расскажу Тебе все [Am]горести и беды!
       И [E]о своих мечтах, где [Am]был я и где [A7]не был…
       Я [Dm]расскажу Теб[G]е о вс[C]ех своих печ[F]алях,
       И [Dm]Ты меня пойм[E]ёшь, и [Dm]большег[E]о не [Am]надо…

2. Я обрету любовь в Твоём бездонном Слове!
Я знаю, мой Господь, увидимся мы вскоре!
Узнаю я Тебя по ранам и по взгляду, 
Который я пойму! И большего не надо!

[Am]Любовь моя И[Dm]исус! [Am]И жизнь моя – [E]Иисус![Am]
[Am]Мечта моя  [DmG]–  Иисус!     [C]И [F]песнь моя  [DmE]–  Иисус![Am]
";;;;
0247;247;Коснуться Неба хочу губами;Огненный ветер;Am;1;;4/4;;;V1 C V2 C V3 C;Огненный ветер (аккорды);;;;;"
1. Коснуться Неба хочу губами, 
В котором слёзы Твои застыли…
Они прольются на нас дождями! 
О них мы долго Тебя просили…
Пр. Любви хочу я! Любви огромной!
       Любви безбрежной,     как в океане!
       Её искал я во всей Вселенной, 
       Но видел только      непонимание!

2. Я снова в Небо кричу молитвы, 
В которых время остановилось!
До чёрной корки душа засохла, 
И на кусочки она  разбилась… 
Пр. Любви хочу я! Любви огромной!
       Любви безбрежной, как в океане!
       К Тебе, мой Боже, душа стремится,
       Соединившись в Твоём страдании! 

3. Я не хочу, чтобы было больно 
Для сердца Любящего такого!
И закричать я хочу: «Довольно!» 
Нам без Любви Твоей всем так плохо!
Пр. Любовь для жизни, любовь для сердца!
       Любовь искал я, пока был мёртвым!
       Любовь нашёл я в просторах Неба, 
       Познав дыханье в Твоём полёте!
";"{title: Коснуться Неба хочу губами}
{key: Am}
{capo: +1}


1. Коснуться [Am]Неба хочу губ[Dm]ами, 
В котором сл[E]ёзы Твои заст[Am]ыли…[E]
Они проль[Am]ются на нас дожд[Dm]ями! 
О них мы д[E]олго Тебя прос[Am]или…
Пр. Любви хоч[Dm]у я! Любви огр[G]омной!
       Любви безбр[Dm]ежной,     [G]как в оке[C]ане!
       Её иск[Dm]ал я во всей Всел[G]енной, 
       Но видел [Dm]только      [G]непоним[C]ание![E]

2. Я снова в Небо кричу молитвы, 
В которых время остановилось!
До чёрной корки душа засохла, 
И на кусочки она  разбилась… 
Пр. Любви хочу я! Любви огромной!
       Любви безбрежной, как в океане!
       К Тебе, мой Боже, душа стремится,
       Соединившись в Твоём страдании! 

3. Я не хочу, чтобы было больно 
Для сердца Любящего такого!
И закричать я хочу: «Довольно!» 
Нам без Любви Твоей всем так плохо!
Пр. Любовь для жизни, любовь для сердца!
       Любовь искал я, пока был мёртвым!
       Любовь нашёл я в просторах Неба, 
       Познав дыханье в Твоём полёте!
";;;;
0248;248;Не могу пройти я;Огненный ветер;Am;2;;4/4;;;V1 C V2 V3;Огненный ветер (аккорды);;;;;"1.Не могу пройти я      мимо глаз печальных,
Мимо слёз и плача, и людских страданий…
Сердце стонет горько, когда видит войны!
Как же нам проклятие победить Любовью?

Пр. Господи, Боже, помоги! Господи, Боже! – 2р.

2. Мир устал от грязи, зла и пререканий!
Брат восстал на брата, словно гордый Каин!
Царства злом покрыты и короной власти!
Солнце правды скрылось в полосе ненастий!

3.Кровь и дым пожара видят Твои очи!
Взрывы преступлений в апогее ночи!
Без Тебя проблемы мы решить не сможем!
Мы к Тебе взываем, милосердный Боже!";"
[Am]1.Не могу пройти я [Dm]   [E]  ми[Am]мо глаз печальных[Dm],[E]
Мимо слёз и плача, и людских страданий…
Сердце стонет горько, когда видит войны!
Как же нам проклятие победить Любовью?

[Am]Пр. Господи,[Dm] Боже, помоги! [E]Госпо[Am]ди, Боже! –[Dm] 2р.[E]

2. Мир устал от грязи, зла и пререканий!
Брат восстал на брата, словно гордый Каин!
Царства злом покрыты и короной власти!
Солнце правды скрылось в полосе ненастий!

3.Кровь и дым пожара видят Твои очи!
Взрывы преступлений в апогее ночи!
Без Тебя проблемы мы решить не сможем!
Мы к Тебе взываем, милосердный Боже!

";;;;
0249;249;Ты веди меня;Огненный ветер;Am;3;;4/4;;;V1 C V2;Огненный ветер (аккорды);;;;;"1. Ты веди меня! Ты веди меня домой!
Мой Возлюбленный! Драгоценный Дух Святой!
Ты веди меня! Словом огненной любви!
Песней Ангела за Собою позови!

Пр. Через смерть и любовь, через радость и кровь,
       Через муки и боль от гвоздей….
       Через гром и огонь, через голос Святой
       Ты храни меня силой Своей!

2. Ты храни меня! Ты храни меня всегда!
Не страшны с Тобой мне ни буря, ни беда…
Ты храни меня  на пути в Небесный дом!
Мой Возлюбленный! Драгоценный Дух Святой!

Mod+2:  Hm Em F# Hm G Em A";"
[Am]1. Ты веди ме[Dm]ня! Ты веди меня домой[E]![Am]
[Dm]Мой Возлюбленный! Драгоценны[E]й Дух Святой![Am]
[Dm]Ты веди меня! Словом огне[G]нной любви![C][F]
[Dm]Песней Ангела за Со[E]бою позови![Am]

[Am]Пр. Через смерт[Dm]ь и любовь, чере[E]з радость и кров[Am]ь,
[F]       Че[Dm]рез муки и боль о[G]т гвоздей….
[C]       Чер[F]ез гром и огонь, че[E]рез голос Свя[Am]той
[F]       Ты хр[G]ани меня сило[Am]й Своей!

2. Ты храни меня! Ты храни меня всегда!
Не страшны с Тобой мне ни буря, ни беда…
Ты храни меня  на пути в Небесный дом!
Мой Возлюбленный! Драгоценный Дух Святой!

Mod+2: [F#] Hm Em F# Hm G Em A
[D][G][F#][Hm][G][A][Hm]";;;;
0250;250;На взлёте;Огненный ветер;Am;3;;4/4;;;V1 V2 V3 V4 V5;Огненный ветер (аккорды);;;;;"1. На взлёте музыку убить пытались…
Крылом израненным, земли касаясь,
Она от боли      кричала к Богу!
И ноты сердца      наружу рвались!

2. Не убивайте грохотом металла!
В стране глухих пролито слёз немало…
Ударом смерти не разрушайте!
Сердца из камня страшнее жала!

3. В хрустальных песнях наша боль и святость,
Пережитая в откровениях сладость!
В них больше жизни, чем в грязном мире!
Они в страданиях даруют радость!

4. Не убивайте, люди, наши песни!
В простых мелодиях не будет тесно
Всем тем, кто в Небо взлететь пытаясь,
Захочет Божью увидеть верность!

5. В кровавых муках музыка рождалась!
Там, на кресте, слезами обливаясь,
Она молчала, чтоб стать кричащей!
Любовь такую НЕ УБИВАЙТЕ!!!!";"
[Am]1. На взлёте музыку уби[Dm]ть пытались…
[E]Крылом израненным, земли касая[Am]сь,
[Dm]Она о[G]т боли      кричала к[C] Богу![F]
[Dm]И ноты с[E]ердца      наружу [Am]рвались!

2. Не убивайте грохотом металла!
В стране глухих пролито слёз немало…
Ударом смерти не разрушайте!
Сердца из камня страшнее жала!

3. В хрустальных песнях наша боль и святость,
Пережитая в откровениях сладость!
В них больше жизни, чем в грязном мире!
Они в страданиях даруют радость!

4. Не убивайте, люди, наши песни!
В простых мелодиях не будет тесно
Всем тем, кто в Небо взлететь пытаясь,
Захочет Божью увидеть верность!

5. В кровавых муках музыка рождалась!
Там, на кресте, слезами обливаясь,
Она молчала, чтоб стать кричащей!
Любовь такую НЕ УБИВАЙТЕ!!!!

";;;;
0251;251;Сердце и время;Огненный ветер;Am;3;;4/4;;;V1 C V2;Огненный ветер (аккорды);;;;;"
1. Сердце и время остановилось! Замерло всё вокруг!
Грома раскатом,       молний сияньем,
Небо взорвётся вдруг!
Жертвенник Божий в миг возгорится, 
Пламенем вспыхнет он!
Как фимиамом чистой молитвой полон Небесный хор!

Пр. Пой! Радостно песню пой! 
       Бог ждёт сердца дыханья!
       Пусть льются к Нему рекой 
       Слов нежных признания!

2.Края обрыва ты не увидишь! Небо тебя спасёт!
Крылья расправив, жизни дыхание 
Ты превратишь в полёт! 
Если увидишь сердцем Иисуса, 
В свете Голгофский крест,
Дверь отворится в новое время, 
В Царство Его Небес!
";"{title: Сердце и время}
{key: Am}
{capo: +3}


1. [Am]Сердце и врем[E]я останов[Am]илось! Замерло [Dm]всё вокр[E]уг!
Грома раск[Dm]атом,       [E]молний с[Dm]ияньем,[E]
Небо взорв[Am]ётся вдр[E]уг!
Жертвенник Божий в миг возгорится, 
Пламенем вспыхнет он!
Как фимиамом чистой молитвой полон Небесный хор!

Пр. [Am]Пой! Радостно [Dm]песню пой! 
       Б[E]ог ждёт сердца дых[Am]анья![E]
       П[F]усть льются к Н[Dm]ему рекой 
       Сл[E]ов нежных пр[Am]изнан[E]ия!

2.Края обрыва ты не увидишь! Небо тебя спасёт!
Крылья расправив, жизни дыхание 
Ты превратишь в полёт! 
Если увидишь сердцем Иисуса, 
В свете Голгофский крест,
Дверь отворится в новое время, 
В Царство Его Небес!
";;;;
0252;252;Ходить по Небу;Огненный ветер;Am;3;;4/4;;;V1 V2 V3 V4;Огненный ветер (аккорды);;;;;"1. Ходить по Небу босиком
И собирать любви букет
Из перьев Ангелов    легко и бережно
На протяжении долгих лет…

2.В слова те перья облекать!
С Небес на землю посылать
Всем тем, кто к Богу найти дорогу,
В Небесный Дом желает знать!

3. Следы оставив на земле, расцветших маков на крови,
Во славе огненной, на лёгком облаке
Подняться песнею любви!

4.Пройти по Небу только раз,
Услышать Бога нежный глас!
С любимым Господом, в сиянии радуги
Познать судьбы счастливый час!";"
[Am]1. Ходить п[E]о Небу босиком[Am]
[Dm]И со[E]бирать любви букет[Am]
[Dm]Из перьев [G]Ангелов    легко и[C] бережно[F]
[Dm]На прот[E]яжении долгих лет…[Am]

2.В слова те перья облекать!
С Небес на землю посылать
Всем тем, кто к Богу найти дорогу,
В Небесный Дом желает знать!

3. Следы оставив на земле, расцветших маков на крови,
Во славе огненной, на лёгком облаке
Подняться песнею любви!

4.Пройти по Небу только раз,
Услышать Бога нежный глас!
С любимым Господом, в сиянии радуги
Познать судьбы счастливый час!
";;;;
0253;253;Ты входишь в реку;Огненный ветер;Am;3;;4/4;;;V1 C V2;Огненный ветер (аккорды);;;;;"1. Ты входишь в реку по лодыжку, и по колено, и по пояс,
И берег кажется так близко, как будто рядом он!
Но вот уже реки стремленье тебя по грудь собой скрывает
И твои ноги отрывает от илистых опор!

Пр. Она твоя, река от Бога! Теперь она – твоя дорога!
       И ты плывёшь, и видишь Небо, зовущее вперёд!
       Не смей, мой друг, с рекой сражаться,
       Ты будешь плыть и наслаждаться!
       Ты будешь плыть и наслаждаться     рекой!

2. Воды поток всю грязь смывает и твою душу очищает
Как будто в детство возвращает, в забытые мечты!
Но ты готов ли измениться,
Чтобы всем сердцем обратиться
К Тому, Кто радость сердцу дарит!
Готов ли к счастью ты?";"
[Am]1. Ты входишь в реку по лодыжку, и по ко[Dm]лено, и по пояс,[E]
[Am]И берег кажется так близко, как будто [Dm]рядом он[E]![Am]
Но вот уже реки стремленье тебя по грудь собой скрывает
И твои ноги отрывает от илистых опор!

[Dm]Пр. Она твоя, река от Бога! Теперь она –[G] твоя дорога!
[F]       И ты плывёшь, и ви[C]дишь Небо, зовущее вперёд[Dm]![G]
[Dm]       Не смей, мой друг, с рекой сражаться,
[G]       Ты будешь плыть и наслаждаться!
[F]       Ты будешь плыть и н[Dm]аслаждаться     рек[E]ой![Am]

2. Воды поток всю грязь смывает и твою душу очищает
Как будто в детство возвращает, в забытые мечты!
Но ты готов ли измениться,
Чтобы всем сердцем обратиться
К Тому, Кто радость сердцу дарит!
Готов ли к счастью ты?
";;;;
0254;254;Перед крестом;Огненный ветер;Am;3;;4/4;;;V1 C V2 V3;Огненный ветер (аккорды);;;;;"1. Перед крестом тихо стою,
Дверь отворив, в душу мою!
Меркнут слова в свете Твоём!
Сердце поёт в Духе Святом!

Пр. Пусть молитва пылает всегда!
       В моём сердце живут города!
       Всеобъемлющей Божьей  любви
       Жаждут сердцем все дети земли!

2. Пусть по земле пламя пройдёт,
Божьих детей в Храм соберёт!
Пусть позовёт к Богу сердца,
В песнь обратив их голоса!

3. Столько веков Церковь спала
И Жениха лживо ждала!
Время пришло встать и пойти,
Истины свет всюду нести!";"
[Am]1. Перед крестом тихо[G] стою,
[F]Дверь отворив, в душу мою[E]!
[Am]Меркнут слова в свете Тво[G]ём!
[F]Сердце поёт в Духе Свя[E]том!

[Dm]Пр. Пусть м[E]олитва пыла[Am-F]ет всегда!
[Dm]       В моём[G] сердце жив[C]ут города!
[F]       Всеобъемлю[G]щей Божьей  любви[C-F]
[Dm]       Жаждут серд[Em]цем все де[Am]ти земли!

2. Пусть по земле пламя пройдёт,
Божьих детей в Храм соберёт!
Пусть позовёт к Богу сердца,
В песнь обратив их голоса!

3. Столько веков Церковь спала
И Жениха лживо ждала!
Время пришло встать и пойти,
Истины свет всюду нести!

";;;;
0255;255;Разбуди!;Огненный ветер;Am;5;;4/4;;;V1 C V2 C V3 C;Огненный ветер (аккорды);;;;;"
1. Разбуди нас, Господь! Разбуди меня!
Научи нас ходить во свете дня!
Ты прости нам, Господь, наш страшный сон!
Пусть исчезнет во тьме и сгинет он!
Пр. Разбуди меня, Господь! Разбуди меня, Господь! 
       Разбуди меня, Господь! – 3р. Разбуди меня!
       Не хочу погибнуть я! –  3р. Разбуди меня! 

2. Потряси, наш Господь, царства сей земли!
Мы очистим огнём души свои! 
Потряси небеса славой Своей! 
Водопады дождя на нас излей!

Пр. Потряси меня, Господь! – 3р. Потряси меня!
       Очищай меня, Господь!! – 3р. Очищай меня!
       Разбуди меня, Господь! – 3р. Разбуди меня!
       Не хочу погибнуть я! –  3р. Разбуди меня!

3. В силе чистой крови, святости Твоей!
Мы пойдём по земле будить людей!
Пусть услышит земля песни Твои! 
Будем сердцем кричать всем о ЛЮБВИ! 

Пр. Пред Тобой стою, Господь! – 3р. Ты пошли меня!
       Буду петь Тебе, Господь! – 3р. «Я люблю Тебя!»
       Я люблю Тебя, Господь! – 3р. Я люблю Тебя!
       Разбуди меня, Господь! Потряси меня, Господь!
       Очищай меня, Господь! Люблю Тебя!


";"{title: Разбуди!}
{key: Am}
{capo: +5}


1. Разб[Am]уди нас, Госп[Dm]одь! Р[E]азбуди м[Am]еня!
Научи нас ходить во свете дня!
Ты прости нам, Господь, наш страшный сон!
Пусть исчезнет во тьме и сгинет он!
Пр. Разбуди м[Am]еня, Госп[Dm]одь! Разбуди м[Am]еня, Госп[G]одь! 
       Разбуди мен[F]я, Госп[G]одь! – 3р. Разбуди м[Am]еня!
       Не хочу погибнуть я! –  3р. Разбуди меня! 

2. Потряси, наш Господь, царства сей земли!
Мы очистим огнём души свои! 
Потряси небеса славой Своей! 
Водопады дождя на нас излей!

Пр. Потряси меня, Господь! – 3р. Потряси меня!
       Очищай меня, Господь!! – 3р. Очищай меня!
       Разбуди меня, Господь! – 3р. Разбуди меня!
       Не хочу погибнуть я! –  3р. Разбуди меня!

3. В силе чистой крови, святости Твоей!
Мы пойдём по земле будить людей!
Пусть услышит земля песни Твои! 
Будем сердцем кричать всем о ЛЮБВИ! 

Пр. Пред Тобой стою, Господь! – 3р. Ты пошли меня!
       Буду петь Тебе, Господь! – 3р. «Я люблю Тебя!»
       Я люблю Тебя, Господь! – 3р. Я люблю Тебя!
       Разбуди меня, Господь! Потряси меня, Господь!
       Очищай меня, Господь! Люблю Тебя!


";;;;
0256;256;Кружится в небе чёрный ворон;Огненный ветер;Am;3;;4/4;;;V1 V2 V3 V4;Огненный ветер (аккорды);;;;;"
1. Кто так улыбается, в славе отражается? Кто идёт за Мной? 

Тот, кто  знает истину, светом наполняется – тот идёт за Мной!


Пр. Пора вставать, идти за Ним! Пора сказать: «Иду за Ним!»

        Я иду за Ним! Я иду за Ним!

2. Кто стал светом, истиной и путём испытанным? Иисус Господь!
Кто взял крест распятия, принял грех проклятия? Иисус Господь!

Пр. Иисус Господь – Спаситель наш! 
       Иисус – наш Царь! Он всех нас спас! 
       Я иду за Ним! Я иду за Ним!";"{title: Кто так улыбается}
{capo: +3}


1. Кто так улыбается, в славе отражается? Кто идёт за Мной? 

Тот, кто  знает истину, светом наполняется – тот идёт за Мной!


Пр. Пора вставать, идти за Ним! Пора сказать: «Иду за Ним!»

        Я иду за Ним! Я иду за Ним!

2. Кто стал светом, истиной и путём испытанным? Иисус Господь!
Кто взял крест распятия, принял грех проклятия? Иисус Господь!

Пр. Иисус Господь – Спаситель наш! 
       Иисус – наш Царь! Он всех нас спас! 
       Я иду за Ним! Я иду за Ним!";;;;
0257;257;Одинокие зеркала;Огненный ветер;Am;3;;4/4;;;V1 V2 V3 V4;Огненный ветер (аккорды);;;;;"
1. Одинокие зеркала…
За порогом черты – ночь!
Вспоминаю опять тебя!
В каждой песне опять дождь!
Закрывать не хочу дверь,
Даже если вернётся боль,
Как мне жить без тебя теперь?
В каждой песне опять дождь!

2. Я остатки твоих фраз каждый день превращаю в соль…
Так любить можно только раз…
В каждой песне опять дождь!
Шум дорог и машин визг… Словно режут ножом ложь!
Я не буду бояться брызг, – это просто идёт дождь…

3. Так живи, чтоб потом не жалеть,
Что искал всё не там и не то!
Для тебя не закрыта дверь и дождю открыто окно…
Можно только один раз жить, и один раз всего умереть…
Невозможно перекроить, то, что Богом нам суждено!

4. Одинокие зеркала… За порогом черты – ночь!
Вспоминаю опять тебя! Потому что идёт дождь…";"{title: Одинокие зеркала}
{key: Am}
{capo: +3}


1. [Am]Одинокие зеркал[Dm]а…
За пор[E]огом черт[Am]ы – н[E]очь!
Вспомин[Am]аю опять теб[Dm]я!
В каждой [E]песне опять д[Am]ождь!
[A7]Закрывать не хочу дв[Dm]ерь,
Даже [G]если вернётся б[C]оль,
Как мне ж[F]ить без тебя теп[Dm]ерь?
В каждой [E]песне опять д[Am]ождь!

2. Я остатки твоих фраз каждый день превращаю в соль…
Так любить можно только раз…
В каждой песне опять дождь!
Шум дорог и машин визг… Словно режут ножом ложь!
Я не буду бояться брызг, – это просто идёт дождь…

3. Так живи, чтоб потом не жалеть,
Что искал всё не там и не то!
Для тебя не закрыта дверь и дождю открыто окно…
Можно только один раз жить, и один раз всего умереть…
Невозможно перекроить, то, что Богом нам суждено!

4. Одинокие зеркала… За порогом черты – ночь!
Вспоминаю опять тебя! Потому что идёт дождь…";;;;
0258;258;В последний миг;Огненный ветер;Am;4;;4/4;;;V1 C V2 V3;Огненный ветер (аккорды);;;;;"
1. Ласковым пёрышком      по рёбрышкам…
                       F            E             Am             А7
Поцелуем правым и левым по родинкам…
Вздохом на радугу,     с радуги – стоном…
Вмиг позабыть и придумать заново  и----мя твоё!

Пр. Имя твоё  –  Суламита! 
Имя твоё  –  Суламита!
Имя твоё  –  Суламита!

2. Песнею первою запомниться…
Лёгкой ткани выси ладонью дотронуться…
Нежною птицею в небо взлетая,
Вмиг позабыть и придумать заново имя твоё!

3.Пусть охлаждаются стремления!
Невозможно спрятать  любви мгновения!
Где-то за гранями истинной боли
Вмиг позабыть и придумать заново имя твоё!

4. Нет, не кончаются в забвении
Переходы снизу и сверху ступенями!
В сердце написано Божьей рукою!
Не позабыть! Не придумать заново имя твоё!

Пр. Имя твоё – Любимая! – 3 р. Имя твоё!";"{title: Ласковым пёрышком}
{key: Am}
{capo: +4}


1. Ласковым [Am]пёрышком      [E]по [Am]рёбрышкам…
                       F            E             Am             А7
Поцелуем правым и левым по родинкам…
Вздохом на [Dm]радугу,     [G]с радуги – ст[C]оном…[F]
Вмиг позаб[Dm]ыть и прид[E]умать [Am]заново  [Dm]и----м[E]я тв[Am]оё!

Пр. Имя тв[Dm]оё  [E]–  Сулам[Am]ита! [F]
Имя тв[Dm]оё  [E]–  Сул[Am]амита![F]
Имя тв[Dm]оё  [E]–  Сулам[Am]ита!

2. Песнею первою запомниться…
Лёгкой ткани выси ладонью дотронуться…
Нежною птицею в небо взлетая,
Вмиг позабыть и придумать заново имя твоё!

3.Пусть охлаждаются стремления!
Невозможно спрятать  любви мгновения!
Где-то за гранями истинной боли
Вмиг позабыть и придумать заново имя твоё!

4. Нет, не кончаются в забвении
Переходы снизу и сверху ступенями!
В сердце написано Божьей рукою!
Не позабыть! Не придумать заново имя твоё!

Пр. Имя твоё – Любимая! – 3 р. Имя твоё!";;;;
0259;259;Наш Господь;Огненный ветер;Am;3;;4/4;;;V1 C V2;Огненный ветер (аккорды);;;;;"
1. Наш Господь Бог есть Истина! 
Он живой есть Бог и вечный Царь!
И от гнева Его всё дрожит! 
И земля от Престола бежит!

Пр. Люблю Тебя, Господь! 
       Люблю Тебя, Царь мой!
       Ты есть наш Бог един! 
       Ты есть наш Бог живой!

2. Сотворил Он всё Своей рукой!
Утвердил свет звёзд мудростью!
Распростёр Небеса как Творец! 
Нет подобных Тебе, наш Отец!


";"{title: Наш Господь}
{key: Am}
{capo: +3}


1. Наш Госп[Am]одь Бог есть Истина! 
Он жив[Am]ой есть Бог и вечный Царь!
И от [Dm]гнева Ег[F]о всё дрож[E]ит! 
И земл[Dm]я от Прест[F]ола беж[E]ит!

Пр. Люблю Т[Am]ебя, Г[F]осподь! [G]
       Люблю Т[Am]ебя, Ц[F]арь мой![G]
       Ты есть наш [Am]Б[F]ог ед[G]ин! [E]
       Ты есть наш [Am]Бог ж[Dm]ивой![E]

2. Сотворил Он всё Своей рукой!
Утвердил свет звёзд мудростью!
Распростёр Небеса как Творец! 
Нет подобных Тебе, наш Отец!


";;;;
0260;260;Это Мой крест;Огненный ветер;Am;3;;4/4;;;V1 V2 V3 V4;Огненный ветер (аккорды);;;;;"1.Это Мой крест против твоей гордыни!
Молот святой смерть разобьёт и ныне….
Этот Мой крест – Сила твоя в стремлении,
И в поругании, и в твоём унижении….
Силой креста дух твой  ко мне стремится!
Кровью креста будет сильнее биться
Сердце твоё, если отвергнет брение
Славы мирской и хвалебное пение….

2. Не убегай к льстивым речам за помощью!
Не прибегай к дружбе случайной! И ложною
Клятвой себя ты никогда не связывай!
Душу свою ты никому не навязывай!
Лучше креста ты не найдёшь пристанища,
Против греха, против зловоний капища,
Где в темноте сердце твоё истомилось,
Где без любви тех, кто любит, оно разбилось!

3. Выбери крест против слащавых признаний!
Лучше страдай, чем искать бесовского внимания!
Лучше молчи, чем словами опутывать дерзкими
Сердце своё. И иметь намерения мерзкие,
Сущность свою растворяя в общении сладостном,
С теми, кто пуст, но умеет хвалить тебя радостно!
Выбери крест, чтобы смертью Моею очиститься
И к Небесам силой креста приблизиться!

4. Пусть продолжают люди греха наслаждаться!
Ты же умри на кресте! Перестань любоваться
Внешней красой преходящего подлого мира!
Думай быстрей!  Пока сердце твоё не остыло,
Выбери крест! С ним ты станешь как Агнец молчащий!
Больше не будешь напрасно кимвалом звенящим!
Выбери крест! Он подарок святого прощения!
Выбери крест! Это Божья любовь и спасение!";"
[Am]1.Это Мой крест против твоей гордыни!
[Dm]Молот святой смерть разобьёт и ныне…[E].
Этот Мой крест – Сила твоя в стремлении,
И в поругании, и в твоём унижении….
Силой креста дух твой  ко мне стремится!
Кровью креста будет сильнее биться
Сердце твоё, если отвергнет брение
Славы мирской и хвалебное пение….

[Am]2. Не убегай к льстивым речам за помощью!
[Dm]Не прибегай к дружбе случайной! И ложною
[Am]Клятвой себя ты никогда не связывай!
[Dm]Душу свою ты никому не навязыв[E]ай!
Лучше креста ты не найдёшь пристанища,
Против греха, против зловоний капища,
Где в темноте сердце твоё истомилось,
Где без любви тех, кто любит, оно разбилось!

3. Выбери крест против слащавых признаний!
Лучше страдай, чем искать бесовского внимания!
Лучше молчи, чем словами опутывать дерзкими
Сердце своё. И иметь намерения мерзкие,
Сущность свою растворяя в общении сладостном,
С теми, кто пуст, но умеет хвалить тебя радостно!
Выбери крест, чтобы смертью Моею очиститься
И к Небесам силой креста приблизиться!

4. Пусть продолжают люди греха наслаждаться!
Ты же умри на кресте! Перестань любоваться
Внешней красой преходящего подлого мира!
Думай быстрей!  Пока сердце твоё не остыло,
Выбери крест! С ним ты станешь как Агнец молчащий!
Больше не будешь напрасно кимвалом звенящим!
Выбери крест! Он подарок святого прощения!
Выбери крест! Это Божья любовь и спасение!";;;;
0261;261;На Небесах;Огненный ветер;Am;2;;4/4;;;V1 C V2 V3;Огненный ветер (аккорды);;;;;"
1.На Небесах    царит любовь!  
В ней Твоё имя растворилось!
Оно – елей!  Оно как мёд! И как вода  на нас излилось…

Пр. Что в имени    тебе Моём?   
       Что в имени     тебе Моём? 
       Что в имени    тебе Моём?        Оно чудно!

2. Превыше всех имён земли, 
Превыше звёзд, превыше жизни!
Есть только Ты, мой Иисус! 
Мой Господин! И мой Спаситель!

3. Ты мне даёшь познать Себя! 
Познать мечту! Исполнить чудо!
Меня хранит Твоя любовь! Среди детей Твоих я буду! 

";"{title: На Небесах}
{key: Am}
{capo: +2}


[Am]1.На Неб[Dm]есах    [E]царит люб[Am]овь!  [F]
[Dm]В ней Твоё имя растворил[E]ось!
Оно – елей!  Оно как мёд! И как вода  на нас излилось…

Пр. Что [Dm]в имени    [E]тебе Мо[Am]ём?   [F]
       Что [Dm]в имен[G]и     тебе М[C]оём? [F]
       Что [Dm]в имен[E]и    тебе [Am]Моём[F]?        Он[Dm]о чудн[E]о![Am]

2. Превыше всех имён земли, 
Превыше звёзд, превыше жизни!
Есть только Ты, мой Иисус! 
Мой Господин! И мой Спаситель!

3. Ты мне даёшь познать Себя! 
Познать мечту! Исполнить чудо!
Меня хранит Твоя любовь! Среди детей Твоих я буду! 

";;;;
0262;262;Не убивай меня!;Огненный ветер;Am;3;;4/4;;;V1 V2 V3 V4;Огненный ветер (аккорды);;;;;"1.Не убивай меня, мой брат!
В нас кровь одна течёт с тобою!
Я за тебя молиться рад! Мы связаны одной судьбою!
У нас  с тобой один Отец! У нас с тобой одно крещенье!
У нас один на всех венец святого Божьего спасения!

2.Не убивай меня, мой брат! Зачем ты взял оружие в руки?
И почему огнём горят твои глаза в смертельной муке?
Зачем ты вышел собирать слова лжецов? Пустую веру?
Зачем ты хочешь разорвать живую связь души и тела?

3. Не убивай меня, мой брат! Не Каин ты! А я – не Авель!
Ты – Божьей армии солдат!
Тебе я Пётр! А ты мне – Павел!
Давай мы лучше посидим, споём вдвоём для Бога песню!
Ты – не один! Я – не один!
Зачем дышать смертельной местью?

4. Я так люблю тебя, мой брат! Тебе я лишь добра желаю!
Не дай испить мне горький яд! Тебе я жить не помешаю!
Свобода нам в любви дана!
В крови святой дано прощение!
Любовь с тобой у нас одна!
Один Господь! Одно спасение!";"
[Am]1.Не убивай меня,[Dm] мой брат!
[E]В нас кровь одна т[Am]ечёт с тобою!
[F]Я за тебя молить[Dm]ся рад! Мы связаны одной с[E]удьбою![Am]
[Dm]У нас  с тобой один О[E]тец! У нас с тобо[Am]й одно крещ[G]енье![F]
[Dm]У нас один на всех [F]венец святого Божьег[Dm]о спасения![E]

[Am]2.Не убивай м[Dm]еня, мой брат! Зачем ты вз[G]ял оружие в руки?[C]
[F]И почему огнём горя[Dm]т твои глаза в сме[E]ртельной муке?
Зачем ты вышел собирать слова лжецов? Пустую веру?
Зачем ты хочешь разорвать живую связь души и тела?

3. Не убивай меня, мой брат! Не Каин ты! А я – не Авель!
Ты – Божьей армии солдат!
Тебе я Пётр! А ты мне – Павел!
Давай мы лучше посидим, споём вдвоём для Бога песню!
Ты – не один! Я – не один!
Зачем дышать смертельной местью?

4. Я так люблю тебя, мой брат! Тебе я лишь добра желаю!
Не дай испить мне горький яд! Тебе я жить не помешаю!
Свобода нам в любви дана!
В крови святой дано прощение!
Любовь с тобой у нас одна!
Один Господь! Одно спасение!";;;;
0263;263;Твой Ангел;Огненный ветер;Am;3;;4/4;;;V1 C V2;Огненный ветер (аккорды);;;;;"1.Твой Ангел на рассвете меня тихонько будит,
Чтоб сердце просыпалось от темноты ночной!
Душа, готовясь к славе, ещё нежнее будет!
Рассвет её наполнит кристальною водой!

Пр. Едва земли касаясь, плывёт моя молитва
       И в Небеса взлетает птицей!
       Слезами взор очищу, увижу, что сокрыто…
       И буду продолжать молиться!

2. Тебя стремясь услышать,  я буду ждать свидания!
Я знаю: Ты увидишь мою к Тебе любовь!
Пусть льётся в Небо песня и слов моих признания!
С рассвета до заката дышу я лишь Тобой!";"
[Am]1.Твой Ангел на рассв[Dm]ете меня [G]тихонько будит,[C]
[F]Чтоб сердце просыпа[Dm]лось от темноты[E] ночной!
Душа, готовясь к славе, ещё нежнее будет!
Рассвет её наполнит кристальною водой!

[Am]Пр. Едва земли ка[Dm]саясь, плывёт м[E]оя молитва[Am]
[F]       И в Небеса взлета[Dm]ет птице[E]й!
       Слезами взор очищу, увижу, что сокрыто…
       И буду продолжать молиться!

2. Тебя стремясь услышать,  я буду ждать свидания!
Я знаю: Ты увидишь мою к Тебе любовь!
Пусть льётся в Небо песня и слов моих признания!
С рассвета до заката дышу я лишь Тобой!


";;;;
0264;264;Когда летят по Небу;Огненный ветер;Am;3;;4/4;;;V1 C V2 V3;Огненный ветер (аккорды);;;;;"
1.Лучше струны рвать, чем молчать!
Лучше кровью петь и хрипеть, 
Чем сгореть от страсти греха 
И звенеть, как ржавая медь!

2. Лучше горечь правды, чем ложь!
Обличенье лучше, чем лесть!
Блюдо зелени и любовь лучше всех даров на земле!

3. Лучше бедным быть, но в раю, 
Чем богатым быть дураком!
Чем растратить душу свою на признанья серых волков!

4. Лучше боль терпеть и страдать, 
Чем от зависти умереть!
Чем в обидах себя потерять, 
Чем мирскую гордость иметь!

5. Лучше крест и сотня гвоздей, 
Чем работа в плену врага!
Лучше пусть посмертная честь, 
Чем остаться рабом греха!

";"{title: Лучше струны рвать}
{key: Am}
{capo: +3}


1.Лучше стр[Am]уны рв[Em]ать, чем молч[Am]ать!
Лучше кровью [Em]петь и хрип[Am]еть, 
Чем сгор[Dm]еть от страсти гр[Am]еха 
И звен[F]еть, как рж[G]авая [Am]медь!

2. Лучше горечь правды, чем ложь!
Обличенье лучше, чем лесть!
Блюдо зелени и любовь лучше всех даров на земле!

3. Лучше бедным быть, но в раю, 
Чем богатым быть дураком!
Чем растратить душу свою на признанья серых волков!

4. Лучше боль терпеть и страдать, 
Чем от зависти умереть!
Чем в обидах себя потерять, 
Чем мирскую гордость иметь!

5. Лучше крест и сотня гвоздей, 
Чем работа в плену врага!
Лучше пусть посмертная честь, 
Чем остаться рабом греха!

";;;;
0265;265;В сердце трещины;Огненный ветер;Am;2;;4/4;;;V1 V2 V3 V4;Огненный ветер (аккорды);;;;;"
1.Люби, когда не любится! Прощай, когда не хочется!
Молись, когда не верится, что скоро всё изменится!
С тобой пойду дорогою, дорогой непроторенной…
Тебе следами выложу твой путь к престолу Божьему!

Пр. Ты – друг мой! Верен буду Я, назвав тебя по имени!
       И не отдам врагу тебя, сражаясь до последнего!
       В любви придётся досыта хлебнуть страданий  огненных, 
       Но в нелюбви слова любви, как смерть, бывают холодны!  

2. Познай, что значит «быть святым», когда вокруг неверие!
Познай Меня как Господа, - тогда открою двери Я!
Ты столько раз терял Меня и не взывал о помощи!
Но Я тебя не забывал и возвращал сокровища!

3. Люби, когда не любится! Прощай, когда не хочется!
Молись, когда не верится, что скоро всё изменится!
Люби, когда не любится! Прощай, когда не хочется!
Молись, когда не верится, что скоро всё изменится!";"{title: Люби, когда не любится}
{key: Am}
{capo: +2}


[Am]1.Люби, когда [Dm]не любится! [E]Прощай, когд[Am]а не хочется!
Мол[F]ись, когда не [Dm]верится, что ск[E]оро всё измен[Am]ится![E]
С тоб[Am]ой пойду д[Dm]орогою, дор[E]огой непр[Am]оторенной…
Теб[F]е следами [Dm]выложу твой п[E]уть к престолу Божь[Am]ему!

Пр. Ты – друг мой! [Dm]Верен буду [G]Я, назвав теб[C]я по имен[F]и!
       И не отд[Dm]ам врагу теб[E]я, сражаясь [Am]до последнего!
       В любви прид[Dm]ётся досыт[G]а хлебнуть страд[C]аний  огненн[F]ых, 
       Но в нелюбв[Dm]и слова любв[E]и, как смерть, бывают [Am]холодны!  

2. Познай, что значит «быть святым», когда вокруг неверие!
Познай Меня как Господа, - тогда открою двери Я!
Ты столько раз терял Меня и не взывал о помощи!
Но Я тебя не забывал и возвращал сокровища!

3. Люби, когда не любится! Прощай, когда не хочется!
Молись, когда не верится, что скоро всё изменится!
Люби, когда не любится! Прощай, когда не хочется!
Молись, когда не верится, что скоро всё изменится!";;;;
0266;266;Ветром огненным;Огненный ветер;Am;3;;4/4;;;C V2 V3 V4 V5;Огненный ветер (аккорды);;;;;"
1. Любить Бог заповедал мне любить друзей,
Любить, как стаю верных голубей! 
Они всегда с тобою полетят туда,
Где незнакомые нас земли ждут         и города …

Любить Бог заповедал мне любить врагов,
Что ненавидят к ним Твою любовь! 
Любить и в верности своей всегда прощать,
Тех, кто не смог и не сумел сдержать любовь…

Пр. Непонятные судьбы, непонятные смыслы
       У любви безграничной я пытаюсь понять!
       В сердце Божьих законов непонятные числа
       Всех врагов и любимых нам нельзя поменять…

2. Прощать Бог заповедал мне прощать людей,
Они нуждаются  в любви моей….
Они подранком падают на белый снег: 
Им нужно подарить прощение и свет…

Забыть про все невзгоды нужно мне забыть!
Я буду лишь любовью дорожить.
Хочу я тайну Бога сердцем отгадать,
Чтобы никто не смог мою любовь отнять!
Любить… Прощать...       Забыть… Понять… Любить!";"{title: Любить}
{key: Am}
{capo: +3}


1. Люб[Am]ить Бог зап[Dm]оведал мне люб[F]ить друз[E]ей,
Любить, как [Dm]стаю верных [F]голуб[E]ей! 
[Am]Они всегда с тоб[Dm]ою полет[F]ят туд[E]а,
Где незнак[Dm]омые нас з[F]емли жд[E]ут  [Dm]       и город[F]а …

Любить Бог заповедал мне любить врагов,
Что ненавидят к ним Твою любовь! 
Любить и в верности своей всегда прощать,
Тех, кто не смог и не сумел сдержать любовь…

Пр. Непон[Am]ятные [Dm]судьбы, непон[G]ятные см[C]ыслы
       У любв[F]и безгран[Dm]ичной я пытаюсь пон[E]ять!
       В сердце [Am]Божьих зак[Dm]онов непон[G]ятные [C]числа
       Всех враг[F]ов и люб[Dm]имых нам нельзя помен[E]ять…

2. Прощать Бог заповедал мне прощать людей,
Они нуждаются  в любви моей….
Они подранком падают на белый снег: 
Им нужно подарить прощение и свет…

Забыть про все невзгоды нужно мне забыть!
Я буду лишь любовью дорожить.
Хочу я тайну Бога сердцем отгадать,
Чтобы никто не смог мою любовь отнять!
Люб[Am]ить… [G]Прощ[F]ать[Am]...       З[Dm]абыть[F]… Пон[E]ять… Люб[Am]ить!";;;;
0267;267;Вместе мы как один;Огненный ветер;Am;0;;4/4;;;C V2;Огненный ветер (аккорды);;;;;"1. Любовь зажгла в душе моей огонь       Am                                G
И позвала в дорогу за собой,
И позади осталось всё, где было больно и темно,
Любовь зажгла в душе моей огонь!

Пр. Огонь горит и дарит жизни свет!
       На все вопросы Бог даёт ответ!
       Он направляет к небесам! Его найдёшь ты тут и там…
       На все вопросы Бог даёт ответ!

2. В любви теперь с Тобой мы навсегда!
Пусть день за днём, и пусть идут года!
Я больше смерти не боюсь, я к небесам теперь стремлюсь!
В любви теперь с Тобой мы навсегда!

Иисус – есть свет! Любовь есть свет! Горит огонь во мраке лет! 
Иисус – есть свет! Любовь есть свет! Горит огонь во мраке лет!
";"{title: Любовь зажгла}
{key: Am}
{capo: +0}

1. Люб[Am]овь зажгла в душе моей ог[G]онь       Am                                G
И позвала в дорогу за собой,
И п[F]озади ост[G]алось всё, где б[F]ыло больно [G]и темно,
Люб[F]овь зажгла в душ[G]е моей ог[Am]онь!

Пр. Ог[Am]онь горит и [G]дарит жизни св[Am]ет!
       На вс[F]е вопросы [G]Бог даёт отв[Am]ет!
       Он н[F]аправляет к н[G]ебесам! [F]Его найдёшь ты т[G]ут и там…
       На вс[F]е вопросы Б[G]ог даёт отв[Am]ет!

2. В любви теперь с Тобой мы навсегда!
Пусть день за днём, и пусть идут года!
Я больше смерти не боюсь, я к небесам теперь стремлюсь!
В любви теперь с Тобой мы навсегда!

И[Am]исус – есть свет! Люб[F]овь есть свет! Гор[Am]ит огонь во мр[F]аке лет! 
Иис[Am]ус – есть свет! Люб[F]овь есть свет! Гор[Am]ит огонь во мр[F]аке л[F-G]ет!
";;;;
0268;268;Будешь светлым лучом;Огненный ветер;Am;3;;4/4;;;V1 V2 V3 V4 V5 V6;Огненный ветер (аккорды);;;;;"
1.Любовь, как в небе солнце, тебя теплом коснётся.
Она, как ветер в поле, как хлеб с горчинкой соли,
Любовь обнимет нежно среди метели снежной,
Любовь пришла от Бога, она – моя дорога! 

Пр. Люблю, и сердце плачет от любви!
       Люблю! И распускаются цветы 
       Хвалы на Небесах, Твоей любви весна!

2. Хочу смеяться вместе и быть Твоей Невестой,
И быть Тобой хранимой в любви неопалимой!
Летать на крыльях веры, служить Тебе без меры,
Хвалу дарить и снова ловить дыханье слова! 



";"{title: Любовь, как в небе солнце}
{key: Am}
{capo: +3}


[Am]1.Люб[Dm]овь, как в небе солнце, теб[C]я теплом коснётся.
Он[E]а, как ветер в поле, как хл[F]еб с горчинкой [E]соли,
Любовь обнимет нежно среди метели снежной,
Любовь пришла от Бога, она – моя дорога! 

Пр. Любл[Dm]ю, и сердце пл[F]ачет от любв[E]и!
       Любл[Dm]ю! И распуск[F]аются цвет[E]ы 
       Хвал[Dm]ы на Небес[E]ах, Тво[F]ей любви весн[E]а!

2. Хочу смеяться вместе и быть Твоей Невестой,
И быть Тобой хранимой в любви неопалимой!
Летать на крыльях веры, служить Тебе без меры,
Хвалу дарить и снова ловить дыханье слова! 



";;;;
0269;269;Не умру;Огненный ветер;Am;3;;4/4;;;V1 C V2;Огненный ветер (аккорды);;;;;"1.Не умру! Буду вечно жить с Тобой
И в любви возвещать дела Твои!
Не умру! Я спасён Тобой от зла!
Ты открыл предо мною Небеса!
Пр. Буду жить Тобой,    мой Иисус родной!
       В песнях кровь стучит    Твоим ритмом!
       Пусть на Небеса потечёт рекой
       Фимиам любви и молитвы!

2. Этот день сотворил для нас Господь,
Чтобы петь в ликовании сердец!
Ты Бог мой! Буду славить я Тебя!
И вовек будет жить любовь Твоя!";"
[Am]1.Не умру! Бу[Dm]ду вечно [E]жить с Тобой[Am]
[Dm]И в любв[E]и возв[Am]ещать [F#]дела Твои!
[Hm]Не умру! Я с[Em]пасён Тоб[F#]ой от зл[Hm]а![E]
[Am]Ты открыл предо [Dm]мною Н[E]ебе[Am]са!
[Dm]Пр. Буду жить Т[G]обой,    мой Иис[C]ус родной![F]
[Dm]       В песнях [E]кровь стучит   [Am] Твоим ритмом!
       Пусть на Небеса потечёт рекой
       Фимиам любви и молитвы!

2. Этот день сотворил для нас Господь,
Чтобы петь в ликовании сердец!
Ты Бог мой! Буду славить я Тебя!
И вовек будет жить любовь Твоя!

";;;;
0270;270;Не хочу;Огненный ветер;Am;3;;4/4;;;V1 C V2;Огненный ветер (аккорды);;;;;"
1.Не хочу о камни     биться! Я хочу взлететь,    как птица,
Чтоб от смерти      исцелиться!     Подними меня скорей!
Лишь  Твои объятия,    Бог мой, запрещают мне    разбиться
И от боли     раскрошиться!    Обними меня скорей!

Пр. Духом Святым Твои Небеса обнимаю!
       Святость Твою в сердце своё принимаю!
       Милость Твою пью как награду живую,
       В нежной любви соединиться хочу я!

2. Как найти свою дорогу? Вот вопрос любви и жизни!
С кем служить и верить Богу? – 
Как бы мне не ошибиться…
Всё легко и очень просто лишь, когда сердца открыты!
Когда наши души, Бог мой, водами Небес омыты…";"{title: Не хочу}
{key: Am}
{capo: +3}


[Am]1.Не хочу о к[Dm]амн[E]и     [Am]биться! Я хочу взлет[Dm]еть,    [E]как [Am]птица,[A7]
Чтоб от [Dm]смерти      [G]исцел[C]иться! [F]    [Dm]Подними м[E]еня ск[Am]орей!
[Am]Лишь  Твои объ[Dm]яти[E]я,    [Am]Бог мой, запрещают [Dm]мн[E]е    р[Am]азбиться[A7]
И от [Dm]боли     [G]раскрош[C]итьс[F]я!    [Dm]Обними м[E]еня ск[Am]орей!

Пр. [Dm]Духом Святым Тво[E]и Небеса обним[Am]аю!
       Св[Dm]ятость Твою в [E]сердце своё приним[Am]аю!
       [Dm]Милость Твою пь[F]ю как [Dm]награду жив[E]ую,
       В [Dm]нежной любв[F]и [Dm]соединиться хоч[E]у я!

2. Как найти свою дорогу? Вот вопрос любви и жизни!
С кем служить и верить Богу? – 
Как бы мне не ошибиться…
Всё легко и очень просто лишь, когда сердца открыты!
Когда наши души, Бог мой, водами Небес омыты…";;;;
0271;271;В поклонение сердца;Огненный ветер;Am;4;;4/4;;;V1 C V2;Огненный ветер (аккорды);;;;;"
1. Любовь от Бога! И всякий любящий рождён от Бога
И знает Бога, - так Слово Божье говорит!
А в Божьем царстве во славе безграничной власти
Любовь святая на троне царственном сидит!

Пр. Как дар бесценный, неповторимый, 
       Врагом и смертью непобедимый!
       Любовь от Бога! Любовь святая!
       Рекой небесной всех наполняет!

2. Всё покрывает, всего надеется и верит!
Всё переносит, - любовь не ищет своего!
И долготерпит, не превозносится в гордыне,
Не мыслит злого, себе не просит ничего!

3. Вхожу в дом пира! А над моею головою -
Святое знамя Твоей пылающей любви!
Прошли морозы, и время пения настало,
И в благодати по всей земле цветут цветы!";"{title: Любовь от Бога!}
{key: Am}
{capo: +4}


1. Люб[Am]овь от Бога! И всякий [Dm]любящий рождён от [E]Бога
И [Am]знает Бога, - так [Dm]Слово Божье говор[E]ит!
А в [Am]Божьем царстве во [Dm]славе безграничной вл[E]асти
Люб[Am]овь святая на [Dm]троне царственном сид[E]ит!

Пр. Как [Am]дар бесценный, неповторимый, 
       Враг[Dm]ом и смертью неп[E]обедимый!
       Люб[Am]овь от Бога! Любовь святая!
       Рек[Dm]ой небесной всех [E]наполняет!

2. Всё покрывает, всего надеется и верит!
Всё переносит, - любовь не ищет своего!
И долготерпит, не превозносится в гордыне,
Не мыслит злого, себе не просит ничего!

3. Вхожу в дом пира! А над моею головою -
Святое знамя Твоей пылающей любви!
Прошли морозы, и время пения настало,
И в благодати по всей земле цветут цветы!";;;;
0272;272;Был ковчег из золота;Огненный ветер;Am;3;;4/4;;;V1 C V2 V3;Огненный ветер (аккорды);;;;;"1.Любовь Христа в тебе, любовь Христа во мне,
Любовь Христа вовек живёт!
Любовь всегда идёт, Она не устаёт 
Любить живущих на земле!
Любовь Христа всегда, как яркая звезда,
Что светит сбившимся с пути!
Она тебя зовёт и в Доме Отчем ждёт,
Там можешь ты её найти!
Пр. Бог любви, и надежды, и веры твоей
      Ждёт тебя! Отзовись на любовь поскорей!
      Как огонь та любовь вдруг тебя обожжёт!
      Силу даст, в Небеса за собой позовёт!
Любовь Христа в тебе, любовь Христа во мне,
Любовь Христа вовек живёт!
Любовь всегда идёт, Она не устаёт 
Любить живущих на земле!";"{title: Любовь Христа в тебе}
{key: Am}
{capo: +3}

1.Любовь Хр[Am]иста в тебе, любовь Христа во мне,
Любовь Хр[Dm]иста [E]вовек [Am]живёт![E]
Любовь всегд[Am]а идёт, Она не [F]устаёт 
Любить ж[Dm]ивущих [E]на з[Am]емле![G]
Любовь Христ[C]а всегда, как яркая звезда,
Что светит сбившимся с п[G]ути!
Она т[Dm]ебя зовёт и в Доме Отчем ждёт,
Там можешь ты е[F]ё найти![E]
Пр. Бог л[Dm]юбви, и над[F]ежды, и веры тв[E]оей
      Ждёт т[Dm]ебя! Отзов[F]ись на любовь поскор[E]ей!
      Как ог[F]онь та люб[Dm]овь вдруг т[E]ебя обож[Am]жёт![C]
      Силу [Dm]даст, в Небес[E]а за собой позов[Am]ёт!
Любовь Христ[Am]а в тебе, любовь Христа во мне,
Любовь Христ[Dm]а вовек жив[E]ёт!
Любовь всегд[Dm]а идёт, Она не [F]устаёт 
Любить жив[Dm]ущих [E]на земл[Am]е!";;;;
0273;273;Громко к Богу воззови!;Огненный ветер;Am;3;;4/4;;;V1 V2 V3 V4 V5 V6 V7;Огненный ветер (аккорды);;;;;"
1. Любовью     тебя украшаем от края до самого края,
Россия,     омытая кровью! Родная, родная, родная!

Пр. Россия! Россия! Россия!  
       Тебя ждут народы с цветами!
       В тебе полнота откровений 
       Полученных горьких страданий!
       Россия! Россия! Россия!  
       Твой свет не померкнет вовеки!
       Небесная  радость  от Бога 
       Наполнит долины и реки!

2.  Восстала из праха и пепла, из смерти Россия живая!
Страна золотистого хлеба! Родная! Родная! Родная!

3. Здесь люди привыкли к терпению! 
Здесь люди привыкли к страданию!
Здесь песни, зовущие к вере!
Рассветов и звёзд ликование!";"{title: Любовью тебя украшаем}
{key: Am}
{capo: +3}


1. Люб[Am]овью     [E]тебя украш[Am]аем от [Dm]края до с[F]амого кр[E]ая,
Росс[Am]ия,     [E]омытая [Am]кровью! Р[Dm]одная, родн[F]ая, родн[E]ая!

Пр. Росс[Dm]ия! Росс[E]ия! Росс[Am]ия!  [F]
       Т[Dm]ебя ждут народы с цвет[E]ами!
       В т[Dm]ебе полнот[G]а откров[C]ений [F]
       Пол[Dm]ученных горьких страд[E]аний!
       Росс[Dm]ия! Росс[E]ия! Росс[Am]ия!  [F]
       Твой [Dm]свет не померкнет вов[E]еки!
       Неб[Dm]есная  р[G]адость  от Б[C]ога [F]
       Нап[Dm]олнит долины и [E]реки!

2.  Восстала из праха и пепла, из смерти Россия живая!
Страна золотистого хлеба! Родная! Родная! Родная!

3. Здесь люди привыкли к терпению! 
Здесь люди привыкли к страданию!
Здесь песни, зовущие к вере!
Рассветов и звёзд ликование!";;;;
0274;274;Я не знаю как;Огненный ветер;Am;3;;4/4;;;V1 C V2 V3;Огненный ветер (аккорды);;;;;"1.Я не знаю как, я не знаю где, что-то потерялось…
Я не знаю как, я не знаю с кем это мне найти…
Может мне на миг, может на чуть-чуть просто показалось,
Что остался я полностью один на своём пути?

Пр. Слышу снова я, слышу снова я голос любящий и живой:
       «Я люблю тебя! Я люблю тебя!
       Мой единственный, Мой родно---ой!»

2. Я хочу найти верность в простоте, сердца исцеление!
И отдать себя! И отдать свою душу за любовь!
Поддержи меня Ты Своей рукой! Быть хочу в смирении!
Знаю – укрепишь! Знаю - не предашь! Знаю – не уйдёшь!

3. Страх уходит прочь, как с рассветом ночь,
Когда слышу Слово!
Слово о кресте, Слово о крови и Твоей любви!
И как будто вновь, выйдя из оков, сердце петь готово
О Тебе, Иисус! О Тебе, Господь, людям всей земли!";"
[Am]1.Я не знаю как, я не знаю где, что-то потерялось…[G]
[F]Я не знаю как, я не знаю с кем это мне найти…[E]
[Am]Может мне на миг, может на чуть-чуть просто показалось,[G]
[F]Что остался я полностью один на своём пути?[E]

[Am]Пр. Слышу снова я, слышу [G]снова я голос любящий[F] и живой:[Em]
[Am]       «Я люблю тебя! Я л[G]юблю тебя!
[F]       Мой единственный, Мой родно--[Em]-ой!»[H7][Em][E]

2. Я хочу найти верность в простоте, сердца исцеление!
И отдать себя! И отдать свою душу за любовь!
Поддержи меня Ты Своей рукой! Быть хочу в смирении!
Знаю – укрепишь! Знаю - не предашь! Знаю – не уйдёшь!

3. Страх уходит прочь, как с рассветом ночь,
Когда слышу Слово!
Слово о кресте, Слово о крови и Твоей любви!
И как будто вновь, выйдя из оков, сердце петь готово
О Тебе, Иисус! О Тебе, Господь, людям всей земли!";;;;
0275;275;Мама;Огненный ветер;Am;3;;4/4;;;V1 V2 V3;Огненный ветер (аккорды);;;;;"1. «Мама»– первое слово! Мама – моё вдохновенье!
Мама      снова и снова     дарит     мне счастья мгновенья:
Это     и радостный праздник,     это     улыбка сквозь слёзы,
Это     и помощь в страданьях,     это     и солнце в морозы…

2. Это подарки простые, в сердце рождённые мамой, 
Это и дни прожитые, это слова телеграммой:
«Как ты?... люблю… позвони мне!» - 
Cлов этих вовсе немного;
Только мы  редко и скупо стоим у родного порога…

3. Мама, прости меня, мама! Знай, что не будет роднее, 
Ближе, любимей на свете, преданней всех и вернее
Мамы моей драгоценной, жизнь подарившей мне кровью!
Я пред тобой на коленях… с трепетом и любовью…";"{title: Am Dm E Am}
{key: Am}
{capo: +3}

1. «Мама»– первое слово! Мама – моё вдохновенье!
[Dm]Мам[G]а      снова и сн[C]ов[F]а     [Dm]дарит[E]     мне счастья мгн[Am]овенья:
[Dm]Эт[G]о     и радостный пр[C]аздник[F],     [Dm]эт[E]о     улыбка сквозь [Am]слёзы,
[Dm]Эт[G]о     и помощь в страд[C]аньях, [F]    [Dm]эт[E]о     и солнце в м[Am]орозы…

2. Это подарки простые, в сердце рождённые мамой, 
Это и дни прожитые, это слова телеграммой:
«Как ты?... люблю… позвони мне!» - 
Cлов этих вовсе немного;
Только мы  редко и скупо стоим у родного порога…

3. Мама, прости меня, мама! Знай, что не будет роднее, 
Ближе, любимей на свете, преданней всех и вернее
Мамы моей драгоценной, жизнь подарившей мне кровью!
Я пред тобой на коленях… с трепетом и любовью…";;;;
0276;276;Строить песчаный замок;Огненный ветер;Am;0;;4/4;;;V1 C V2 V3;Огненный ветер (аккорды);;;;;"1. Строить песчаный замок может любой из нас!
Только жить миражами нужно ли нам сейчас?
Может построить башню или надёжный дом
С верою в основании, чтобы в нём жить потом?

Пр. Слышу я голос Бога близко и далеко:
       «Иго Моё не тяжко, бремя Моё легко!»

2. Войны идут потоком против Царя царей!
Станешь ли вместе с Богом воином  наших дней?
Чтоб побеждённый верой  мир победить не смог?
Чтобы отвергнуть смело славу его дорог!

3. Кто отрешиться сможет от миражей златых?
Кто будет строить Церковь? Дом из камней живых?
Кто по следам Иисуса крест понесёт в любви?
Против греха восстанет  в истине на крови?";"
[Am]1. Строить песчаный замок может любо[Dm]й из нас![E]
[Am]Только жить миражами нужно л[F]и нам с[Dm]ейчас?[E][Am][E]
[Am]Может построить башню или надёжный дом[Dm][E]
[Am]С верою в основании,[F] чтобы в нё[Dm]м жить потом?[E][Am][E]

[Am]Пр. Слышу я голос Бога близко [Dm]и далеко:[E]
[Am]       «Иго Моё не т[F]яжко, бремя[Dm] Моё легко[E]!»[Am]

2. Войны идут потоком против Царя царей!
Станешь ли вместе с Богом воином  наших дней?
Чтоб побеждённый верой  мир победить не смог?
Чтобы отвергнуть смело славу его дорог!

3. Кто отрешиться сможет от миражей златых?
Кто будет строить Церковь? Дом из камней живых?
Кто по следам Иисуса крест понесёт в любви?
Против греха восстанет  в истине на крови?
";;;;
0277;277;Любовью тебя украшаем;Огненный ветер;Am;3;;4/4;;;V1 C V2 V3;Огненный ветер (аккорды);;;;;"
1. Меня восхищает птиц чудесный взлёт…
Над головой моей – Твой чистый свод,
Где солнце согреет всех своим теплом!
Открыты Твои пути в Небесный дом!

Пр. Благодарю за всё Тебя, Господь! 
       За крест и любовь Твою и Твою кровь!
       Ты изменил мой путь и жизнь мою!
       И сердце стучит моё: Благодарю!

2. От холода вечных вьюг болит душа!
Она благодать найдёт в Твоих руках!
Духом Святым слова в ней оживут,
Мощной хвалой огня её зажгут!
";"{title: Меня восхищает}
{key: Am}
{capo: +3}


[Am]1. Меня восхищ[Dm]ает пт[E]иц чуд[Am]есный взлёт…
Над голов[Dm]ой мо[E]ей – Твой ч[Am]истый свод,
Где солнце согр[Dm]еет вс[G]ех сво[C]им теплом![F]
Открыты Тво[Dm]и пут[E]и в Неб[Am]есный дом!

Пр. Благодар[Dm]ю за вс[G]ё Теб[C]я, Господь! [F]
       За крест и люб[Dm]овь Тво[E]ю и Тв[Am]ою кровь!
       Ты измен[Dm]ил мой п[G]уть и ж[C]изнь мою![F]
       И сердце стуч[Dm]ит мо[E]ё: Благ[Am]одарю!

2. От холода вечных вьюг болит душа!
Она благодать найдёт в Твоих руках!
Духом Святым слова в ней оживут,
Мощной хвалой огня её зажгут!
";;;;
0278;278;Снова кружится хоровод;Огненный ветер;Am;3;;4/4;;;V1 C V2 V3;Огненный ветер (аккорды);;;;;"1. Снова кружится хоровод! Снова душа моя поёт
Песню, согретую огнём! Я оживаю только в нём!


Пр. Ла-ла-ла-ла-ла….Am C Dm Em Am F Dm G Em Am

2. Я удивляюсь вновь и вновь, как пишет музыку любовь,
Песни мотив совсем простой, чтобы мне петь её с тобой!

3. Не оставайся в стороне! Лучше танцуй со мной в огне!
Будем Иисуса восхвалять! Бога всем сердцем прославлять!";"
[Am]1. Снова кружится хоровод! Сно[C]ва душа [Dm]моя поёт[Em][Am]
[F]Песню, согретую огнём! Я ожива[Dm]ю тол[G]ько в нём[Em]![Am]


Пр. Ла-ла-ла-ла-ла….Am C Dm Em Am F Dm G Em Am

2. Я удивляюсь вновь и вновь, как пишет музыку любовь,
Песни мотив совсем простой, чтобы мне петь её с тобой!

3. Не оставайся в стороне! Лучше танцуй со мной в огне!
Будем Иисуса восхвалять! Бога всем сердцем прославлять!";;;;
0279;279;Вместе с моим сердцем;Огненный ветер;Am;3;;4/4;;;V1 C V2;Огненный ветер (аккорды);;;;;"
1. Меркнут во свете звёзды Вселенной:
Бог нам открыл Небеса!
Время кончается, время уходит,
Словно в песочных часах!

Пр.  В Царстве Отца, в Царстве Отца
        Славим Иисуса Христа!- 2р.

2. Скоро, уж скоро Жених наш вернётся,
Невесте предложит венец!
Страхам, сомненьям, греху и неверью
Навеки положит конец!

3. Радуйся, радуйся, Церковь святая,
Омытая кровью Христа!
Тебя призываю, тебя приглашаю
На свадьбу твою в Небесах:

Пр.  В Царстве Отца, в Царстве Отца
        Славить Иисуса Христа! – 2р.";"{title: Меркнут во свете}
{key: Am}
{capo: +3}


1. М[Am]еркнут во свете зв[Em]ёзды Вселенной:
Б[F]ог нам откр[G]ыл Неб[Am]еса!
Вр[Am]емя кончается, вр[Em]емя уходит,
Сл[F]овно в пес[G]очных ч[Am]асах!

Пр.  В Ц[Dm]арстве Отца, в [Am]Царстве Отца
        Сл[F]авим Иис[G]уса Хр[Am]иста!- 2р.

2. Скоро, уж скоро Жених наш вернётся,
Невесте предложит венец!
Страхам, сомненьям, греху и неверью
Навеки положит конец!

3. Радуйся, радуйся, Церковь святая,
Омытая кровью Христа!
Тебя призываю, тебя приглашаю
На свадьбу твою в Небесах:

Пр.  В Царстве Отца, в Царстве Отца
        Славить Иисуса Христа! – 2р.";;;;
0280;280;Заповедал нам Бог;Огненный ветер;Am;5;;4/4;;;V1 V2 V3 V4;Огненный ветер (аккорды);;;;;"
1.Меч обоюдоострый – живое Божье Слово!
Перед святым престолом   стоять мы будем скоро!
Праздные помышленья, мыслей плотских сомненья,
Ропот и несмиренье – не для спасенья!

2. Сердца гнилые корни сурово меч отрежет!
Они сгорят мгновенно во тьме, где плач и скрежет!
В Божьей любви простые! Верные и прямые!
Чистые, дорогие – Его святые!

3.Трудно быть ярким светом, 
Чтобы огнём креститься!
Каждый в своём смирении страданьем осолится!
Снова и снова надо нам побеждать преграды,
Чтоб получить награды в Небесном граде!";"{title: Меч обоюдоострый}
{key: Am}
{capo: +5}


1.М[Am]еч обоюдоострый [F]– живое Божье [G]Слово!
[Am]Перед святым престолом   [F]стоять мы будем [G]скоро!
Пр[F]аздные помышленья, [Am]мыслей плотских сомненья,
Р[F]опот и несмирень[E]е – не для сп[Am]асенья!

2. Сердца гнилые корни сурово меч отрежет!
Они сгорят мгновенно во тьме, где плач и скрежет!
В Божьей любви простые! Верные и прямые!
Чистые, дорогие – Его святые!

3.Трудно быть ярким светом, 
Чтобы огнём креститься!
Каждый в своём смирении страданьем осолится!
Снова и снова надо нам побеждать преграды,
Чтоб получить награды в Небесном граде!";;;;
0281;281;Его любовь;Огненный ветер;Em;3;;4/4;;;V1 C V2;Огненный ветер (аккорды);;;;;"
1. Миллион свежих роз опьяняют весной,
Над сиренью горит луч золотой!
Город светлых надежд летит над землёй,
Не сложил своих крыльев он пред войной!

Пр. Я молюсь за тебя, город! Будешь ты исцелён скоро!
       Ты особо Христу дорог! Бог наполнит тебя любовью!

2. Пусть дома в этажах будут твёрдо стоять,
Их нельзя убивать! Их нельзя разрушать!
Пусть вода потечёт, людям жизнь принесёт!
Вспыхнет радугой вновь голубой небосвод!";"{title: Миллион свежих роз}
{key: Em}
{capo: +3}


1. Миллион свежих [Em]роз опьяняют весн[C]ой,
Над сиренью гор[Am]ит луч золот[H7]ой!
Город светлых надежд летит над землёй,
Не сложил своих крыльев он пред войной!

Пр. Я молюсь за теб[Am]я, г[D]ород! Будешь ты исцел[Am]ён [D]скоро!
       Ты особо Христ[Am]у д[D]орог! Бог наполнит т[Am]ебя люб[H7]овью!

2. Пусть дома в этажах будут твёрдо стоять,
Их нельзя убивать! Их нельзя разрушать!
Пусть вода потечёт, людям жизнь принесёт!
Вспыхнет радугой вновь голубой небосвод!";;;;
0282;282;Столько дорог;Огненный ветер;Am;3;;4/4;;;V1 C V2 V3;Огненный ветер (аккорды);;;;;"
1. Столько дорог предлагает судьба!
Столько дорог! Но нужна лишь одна…
Та, что любовью ведёт в Небеса! 
Эта дорога для сердца нужна!

Пр. Я не хочу быть слепым и глухим,
      Чтобы идти по дорогам своим!
       Словно овца, совратиться с пути!
       Бог Милосердный, ты мне помоги!
       Блудные дети Отца своего, 
       Всё потеряв, не нашли ничего…
       Им бы вернуться к Небесной любви…
       Им бы сказать перед Богом: «Прости!»..

2. Я выбираю дорогу Твою! 
Святостью Божьей с неё не сойду!
Только слепые не знают её! 
Счастье креста им познать не дано…

3. Столько дорог предлагает судьба! 
Выбери ту, что ведёт в Небеса!";"{title: Столько дорог}
{key: Am}
{capo: +3}


1. [Am]Столько дорог предл[Dm]агает судьб[E]а!
[Am]Столько дорог! Но н[Dm]ужна лишь одн[E]а…
[Am]Та, что любовью вед[Dm]ёт в Небес[E]а! 
[Am]Эта дорога для [Dm]сердца нужн[E]а!

Пр. [Am]Я не хочу быть слеп[Dm]ым и глух[E]им,
      [Am]Чтобы идти по д[Dm]орогам сво[E]им!
       [Am]Словно овца, соврат[Dm]иться с пут[E]и!
       [Am]Бог Милосердный, ты [Dm]мне пом[E]оги!
       Бл[Am]удные дети [Dm]Отца своег[E]о, 
       Вс[Am]ё потеряв, не н[Dm]ашли нич[E]его…
       [Am]Им бы вернуться к Н[Dm]ебесной любв[E]и…
       [Am]Им бы сказать перед [Dm]Богом: «Прост[E]и!»..

2. Я выбираю дорогу Твою! 
Святостью Божьей с неё не сойду!
Только слепые не знают её! 
Счастье креста им познать не дано…

3. Столько дорог предлагает судьба! 
Выбери ту, что ведёт в Небеса!";;;;
0283;283;Идут по тротуарам люди;Огненный ветер;Am;3;;4/4;;;V1 C V2 V3;Огненный ветер (аккорды);;;;;"
1.Мне б узнать, кто мне друг, а кто может быть враг?
Мне б узнать, с кем искать будем мы узких врат?
С кем пойдём до конца, до последней черты?
С кем взлетим, не боясь ледяной высоты?

Пр. О, Иисус! Только Ты! Только Ты! Только Ты
       Знаешь все мои страхи, надежды, мечты!
       Не предашь, не солжёшь, не убьёшь, не уйдёшь!
       О, Иисус! Только Ты! Только Ты! Только Ты!

2.Мне б узнать, будет кто на меня клеветать?
Мне б узнать, будет кто, как Тебя, распинать?
Кто возьмёт в руку камень и словом убить?
И кого мне, любя, надо будет простить?

3.Мне б узнать, кто мои будет руки держать?
Мне б узнать, кто меня может крепко обнять?
Кто спасёт и прольёт за меня свою кровь,
Кто утрёт мои слёзы, подарит любовь?

Пр. О, Иисус! Только Ты! Только Ты! Только Ты!
       Знаешь все мои страхи , надежды, мечты!
       Не предашь, не солжёшь, не убьёшь, не уйдёшь!
       О, Иисус! Это Ты! Это Ты! Это Ты!";"{title: Мне б узнать}
{key: Am}
{capo: +3}


1.Мне б узнать, [Am]кто мне друг, [Dm]а кто мож[E]ет быть враг?[Am]
Мне б узн[Am]ать, с кем иск[Dm]ать будем м[E]ы узких вр[Am]ат?
С кем п[Am]ойдём до конц[Dm]а, до посл[E]едней черт[Am]ы?
С кем взлет[F]им, не бо[Dm]ясь ледян[E]ой выс[Am]оты?

Пр. О, Иис[Am]ус! Только Ты! Только Ты! Только Т[Dm]ы
       Знаешь [G]все мои страхи, надежды, мечт[C]ы!
       Не пред[F]ашь, не солж[E]ёшь, не убьёшь, не уйд[Am]ёшь![F]
       О, Иис[Dm]ус! Только [E]Ты! Только Ты! Только [Am]Ты!

2.Мне б узнать, будет кто на меня клеветать?
Мне б узнать, будет кто, как Тебя, распинать?
Кто возьмёт в руку камень и словом убить?
И кого мне, любя, надо будет простить?

3.Мне б узнать, кто мои будет руки держать?
Мне б узнать, кто меня может крепко обнять?
Кто спасёт и прольёт за меня свою кровь,
Кто утрёт мои слёзы, подарит любовь?

Пр. О, Иисус! Только Ты! Только Ты! Только Ты!
       Знаешь все мои страхи , надежды, мечты!
       Не предашь, не солжёшь, не убьёшь, не уйдёшь!
       О, Иисус! Это Ты! Это Ты! Это Ты!";;;;
0284;284;Красной нитью связаны;Огненный ветер;Am;3;;4/4;;;V1 C V2;Огненный ветер (аккорды);;;;;"
1. Мне грустно петь о том, о чём хочу забыть.  

Кусочки льда слагаются в невидимую нить.

Ведь позади года, страницы стольких книг.

И вдруг они становятся незримой пылью вмиг…


Пр. Уходят, года уходят! Желтеют книги,

        Уж названий не видать…

        Уходят, они уходят! Те, кто любим был,

         С кем делили благодать! 

2. Как сон очередной, где красок больше нет!
Где сердце разрывается, где ищешь ты ответ…
Так разум ищет гвоздь, чтобы его забить
В забор, сплетённый из травы, и память пригвоздить…

3. Но только не даёт мне Бог закрыть глаза!
Он держит моё сердце вновь открытым навсегда…
Пусть время заберёт страницы прошлых книг,
Я буду видеть в каждом дне лишь Бога светлый лик…";"{title: Мне грустно петь о том}
{capo: +3}


1. Мне грустно петь о том, о чём хочу забыть.  

Кусочки льда слагаются в невидимую нить.

Ведь позади года, страницы стольких книг.

И вдруг они становятся незримой пылью вмиг…


Пр. Уходят, года уходят! Желтеют книги,

        Уж названий не видать…

        Уходят, они уходят! Те, кто любим был,

         С кем делили благодать! 

2. Как сон очередной, где красок больше нет!
Где сердце разрывается, где ищешь ты ответ…
Так разум ищет гвоздь, чтобы его забить
В забор, сплетённый из травы, и память пригвоздить…

3. Но только не даёт мне Бог закрыть глаза!
Он держит моё сердце вновь открытым навсегда…
Пусть время заберёт страницы прошлых книг,
Я буду видеть в каждом дне лишь Бога светлый лик…";;;;
0285;285;Водопады дождя;Огненный ветер;C;3;;4/4;;;V1 V2 V3 V4;Огненный ветер (аккорды);;;;;"
1. Водопады дождя льются прямо с Небес!
Они песню поют, что Спаситель воскрес!
Воскрес! Воскрес! Наш Спаситель воскрес!
Воскрес! Воскрес! Наш Спаситель воскрес!

2. Смертью грех победив,  Он пролил Свою кровь!
Благодатью креста подарил нам любовь!
Любовь! Любовь! Подарил нам любовь! 
Любовь! Любовь! Подарил нам любовь!

3. Все народы земли Ему честь воздают,
Вместе с поздним дождём Богу песню поют!
Поют! Поют! Богу песню поют! 
Поют! Поют! Богу песню поют!

4. Пусть ликует любовь на Его Небесах!
Пусть Невеста поёт: «Честь Тебе и хвала!
Хвала! Хвала! Честь Тебе и хвала!
Хвала! Хвала! Честь Тебе и хвала!»";"{title: Водопады дождя}
{key: C}
{capo: +3}


1. Водоп[C]ады дожд[F]я льются пр[G]ямо с Неб[C]ес!
Они [C]песню по[F]ют, что Спас[G]итель воскр[C]ес!
Воскр[C]ес! Воскр[F]ес! Наш Спас[G]итель воскр[C]ес!
Воскр[C]ес! Воскр[F]ес! Наш Спас[G]итель воскр[C]ес!

2. Смертью грех победив,  Он пролил Свою кровь!
Благодатью креста подарил нам любовь!
Любовь! Любовь! Подарил нам любовь! 
Любовь! Любовь! Подарил нам любовь!

3. Все народы земли Ему честь воздают,
Вместе с поздним дождём Богу песню поют!
Поют! Поют! Богу песню поют! 
Поют! Поют! Богу песню поют!

4. Пусть ликует любовь на Его Небесах!
Пусть Невеста поёт: «Честь Тебе и хвала!
Хвала! Хвала! Честь Тебе и хвала!
Хвала! Хвала! Честь Тебе и хвала!»";;;;
0286;286;Души омоются;Огненный ветер;Am;3;;4/4;;;V1 C V2;Огненный ветер (аккорды);;;;;"
1. Мне не нужен прогноз погоды! 
Не нужны мне новинки моды!
Мне не нужен звук мёртвых песен! 
Только в Боге я жив и весел! 

Да-да-да! Да-да-да… Только в Боге я жив и весел!
Да-да-да! Да-да-да… Только в Боге     я жив и весел!

2. Словно дождь, по щеке - слезинки, 
Пролагая на ней тропинки, 
Омывают от лжи и лести, 
Омывают от скучных песен!
Да-да-да! Да-да-да… Омывают от скучных песен!

3. Сердце хочет от жизни чуда! 
Значит, в Боге всегда я буду
Танцевать, ликовать, смеяться! 
Буду радостью наслаждаться!
Да-да-да! Да-да-да… Буду радостью наслаждаться!
";"{title: Мне не нужен прогноз погоды}
{key: Am}
{capo: +3}


1. Мне не [Am]нужен прогноз п[Dm]огоды! 
Не нужн[E]ы мне новинки [Am]моды!
Мне не [Dm]нужен звук мёртвых [G]песен! 
Только в [Dm]Боге я жив и [E]весел! 

Да-д[Dm]а-да! Да-д[Am]а-да… Только в [G]Боге я жив и [E]весел!
Да-д[Dm]а-да! Да-д[Am]а-да… Только в [G]Бог[E]е     я жив и [Am]весел!

2. Словно дождь, по щеке - слезинки, 
Пролагая на ней тропинки, 
Омывают от лжи и лести, 
Омывают от скучных песен!
Да-да-да! Да-да-да… Омывают от скучных песен!

3. Сердце хочет от жизни чуда! 
Значит, в Боге всегда я буду
Танцевать, ликовать, смеяться! 
Буду радостью наслаждаться!
Да-да-да! Да-да-да… Буду радостью наслаждаться!
";;;;
0287;287;Ты проснись!;Огненный ветер;Am;5;;4/4;;;V1 C V2 V3 V4 V5 C;Огненный ветер (аккорды);;;;;"1.Ты проснись! Ты вставай! Это последний бой!
Лишь на Бога уповай! Бог твой всегда с тобой! – 2р.

Пр. Армия! Армия! Армия Христа!
Армия! Армия! Армия Христа!

2. Руки ты подними и восхваляй Его!
Звуком труб воззови из сердца своего! – 2р.

3. Восклонись от земли взором на Небеса!
В водах рек освятись! Мазью помажь глаза! – 2р.

4. Не смотри на других, тех, кто уснул для тьмы!
Ты – солдат! Ты – пророк, избранный для войны! -2р.

5. Ты проснись! Ты вставай! Это последний бой!
Лишь на Бога уповай! Бог твой всегда с тобой! – 2р.

Пр. Пробудись! Поднимись! Армия Христа!
       Исцелись! Соберись! Армия Христа!
       Армия! Армия! Армия Христа! – 2р.";"
[Am]1.Ты проснись! Ты вста[F]вай! Это последний[Dm] бой![Em][Am]
[F]Лишь на Бога уповай![Dm] Бог твой в[Em]сегда с тобой! – 2р.[Am]

[Am]Пр. Армия![G] Армия! Арми[F]я Христ[G]а![Am]
[F]Армия! Арми[Dm]я! Армия Х[Em]риста![Am]

2. Руки ты подними и восхваляй Его!
Звуком труб воззови из сердца своего! – 2р.

3. Восклонись от земли взором на Небеса!
В водах рек освятись! Мазью помажь глаза! – 2р.

4. Не смотри на других, тех, кто уснул для тьмы!
Ты – солдат! Ты – пророк, избранный для войны! -2р.

5. Ты проснись! Ты вставай! Это последний бой!
Лишь на Бога уповай! Бог твой всегда с тобой! – 2р.

Пр. Пробудись! Поднимись! Армия Христа!
       Исцелись! Соберись! Армия Христа!
       Армия! Армия! Армия Христа! – 2р.";;;;
0288;288;Иерусалим;Огненный ветер;Am;3;;4/4;;;V1 C V2 V3;Огненный ветер (аккорды);;;;;"
1. Мне Тобой служить доверено! 
Мне Тобой любить подарено!
Не уйти теперь, не спрятаться никуда в вечности!
Незаслуженно, негаданно,     неожиданно наградами
Излилась судьба счастливая песнею новою!

Пр. Мне любовь открыл сокровищем:
       Жемчугов дороже, золота!
       Драгоценный мой и Нежный мой, 
       Бог Святой, Истинный!
       Мне любовь открыл сокровищем: 
       Жемчугов дороже, золота!
       Драгоценный мой, Единственный! 
       Бог Святой, Истинный!

2. За горой скрывалось радостью 
Счастье доброе и светлое!
Отодвинуть было нужно мне горы все верою!
По воде пойти, - не посуху! У креста найти пристанище!
Это больше всех чудес Твоих: Мы с Тобой встретились!
";"{title: Мне Тобой служить доверено}
{key: Am}
{capo: +3}


[Am]1. Мне Тобой служить дов[Dm]ерено! [E]
Мне Тобой любить под[Am]арено!
Не уйти теперь, не [Dm]спрятаться н[E]икуда в в[Am]ечности![A7]
Незаслуженно, нег[Dm]аданн[G]о,     неожиданно нагр[C]адами[F]
Излилась судьба счастл[Dm]ивая п[E]еснею нов[Am]ою![A7]

Пр. Мне любовь открыл с[Dm]окровищем:[G]
       Жемчугов дороже, [C]золота![F]
       Драгоценный мой и [Dm]Нежный мой, 
       Б[E]ог Святой, [Am]Истинный!
       Мне любовь открыл сокровищем: 
       Жемчугов дороже, золота!
       Драгоценный мой, Единственный! 
       Бог Святой, Истинный!

2. За горой скрывалось радостью 
Счастье доброе и светлое!
Отодвинуть было нужно мне горы все верою!
По воде пойти, - не посуху! У креста найти пристанище!
Это больше всех чудес Твоих: Мы с Тобой встретились!
";;;;
0289;289;За облаками музыка живёт;Огненный ветер;Am;3;;4/4;;;V1 C V2 C V3 C;Огненный ветер (аккорды);;;;;"
1. Можно много иметь, можно много хотеть, 
Но без Божьей любви ничего не успеть! Не успеть! Не успеть!
Можно много мечтать, можно в небе летать!
Но без Божьей любви ничего не понять! Не понять! Не понять!

Пр. Любовь нашла меня! Любовь стучит во мне
        Сердечным ритмом слов, Любовь Твоя!
        Бессмысленных шагов не нужен больше бег,
        В любви Твоей большой я буду жить вовек! 

2. Можно всех обогнать, можно верить и знать, 
Но без Божьей любви невозможно дышать! Дышать! 
Можно радость иметь, можно песни пропеть, 
Но без Божьей любви невозможно гореть! Гореть! 

3. Можно зло отвергать, можно всем помогать, 
Но без Божьей любви можно всё потерять! Потерять!
Можно долго играть, о судьбе рассуждать,
Но без Божьей любви будешь ты исчезать! Исчезать! 

";"{title: Можно много иметь}
{key: Am}
{capo: +3}


1. Можно много им[Am]еть, можно много хот[G]еть, 
Но без Божьей любв[F]и ничего не усп[E]еть! Не усп[Dm-F]еть! Не усп[E]еть!
Можно много мечт[Am]ать, можно в небе лет[G]ать!
Но без Божьей любв[F]и ничего не пон[E]ять! Не пон[Dm-F]ять! Не пон[E]ять!

Пр. Люб[Am]овь нашла меня! Люб[G]овь стучит во мне
        Серд[F]ечным ритмом слов, Люб[E]овь Твоя!
        Бессм[Am]ысленных шагов не н[G]ужен больше бег,
        В любв[F]и Твоей большой я [E]буду жить вовек! 

2. Можно всех обогнать, можно верить и знать, 
Но без Божьей любви невозможно дышать! Дышать! 
Можно радость иметь, можно песни пропеть, 
Но без Божьей любви невозможно гореть! Гореть! 

3. Можно зло отвергать, можно всем помогать, 
Но без Божьей любви можно всё потерять! Потерять!
Можно долго играть, о судьбе рассуждать,
Но без Божьей любви будешь ты исчезать! Исчезать! 

";;;;
0290;290;Красные маки…Путь в Кармиэль!;Огненный ветер;Em;2;;4/4;;;V1 C V2;Огненный ветер (аккорды);;;;;"
Мой Бог, Ты излей на всякую плоть
Свой Дух Святой! Свой Дух Святой!-2 р.
Пусть Твои дары на Церковь изольются
Мощным дождём, сильным дождём!
И больные исцелятся и придёт огонь,
Славный огонь, чудный огонь!

Прославь Его!-3р. Вся земля, славь Его!-2 р.
Слава, слава, слава Отцу!
Слава, слава, слава Христу!
Слава, слава, слава вовек!
Это грядёт Иисус!";"{title: Мой Бог, Ты излей}
{key: Em}
{capo: +2}


Мой Б[Em]ог, Ты излей на вс[D]якую плоть
Св[H7]ой Дух Святой! Свой Дух Святой!-2 р.
П[Em]усть Твои дары на Церковь [D]изольются
М[H7]ощным дождём, сильным дождём!
[Em]И больные исцелятся [D]и придёт огонь,
Сл[H7]авный огонь, чудный огонь!

Просл[Em]авь [D]Ег[C]о!-3р. Вся з[D]емля, славь [Em]Его!-2 р.
Сл[Em]ава, слава, слава Отц[D]у!
Слава, слава, слава Христ[Em]у!
Сл[Em]ава, слава, слава вов[D]ек!
Это грядёт И[Em]исус!";;;;
0291;291;Не опускай!;Огненный ветер;Am;3;;4/4;;;V1 C V2 V3;Огненный ветер (аккорды);;;;;"1.Не опускай!     Не опускай!
Рук своих никогда не опускай!
Не отпускай!      Не отпускай!
Память солнечных дней не отпускай!

Пр. Радость прогонит печаль! Твёрже становится сталь
       Веры твоей в череде испытаний!
       Слёзы и боль, как цена, Богом назначена,
       Чтобы любовь победила в страданиях!

2. Не обжигай! Не обжигай!
Тех, кто любит тебя, не обжигай!
Не забывай! Не забывай!
Слов признаний своих не забывай!

3. Не умолкай! Не умолкай!
О любви говори! Не умолкай!
Не умирай! Не умирай! Лучше вечно живи! Не умирай!

Не обжигай! Не забывай! Не умолкай! Не умирай!";"
[Am]1.Не[G] опускай!     Не [F]опускай[Am]!
[Dm]Рук своих ник[F]огда не опускай[Am]!
[Am]Не о[G]тпускай!      Не от[F]пускай![Am]
[Dm]Память солнечных дн[F]ей не отпускай![Am]

[Am]Пр. Радость[Dm] прогонит печаль! Твёрже[Am] становится[Dm] сталь
[F]       Веры тв[Dm]оей в чере[E]де испытаний!
[Am]       Слёзы и[Dm] боль, как цена, Бог[Am]ом [Dm]назначена,
[F]       Чтобы л[Dm]юбовь победила в [E]страданиях!

2. Не обжигай! Не обжигай!
Тех, кто любит тебя, не обжигай!
Не забывай! Не забывай!
Слов признаний своих не забывай!

3. Не умолкай! Не умолкай!
О любви говори! Не умолкай!
Не умирай! Не умирай! Лучше вечно живи! Не умирай!

Не обжигай! Не забывай! Не умолкай! Не умирай!";;;;
0292;292;Глина и вода;Огненный ветер;Am;3;;4/4;;;V1 C V2;Огненный ветер (аккорды);;;;;"Мой Господь! Твоё имя как мёд на устах!
Ты пришёл и любовью разрушил мой страх!
Ты принёс мне дыхание ветра и свет,
Подарил в Небеса мне счастливый билет!

Пр. Не хочу! Не хочу вспоминать ни о чём!
       Я пойду за Тобою и ночью и днём!
       Лишь туда, куда Ты за Собой позовёшь!
       Где огнём моё мёртвое сердце зажжёшь!

2. Столько слов в голове,  словно птицы кружат!
Столько снов каждый раз меня манят назад!
Отпускать не хотят, и взлететь не дают,
Только им не вернуть больше душу мою!

3.Лишь Тебя сердцем всем я желаю любить!
Лишь Тебе свою душу желаю открыть!
Только Ты можешь снова меня воскресить,
Чтоб любить, чтобы верить, надеяться, жить!";"
[Am]Мой Господь! Твоё имя как мёд на устах![Dm]
[E]Ты пришёл и любовью разрушил мой страх![Am][G]
[C]Ты принёс мне дыхание ветра и свет,[G]
[Dm]Подарил в Небес[F]а мне счастливый билет![E]

[Am]Пр. Не хочу! Н[E]е хочу вспоминать ни о чём![Am]
[E]       Я пойду за Тобою и[Am] ночью и днём!
[Dm]       Лишь туда, куда Ты за Собой позовёшь!
[F]       Где огнём моё мёртвое серд[E]це зажжёшь!

2. Столько слов в голове,  словно птицы кружат!
Столько снов каждый раз меня манят назад!
Отпускать не хотят, и взлететь не дают,
Только им не вернуть больше душу мою!

3.Лишь Тебя сердцем всем я желаю любить!
Лишь Тебе свою душу желаю открыть!
Только Ты можешь снова меня воскресить,
Чтоб любить, чтобы верить, надеяться, жить!";;;;
0293;293;Ой, горит в ночи костёр;Огненный ветер;Am;3;;4/4;;;V1 C V2 V3;Огненный ветер (аккорды);;;;;"1. Ой, горит в ночи костёр, пламя Божьего огня!
Согревает в холода и тебя, и меня!

Пр. Ой, гори, мой костёр! Ой, до Неба долетай!
       Ой, гори, мой костёр! Всех любовью согревай!

2. Пусть достигнет огонёк сердца каждого в любви!
Пусть поможет поскорей друга Богу обрести!

3. Ой, да пусть поёт душа, восхваляя Небеса!
Ангел песню разнесёт, принося огонь в сердца!";"
[Am]1. Ой, [G]горит в ночи[F] костёр, п[E]ламя Б[Am]ожьего [G]огня![F][Am]
[Am]Согрев[G]ает в холо[F]да и [E]те[Am]бя,[G] и м[F]еня![Am]

[Am]Пр. Ой,[G] гори,[F] мой костё[E]р! Ой,[Am] до Неба [G]долетай![F][Am]
[Am]       [G]Ой, го[F]ри, мой кос[E]тёр! Вс[Am]ех любовь[G]ю согревай[F]![Am]

2. Пусть достигнет огонёк сердца каждого в любви!
Пусть поможет поскорей друга Богу обрести!

3. Ой, да пусть поёт душа, восхваляя Небеса!
Ангел песню разнесёт, принося огонь в сердца!
";;;;
0294;294;О, Великий Бог!;Огненный ветер;Am;3;;4/4;;;V1 C V2;Огненный ветер (аккорды);;;;;"
1.О, Великий Бог! Мы поклоняемся Тебе!
О, Великий Бог! Твой трон на Небе и земле!
Мы у Твоих ног нашли прощение и покой!
Крест Твоей любви связал навеки нас с Тобой!

Пр. О, Иисус! Бог мой! О, Иисус!     Мы с Тобой
       Через Твою кровь любви 
       В царственный Завет вошли!

2. О, Великий Бог! Прими меня как своего!
Кроме слов любви мне знать не надо ничего!
Я Тебя искал всю свою жизнь здесь, на земле!
Я Тебя не знал! Но Ты в любви открылся мне!";"{title: О, Великий Бог!}
{key: Am}
{capo: +3}


[Am]1.О, Великий Бог! Мы покл[Dm]оняемся Т[E]ебе!
[Am]О, Великий Бог! Твой трон на [Dm]Небе и земл[E]е!
[Am]Мы у Твоих ног нашли пр[Dm]ощение и пок[G]ой!
Кр[C]ест Твоей любв[F]и связал н[Dm]авеки нас с Тоб[E]ой!

Пр. О, И[Am]исус! Бог м[G]ой! О, Иис[F]ус!     [G]Мы с Т[C]обой
       Ч[F]ерез Твою кровь любв[Dm]и 
       В ц[E]арственный Завет в[Am]ошли!

2. О, Великий Бог! Прими меня как своего!
Кроме слов любви мне знать не надо ничего!
Я Тебя искал всю свою жизнь здесь, на земле!
Я Тебя не знал! Но Ты в любви открылся мне!";;;;
0295;295;Спи, малыш!;Огненный ветер;Am;3;;4/4;;;V1 V2 V3 V4 V5 V6;Огненный ветер (аккорды);;;;;"1. Спи, малыш! Скорей усни! Пусть приснятся тебе сны!
Сны цветные из моей любви!

2. Спи, мой маленький! Усни! Бог с тобою во все дни
Тебя миром будет нежно охранять!

3. Пусть к тебе придёт во сне, в твоей маленькой стране
Ангел белый, как пушистый снег!

4. Скоро будут у тебя в жизни разные друзья!
Пусть и их любовью Бог  благословит!

5. Будем вместе мы служить! Будем всех людей любить!
Будем светлою дорогою идти!

6. Спи, малыш мой дорогой! Буду рядом я с тобой!
Будет песня приносить тебе покой!";"
[Am]1. Спи, малыш![E] Скоре[Am]й усни! Пусть приснятся[Dm] тебе сн[E]ы![Am]
[Dm]Сны цветные из[E] моей люб[Am]ви!

2. Спи, мой маленький! Усни! Бог с тобою во все дни
Тебя миром будет нежно охранять!

3. Пусть к тебе придёт во сне, в твоей маленькой стране
Ангел белый, как пушистый снег!

4. Скоро будут у тебя в жизни разные друзья!
Пусть и их любовью Бог  благословит!

5. Будем вместе мы служить! Будем всех людей любить!
Будем светлою дорогою идти!

6. Спи, малыш мой дорогой! Буду рядом я с тобой!
Будет песня приносить тебе покой!";;;;
0296;296;Ты – спросил;Огненный ветер;Am;3;;4/4;;;V1 C V2;Огненный ветер (аккорды);;;;;"1.Ты – спросил! Я – сказал! И пришёл, и принёс,
Всесожжение вознёс для Тебя!
Возлюбил я Твой Храм, где хочу всей душой
Славить Господа новой хвалой!

Пр. Я просить не хочу ни о чём! Ни о чём! Ни о чём!
       Ни богатства и ни серебра не хочу!
       В сердце разума дай Своего знать добро, а не зло!
       Я твой раб! И среди темноты есть Ты! Есть Ты!

2. Жив Господь - Бог богов! Жив Господь – Царь царей!
Слово твёрдо Его как гранит!
Он избавил меня от греха и беды!
Своим Духом от смерти хранит!";"
[Am]1.Ты – спросил! [Dm]Я – сказал! И пр[E]ишёл, и принёс[Am],
[F]Всесожжение [Dm]вознёс [E]для Т[Am]ебя!
[Am]Возлюбил я Твой Х[Dm]рам, где хочу все[E]й душой[Am]
[F]Славить Гос[DmE]пода новой х[Am]валой!

[Am]Пр. Я просить не хочу ни о чём! Ни о чём! Н[Dm]и о чём![E]
[Am]       Ни богатства и ни серебра не хочу![E]
[Am]       В сердце разума дай Своего знать до[Dm]бро, а не зло![E]
[Am]       Я твой раб! И среди темноты есть Ты[Dm]! Есть Ты![E]

2. Жив Господь - Бог богов! Жив Господь – Царь царей!
Слово твёрдо Его как гранит!
Он избавил меня от греха и беды!
Своим Духом от смерти хранит!";;;;
0297;297;Грехам обучен мир;Огненный ветер;Am;3;;4/4;;;V1 C V2;Огненный ветер (аккорды);;;;;"
1. Мудростью дом устрояет Господь!
Верность приносит в него и любовь!
Хочется всё это нарисовать – красками всеми небо обнять!

Пр. Кистью рисую на полотне город небесный на облаках…
       Светлые песни, дождь золотой, 
       Вечность рисую в Божьих руках!

2. Новое сердце славой стучит, переполняясь, звоном звенит!
Хочется песни Богу слагать, громко смеяться и танцевать…

3. Пишется книга на высоте! Слово благое хранится во мне! 
Строится дом из камней золотых: 
судеб спасённых, сокровищ живых! 

Бр. А-а-а, а-а-а
";"{title: Мудростью дом устрояет Господь}
{key: Am}
{capo: +3}


1. М[Am]удростью дом устрояет Господь!
В[G]ерность приносит в него и любовь!
Х[F]очется всё это нарисовать – кр[E]асками всеми небо обнять!

Пр. К[Am]истью рисую на полотне г[G]ород небесный на облаках…
       Св[F]етлые песни, дождь золотой, 
       В[E]ечность рисую в Божьих руках!

2. Новое сердце славой стучит, переполняясь, звоном звенит!
Хочется песни Богу слагать, громко смеяться и танцевать…

3. Пишется книга на высоте! Слово благое хранится во мне! 
Строится дом из камней золотых: 
судеб спасённых, сокровищ живых! 

Бр. [Am]А-а-[G]а, [F]а-а-[E]а
";;;;
0298;298;Не хотят летать лебеди;Огненный ветер;Am;3;;4/4;;;V1 C V2 V3;Огненный ветер (аккорды);;;;;"1.Не хотят летать лебеди; выбрали себе озеро…
Оставаться б им белыми, только стали вдруг – чёрными!
Позабыли быть птицами, и любить по-лебединому…
Камыши себе выбрали, в темноте ночной сгинули!

Пр. Где же вы,     птицы белые?          Белоснежные лебеди?
       Что с собой      вы наделали?   Для себя    что вы выбрали?

2. Дни, года идут медленно! В монотонности прячутся!
На календаре месяцы друг от друга удаляются!
Небеса остались прежними и призвания непреложными,
Только потерялись лебеди, крылья их для Неба сложены!

3. Слышно, как гремит грозами тьма грядущая, смертная!
Поднимайтесь ввысь, лебеди! Поднимайтесь ввысь с песнею!
Лучше вам летать с битвами!
Стать от крови лучше красными!
Вспомните любовь верную! К Небесам любовь светлую!";"
[Am]1.Не хотят летать лебеди;[Dm] выбрали се[E]бе озеро…[Am]
[F]Оставаться б им белыми, тол[Dm]ько стали вд[E]руг – чёрными![Am]
[A7]Позабыли быть птицами, и [Dm]любить по-л[G]ебединому…[C]
[F]Камыши себе выбрали, [Dm]в темноте ночной[E] сгинули![Am]

[Dm]Пр. Где же вы[G],     птицы бел[C]ые?       [F]  [Dm] Белоснежные ле[E]беди?[Am]
[Dm]       Что с собо[G]й      вы над[C]елали?   [F]Для се[Dm]бя    чт[E]о вы выбрали?[Am]

2. Дни, года идут медленно! В монотонности прячутся!
На календаре месяцы друг от друга удаляются!
Небеса остались прежними и призвания непреложными,
Только потерялись лебеди, крылья их для Неба сложены!

3. Слышно, как гремит грозами тьма грядущая, смертная!
Поднимайтесь ввысь, лебеди! Поднимайтесь ввысь с песнею!
Лучше вам летать с битвами!
Стать от крови лучше красными!
Вспомните любовь верную! К Небесам любовь светлую!";;;;
0299;299;Слово Бога;Огненный ветер;Am;5;;4/4;;;V1 C V2 V3;Огненный ветер (аккорды);;;;;"
1.Слово Бога  - власть и сила перелётов на вершины
Гор высоких, белоснежных, 
В обрамлении крыл небесных!  

Пр. Ты!    Только Ты   –  мой Господь    и скала-а-а-а!
       Ты!    Только Ты      в Небеса       взял меня-а-а-а!

2. Слава Бога – свет для  сердца открывается Небесным
Проявленьем, обещаньем, исцелением страданий!

3. Слово Бога – меч и сила! С Богом мы непобедимы!
Только вместе, будем всюду 
Наша жизнь подобна чуду! ";"{title: Слово Бога}
{key: Am}
{capo: +5}


1.Сл[Am]ово Бога  - влас[C]ть и сила перел[F]ётов на в[E]ершины
[Am]Гор высоких, б[C]елоснежных, 
В [F]обрамлении кр[E]ыл небесных!  

Пр. [Am]Ты!    [F]Только [Dm]Ты   [E]–  мой Г[Am]осподь    [F]и ск[Dm]ала-а-а-[E]а!
       [Am]Ты!    [F]Только [Dm]Ты      [E]в Небес[Am]а       [F]взял м[Dm]еня-а-а-[E]а!

2. Слава Бога – свет для  сердца открывается Небесным
Проявленьем, обещаньем, исцелением страданий!

3. Слово Бога – меч и сила! С Богом мы непобедимы!
Только вместе, будем всюду 
Наша жизнь подобна чуду! ";;;;
0300;300;С миром хочу проститься;Огненный ветер;Am;5;;4/4;;;V1 C V2;Огненный ветер (аккорды);;;;;"1.C миром хочу проститься, с Небом соединиться,
Чтобы облечься свыше     даром Твоей любви!
Это совсем несложно, - всё позабыть, что ложно!
И разорвать все цепи     бывшей златой тюрьмы!

Пр. Освободись!     И сбрось раба одежды!
       Освободись!      Себе я говорю!
       Любви хочу     и обрести надежду     я так хочу!
       Я так хочу!

2.Мне бы смириться раньше под Твою руку силы!
Крепкую руку Божью милости для меня!
С Неба пришло спасение, сердце освободило!
В свете Твоей свободы я познаю Тебя!";"
[Am]1.C ми[Dm]ром хочу про[E]ститься, с [Am]Небом соеди[Dm]ниться,[E][Am]
[Dm]Чтобы обле[G]чься свыше  [C]   даром[F] Т[Dm]воей любви![F][E]
[Dm]Это совсем[E] несложно,[Am] - всё поза[Dm]быть, что ло[E]жно![Am]
[Dm]И разорвать[G] все цепи   [C]  бывше[F]й [Dm]златой тюрьмы![F][E]

[Dm]Пр. Освободись[E]!     И сбрось раба одежды![Am]
[Dm]       Освободи[F]сь!      Себе [Dm]я гов[E]орю!
[Dm]       Любв[E]и хочу     и обрести наде[Am]жду    [F] я та[Dm]к хочу!
[E]       Я так хочу!

2.Мне бы смириться раньше под Твою руку силы!
Крепкую руку Божью милости для меня!
С Неба пришло спасение, сердце освободило!
В свете Твоей свободы я познаю Тебя!";;;;
0301;301;Я не знаю, что сказать Тебе;Огненный ветер;Am;1;;4/4;;;V1 C V2 V3 C;Огненный ветер (аккорды);;;;;"1. Я не знаю, что сказать Тебе
О прожжённой жизнью злой судьбе.
Я не знаю, но Ты знаешь Сам,
Что в долине смерти вечен мрак!

Пр. Эта жизнь,    что тюрьма, правит в ней    сатана!
       На коленях,     как раб, я иду в страшный ад!

2. Ты приходишь каждый день во сне,
Белый Ангел, и приносишь мне
От Голгофы деревянный крест!
Хочет видно Бог, чтоб я воскрес!

3. О, Господь Иисус! Ты сильный Бог!
Как хочу я, чтобы крест помог
Отвернуться от проклятых стен
И к Тебе прижаться сердцем всем!

Пр. Я начну всё с нуля! Не оставь, Бог, меня!
       Твоя смерть на кресте показала путь во тьме!";"
[Am]1. Я не знаю, что сказать Теб[Dm]е
[E]О прожжённой жизнью злой судьбе.[Am]
[Dm]Я не знаю, но Ты зна[F]ешь Сам,[E]
[F]Что в долине смерти вечен мрак![E]

[Dm]Пр. Эт[F]а жизнь,    что тюрь[E]ма, правит в ней  [Dm]  с[F]атана![E]
[Dm]       [F]На коленях,[E]     как ра[F]б, я иду в страшный ад![E]

2. Ты приходишь каждый день во сне,
Белый Ангел, и приносишь мне
От Голгофы деревянный крест!
Хочет видно Бог, чтоб я воскрес!

3. О, Господь Иисус! Ты сильный Бог!
Как хочу я, чтобы крест помог
Отвернуться от проклятых стен
И к Тебе прижаться сердцем всем!

Пр. Я начну всё с нуля! Не оставь, Бог, меня!
       Твоя смерть на кресте показала путь во тьме!
";;;;
0302;302;То ли счастье;Огненный ветер;Em;2;;4/4;;;V1 C V2 C V3 C;Огненный ветер (аккорды);;;;;"1. То ли  счастье, то ли радость мне укажет вектор к Богу!
Я иду, но холод мра------ка      преграждает мне доро--гу…

Пр. Разве может так случиться, что цветы цвести уста--ли?
       Разве может обратиться сердце к тем, кто в смерть упали?
       Разве может остановка стать судьбой никчемной жизни?
       Переходы, перелёты людям мёртвым ненавистны!

2. Я иду средь боли мрака, я иду навстречу буре!
Ну и что, что всё в заплатах… Ну и что, что все уснули

Пр. Чувства в сердце осязанья искренней любви и дружбы…
       Я иду вперёд и знаю – Бог Любви мне очень нужен!
       Я не буду обращаться за советом к плоти с кровью!
       Лучше к Небу прикасаться в исцелении любовью!

3. Разве цель моя пропала без ответа и надежды?
Нет! Она яснее стала без обманчивой одежды!

Пр. Берег левый, берег правый мне совсем уже не нужен!
       Мне нужна река без мели, мне её движенье нужно!
       К Небу огненной пустыней не могу не прикоснуться!
       Это - больно! Но любовью буду жить! И это чудно!";"
[Em]1. То ли  счастье, т[Am]о л[H7]и радость мне у[Em]кажет вектор к Богу![Am][H7]
[Em]Я иду, но холод мра--[Am]----[H7]ка [Em]   [C]  преграждает мн[Am]е доро--гу…[H7][Em][H7]

[Em]Пр.[Am] Разве может т[Em]ак [Am]случиться, что [C]цветы цвести уста[Am]--л[H7]и?
[Em]   [Am]    Разве[Em] мо[Am]жет обратиться сер[C]дце к тем, кто в смерть упали[H7]?[Em][H7]
[Em]   [Am]    Разве[Em] мо[Am]жет остановка стат[C]ь судьбой никчемной жизни?[Am][H7]
[Em]   [Am]    Пере[Em]ход[Am]ы, перелёты[C] людям мёртвым ненавис[H7]тны[Em]![H7]

2. Я иду средь боли мрака, я иду навстречу буре!
Ну и что, что всё в заплатах… Ну и что, что все уснули

Пр. Чувства в сердце осязанья искренней любви и дружбы…
       Я иду вперёд и знаю – Бог Любви мне очень нужен!
       Я не буду обращаться за советом к плоти с кровью!
       Лучше к Небу прикасаться в исцелении любовью!

3. Разве цель моя пропала без ответа и надежды?
Нет! Она яснее стала без обманчивой одежды!

Пр. Берег левый, берег правый мне совсем уже не нужен!
       Мне нужна река без мели, мне её движенье нужно!
       К Небу огненной пустыней не могу не прикоснуться!
       Это - больно! Но любовью буду жить! И это чудно!";;;;
0303;303;Зажигай свой свет;Огненный ветер;Am;4;;4/4;;;V1 C V2 V3;Огненный ветер (аккорды);;;;;"
1.Мы не можем летать     без подаренных крыл!
Как желаем мы знать,      чтоб нас кто-то любил…
Как желаем мы быть     чьим-то даром судьбы!
Как желаем мы жить       по законам любви!

Пр. Я прощаю тебя! Я прощаю, любя!
      Чтоб свободным ты стал!      Чтобы в небе летал!
      Я прощаю тебя, отпуская тебя! 
      Словно душу свою в Небо я отдаю!

2. Пусть любовь обретёт в сердце новую жизнь!
Бог печали утрёт с наших мокрых ресниц!
Если можно принять и услышать «Прости!»,
Значит можно летать! Значит можно любить!
";"{title: Мы не можем летать}
{key: Am}
{capo: +4}


[Am]1.Мы не можем л[Dm]етать     [E]без подаренных [Am]крыл!
Как желаем мы [Dm]знать, [E]     чтоб нас кто-то л[Am]юбил…[G]
Как желаем мы б[F]ыт[E]ь     чьим-то даром с[Am]удьбы![F]
Как желаем мы [Dm]жить [E]      по законам л[Am]юбви!

Пр. Я проща[Am]ю тебя! Я прощаю, [C]любя!
      Чтоб свободным ты [Dm]стал[Em]!      Чтобы в небе [Am]летал!
      Я прощаю тебя, отпуская тебя! 
      Словно душу свою в Небо я отдаю!

2. Пусть любовь обретёт в сердце новую жизнь!
Бог печали утрёт с наших мокрых ресниц!
Если можно принять и услышать «Прости!»,
Значит можно летать! Значит можно любить!
";;;;
0304;304;Гряди скорей!;Огненный ветер;Am;3;;4/4;;;V1 C;Огненный ветер (аккорды);;;;;"

1. Мы – Огненный ветер! И мы на связи!

Мы не боимся ни бури, ни грязи!

Чтоб жизнь принять, выходи на связь,

Поможем тебе мы в грязь не упасть!

Не в ту, что лепится под сапогами войны дилетантов… 

Нет! Те, кто с нами,-

Огнём горит, зажигая сердца! Ты с ними иди! Иди до конца!


Пр. Грязь живёт, как подлая тварь, в гордых умах. Она – их царь!

       Мерзкое хамство в её устах, грех поселился в таких сердцах!

       Нам дано познать небеса! Святость их - Божья роса!

       Голос наш как тонкая нить, может с тобой их соединить!

3. Мы Ангелов Духа Святого Бога слышим и знаем: ведёт дорога
В чистое царство, царство любви, где всё очищено силой крови
Божьего Сына Иисуса Христа! Он сердце врачует, врачует уста!
Жить надо духом и быть на связи, 
чтоб не бояться дьявольской грязи!
";"{title: Мы – Огненный ветер}
{capo: +3}



1. Мы – Огненный ветер! И мы на связи!

Мы не боимся ни бури, ни грязи!

Чтоб жизнь принять, выходи на связь,

Поможем тебе мы в грязь не упасть!

Не в ту, что лепится под сапогами войны дилетантов… 

Нет! Те, кто с нами,-

Огнём горит, зажигая сердца! Ты с ними иди! Иди до конца!


Пр. Грязь живёт, как подлая тварь, в гордых умах. Она – их царь!

       Мерзкое хамство в её устах, грех поселился в таких сердцах!

       Нам дано познать небеса! Святость их - Божья роса!

       Голос наш как тонкая нить, может с тобой их соединить!

3. Мы Ангелов Духа Святого Бога слышим и знаем: ведёт дорога
В чистое царство, царство любви, где всё очищено силой крови
Божьего Сына Иисуса Христа! Он сердце врачует, врачует уста!
Жить надо духом и быть на связи, 
чтоб не бояться дьявольской грязи!
";;;;
0305;305;Соли Део Глория;Огненный ветер;Em;2;;4/4;;;V1 C V2;Огненный ветер (аккорды);;;;;"
1. Соли део Глория! Соли део Глория!
Мой Господь всегда со мной! Аминь!
Соли део Глория! Соли део Глория!
Слава только лишь Тебе, мой Господин!

Пр. На земле, в Небесах пусть всегда звучит хвала
       Богу лишь одному! Соли део Глория!

2. Прославляю всей душой! Дух Святой всегда со мной,
Чтобы славу воздавать лишь Тебе!
Сердце видит Небеса! Пусть к Тебе летит хвала!
В сердце храма мой Господь открылся мне!";"{title: Соли Део Глория}
{key: Em}
{capo: +2}


1. Соли [Em]део [Am]Глори[H7]я! Соли [Em]део [Am]Глори[H7]я!
Мой Госп[Am]одь всегда со мн[H7]ой! Аминь!
Соли [Em]део [Am]Глори[H7]я! Соли [Em]део [Am]Глори[H7]я!
Слава [Am]только лишь Теб[H7]е, мой Господ[Em]ин![H7]

Пр. На з[Em]емле, в Неб[C]есах пусть вс[Am]егда звучит хв[H7]ала
       Богу [Em]лишь одн[C]ому! Соли [Am]део [H7]Глори[Em]я!

2. Прославляю всей душой! Дух Святой всегда со мной,
Чтобы славу воздавать лишь Тебе!
Сердце видит Небеса! Пусть к Тебе летит хвала!
В сердце храма мой Господь открылся мне!";;;;
0306;306;Опустевшие сердца;Огненный ветер;Am;3;;4/4;;;V1 C V2 V3;Огненный ветер (аккорды);;;;;"
1.Опустевшие сердца, как сироты без Отца!
Очерствела в них Твоя любовь!
Ну а тот, кто мёртвым был, - сердце грешное омыл, 
Улетает с нами в Небеса!

Пр. Мы улетаем     в Небеса!     Мы улетаем     навсегда!
       Там ждёт любовь нас      и покой! 
       Земля, прощаюсь я с тобой!

2. Грех, что правил на земле, в этой проклятой стране,
Навсегда остался на кресте!
Он пытался нас убить, чтобы нам без Неба жить!
Но не смог проклясть он Небеса!

3. Иисус – Спаситель наш! В смерть вошёл и ради нас
Пролил кровь Свою и отдал плоть!
Царства  Неба ключ вручил и врата Свои открыл!
Подарил навеки Небеса!";"{title: Опустевшие сердца}
{key: Am}
{capo: +3}


1.Опуст[Am]евшие сердца, как сир[F]оты без Отца!
[Dm]Очерствела в них Твоя люб[E]овь!
Ну а [Am]тот, кто мёртвым был, - сердце гр[F]ешное омыл, 
[Dm]Улетает с нами в Небес[E]а!

Пр. Мы улет[Dm]аем     [E]в Неб[Am]еса!     [F]Мы улет[Dm]аем     [E]навс[Am]егда!
       Там ждёт люб[Dm]овь нас      [G]и пок[C]ой! [F]
       Земля, прощ[Dm]аюсь я с тоб[E]ой!

2. Грех, что правил на земле, в этой проклятой стране,
Навсегда остался на кресте!
Он пытался нас убить, чтобы нам без Неба жить!
Но не смог проклясть он Небеса!

3. Иисус – Спаситель наш! В смерть вошёл и ради нас
Пролил кровь Свою и отдал плоть!
Царства  Неба ключ вручил и врата Свои открыл!
Подарил навеки Небеса!";;;;
0307;307;Жизнь дана только раз!;Огненный ветер;Am;2;;4/4;;;V1 C V2 V3;Огненный ветер (аккорды);;;;;"
1. Мы с тобой, как закат и рассвет, - пьедестал одного горизонта!
Так сражаются, страх одолев, два солдата на линии фронта!
Так сражаются, страх одолев, два солдата на линии фронта!
Мы  с тобою – дорога одна, где не делим свои километры!
Отражаясь в любых зеркалах, видим мы из улыбок портреты.

Пр. Песня наша – как небосвод! 
       Слово Бога – всполохи молний!
       Счастье наше – как нежный цветок, 
       Радость Бога – чистые воды!

2. Мы с тобой, как припев и куплет, 
В двухголосии созданной песни!
Солнца нет, света лунного нет, 
Если небо не свяжет их вместе!
Мы с тобой, как пунктирная нить, 
Как узор, что иглой вышивают,
Нам не может никто объяснить, 
Как другого один дополняет!

3. Мы с тобой заключили завет! 
Нам от Бога подарено небо!
Стал мне братом чужой человек,
Стал родным тот, кто раньше им не был! 
";"{title: Мы с тобой}
{key: Am}
{capo: +2}


1. Мы с т[Am]обой, как закат и р[Dm]ассвет, - пьед[Am]естал одного гор[Dm]изонта!
Так сраж[G]аются, страх одолев, два солдат[E]а на линии фр[Am]онта!
Так сражаются, [Dm]страх одолев, два солдат[E]а на линии фр[Am]онта!
Мы  с тоб[Am]ою – дорога [Dm]одна, где не д[Am]елим свои килом[Dm]етры!
Отражаясь в л[G]юбых зеркалах, видим мы [E]из улыбок портр[Am]еты.

Пр. Песня [Dm]наш[F]а – к[E]ак небосвод! 
       Слово [Dm]Бог[F]а – всп[E]олохи [Am]молний!
       Счастье [Dm]наш[F]е – как [E]нежный цветок, 
       Радость [Dm]Бог[F]а – ч[E]истые [Am]воды!

2. Мы с тобой, как припев и куплет, 
В двухголосии созданной песни!
Солнца нет, света лунного нет, 
Если небо не свяжет их вместе!
Мы с тобой, как пунктирная нить, 
Как узор, что иглой вышивают,
Нам не может никто объяснить, 
Как другого один дополняет!

3. Мы с тобой заключили завет! 
Нам от Бога подарено небо!
Стал мне братом чужой человек,
Стал родным тот, кто раньше им не был! 
";;;;
0308;308;Ни на бури;Огненный ветер;Am;2;;4/4;;;V1 C V2 C;Огненный ветер (аккорды);;;;;"1.Ни на бури, ни на ветры не смотря,
Буду верить, буду верить я!
Обещаний не нарушу: буду жить!
Буду верить и Тебе служить!

Пр. На ладони, на ладони пред Тобой
       Вся моя жизнь! Я хочу быть с Тобой!
       Если хочешь, я Тебе её подарю!
       Я Тебя, я Тебя люблю!

2. До сих пор стрелы смерти летят!
Но они повернутся назад!
Моя вера их удары отразит!
Моя песня в Небеса взлетит!

Пр. На ладони, на ладони пред Тобой
       Вся моя жизнь! Я хочу быть с Тобой!
       Если хочешь, я Тебе её подарю!
       Я Тебя, я Тебя люблю!
       Цвет у края горизонта голубой!
       Слёзы и соль мы испили с Тобой!
       Столько трудных перекрёстков мы прошли,
       Чтобы песню для сердца найти!";"
[Am]1.Ни на бури, ни на ветры не смотря,[Dm]
[E]Буду верить, буду верить я![Am]
[F]Обещаний не нарушу: буду жить![Dm]
[E]Буду верить и Тебе служить![Am]

[A7]Пр. На ладони, на ладони пред Тобой[Dm]
[G]       Вся моя жизнь! Я хочу быть с [C]Тобой!
[F]       Если хочешь, я Тебе её под[Dm]арю!
[E]       Я Тебя, [Am]я Тебя люблю!

2. До сих пор стрелы смерти летят!
Но они повернутся назад!
Моя вера их удары отразит!
Моя песня в Небеса взлетит!

Пр. На ладони, на ладони пред Тобой
       Вся моя жизнь! Я хочу быть с Тобой!
       Если хочешь, я Тебе её подарю!
       Я Тебя, я Тебя люблю!
       Цвет у края горизонта голубой!
       Слёзы и соль мы испили с Тобой!
       Столько трудных перекрёстков мы прошли,
       Чтобы песню для сердца найти!";;;;
0309;309;Нет тебя;Огненный ветер;Am;1;;4/4;;;V1 C V2 V3 C;Огненный ветер (аккорды);;;;;"1. Нет тебя… Остыло сердце без огня!
Позабыл      ты свою любовь!
Где же ты?      День за днём зову тебя!
Райский сад     посетила ночь!

Пр.  Отзовись!      Выйди в свет из мрака!
        Освятись     славою Моей!
        Ты мой сын!     Я кричал и плакал
        Каждый день, каждый день!

2. Ты ушёл в поисках своей любви! Но она миру не дана!
За тобой бродит одиноко тень…
Тень-любовь, тень-твоя судьба!

3.Я прошу, возвратись к Моей любви!
Покорись, на колени встав!
Ты найдёшь первую свою любовь только так!
Знай же, -  только так!

Пр.  Нет в любви горечи и лести!
        В ней душа обретёт покой!
        Так Жених говорит Невесте:         Я с тобой! Я с тобой…";"
[Am]1. Н[Dm]ет тебя… Ос[E]тыло сердце без огня![Am]
[Dm]Позабыл     [E] ты свою любовь![Am]
[Dm]Где же ты?      [E]День за днём зову тебя![Am][F]
[Dm]Райский сад     п[E]ос[(Dm)]етила ночь![Am][(E)]

[Am]Пр.  [Dm]Отзови[E]сь!      Выйди в свет из мрака![Am]
[Am]     [Dm]   О[E]святись     славою М[Am]оей!
[Am]        Т[Dm]ы мой[E] сын!     Я кричал и пл[Am]ака[F]л
[Dm]        Каждый день, каждый день![E]

2. Ты ушёл в поисках своей любви! Но она миру не дана!
За тобой бродит одиноко тень…
Тень-любовь, тень-твоя судьба!

3.Я прошу, возвратись к Моей любви!
Покорись, на колени встав!
Ты найдёшь первую свою любовь только так!
Знай же, -  только так!

Пр.  Нет в любви горечи и лести!
        В ней душа обретёт покой!
        Так Жених говорит Невесте:         Я с тобой! Я с тобой…";;;;
0310;310;Мы идём;Огненный ветер;Am;3;;4/4;;;V1 C V2 V3;Огненный ветер (аккорды);;;;;"
1. На взлёте музыку убить пытались… 
Крылом израненным, земли касаясь,
Она от боли      кричала к Богу!
И ноты сердца      наружу рвались!

2. Не убивайте грохотом металла!
В стране глухих пролито слёз немало…
Ударом смерти не разрушайте!
Сердца из камня страшнее жала!

3. В хрустальных песнях наша боль и святость,
Пережитая в откровениях сладость!
В них больше жизни, чем в грязном мире!
Они в страданиях даруют радость!

4. Не убивайте, люди, наши песни!
В простых мелодиях не будет тесно
Всем тем, кто в Небо взлететь пытаясь,
Захочет Божью увидеть верность!

5. В кровавых муках музыка рождалась!
Там, на кресте, слезами обливаясь,
Она молчала, чтоб стать кричащей!
Любовь такую НЕ УБИВАЙТЕ!!!!

";"{title: На взлёте}
{key: Am}
{capo: +3}


1. На взлёте [Am]музыку убить п[Dm]ытались… 
Крылом изр[E]аненным, земли к[Am]асаясь,
Она от [Dm]бол[G]и      кричала к [C]Богу![F]
И ноты [Dm]сердц[E]а      наружу [Am]рвались!

2. Не убивайте грохотом металла!
В стране глухих пролито слёз немало…
Ударом смерти не разрушайте!
Сердца из камня страшнее жала!

3. В хрустальных песнях наша боль и святость,
Пережитая в откровениях сладость!
В них больше жизни, чем в грязном мире!
Они в страданиях даруют радость!

4. Не убивайте, люди, наши песни!
В простых мелодиях не будет тесно
Всем тем, кто в Небо взлететь пытаясь,
Захочет Божью увидеть верность!

5. В кровавых муках музыка рождалась!
Там, на кресте, слезами обливаясь,
Она молчала, чтоб стать кричащей!
Любовь такую НЕ УБИВАЙТЕ!!!!

";;;;
0311;311;Мне не нужен прогноз погоды;Огненный ветер;C;3;;4/4;;;V1 V2 V3;Огненный ветер (аккорды);;;;;"1. На Востоке всходит         Солнце Твоей правды!
Исцеление в лучах его!
Сердце птицей бьётся, страхом наполняясь,
Перед славой света Твоего!

Пр. Мой Господь! Мой Иисус!
      День идёт пылающий как печь!
      Мой Господь! Сильный Бог!
      Держишь Ты надёжно острый меч!

2. Попалит солому гордости, нечестия!
И не будет корня и ветвей!
Прах на землю ляжет, словно пыль дороги!
Это будет славный судный день!

3. Обратитесь сердцем, славой наполняясь,
Все отцы и дети меж собой!
Помните законы, все рабы святые!
И трубите громкою трубой!";"
[C]1. На Востоке всходит  [F]       С[G]олнце Тв[C]оей правды![F][G]
[C]Исцеление в лу[F]чах его![C][G]
Сердце птицей бьётся, страхом наполняясь,
Перед славой света Твоего!

[C]Пр. Мой Господь! Мой И[F]исус!
[C]      День идёт пыла[G]ющий как печь![C]
      Мой Господь! Сильный Бог!
      Держишь Ты надёжно острый меч!

2. Попалит солому гордости, нечестия!
И не будет корня и ветвей!
Прах на землю ляжет, словно пыль дороги!
Это будет славный судный день!

3. Обратитесь сердцем, славой наполняясь,
Все отцы и дети меж собой!
Помните законы, все рабы святые!
И трубите громкою трубой!
";;;;
0312;312;С неба дождь;Огненный ветер;Em;2;;4/4;;;V1 C V2;Огненный ветер (аккорды);;;;;"1.С неба дождь, с неба снег покрывает страшный грех,
Что живёт на земле и приносит боль тебе!
А дома всё молчат и отчаяние хранят
Манекенов-людей в череде печальных дней!

  Пр. Сердце бьётся с ладонь, но внутри него – огонь,
         Чтоб разжечь ту любовь, что Спаситель нам принёс!
         Разорви тишину! Принеси свой крик тому,
         Кто устал от греха, кто испил его до дна!

2. На другой стороне светофоры шлют тебе
Свой сигнал, краткий SOS, словно гром весенних гроз!
Это Бог говорит, - в сердце колокол звенит,
Чтобы ты не молчал, о спасении кричал!";"
[Em]1.С неба дождь, с неба[Am] снег покрывае[G]т страшный грех,[H7]
[Em]Что живёт н[Am]а земле и при[G]носит боль тебе![H7]
[Em]А дома всё мол[Am]чат и отчая[G]ние хранят[H7]
[Am]Манекенов-люд[C]ей в череде печ[H7]альных дней![Em]

[Em]  Пр. Сердце [Am]бьётся с ладонь, но[G] внутри него – ог[H7]онь,
[Em]         Чтоб р[Am]азжечь ту любовь, ч[G]то Спаситель нам принёс![H7]
[Em]         Ра[Am]зорви тишину! [G]Принеси свой крик тому,[H7]
[Em]         Кто[Am] устал от грех[H7]а, кто испил е[Em]го до дна!

2. На другой стороне светофоры шлют тебе
Свой сигнал, краткий SOS, словно гром весенних гроз!
Это Бог говорит, - в сердце колокол звенит,
Чтобы ты не молчал, о спасении кричал!";;;;
0313;313;Петь хочу Тебя как песню!;Огненный ветер;Am;2;;4/4;;;V1 C V2 V3;Огненный ветер (аккорды);;;;;"1. Петь хочу Тебя, как песню! Танцевать хочу душой!
Мишура из сладкой лести не заменит мне Тебя, Родной!

Пр. Песня эта – только лишь начало новых отношений и любви!
      Я хочу, чтобы она звучала в красных нотах жертвенной крови!
      Песнь моя - моя мечта и радость, сердца стук, небесная хвала!
      Кровью мук Твоих  она писалась, подбирая к музыке слова!

2. Гвозди были вместо клавиш! В Твоих нотах - сердца стук!
На кресте они остались кровью из пронзённых рук!

3.Я мечтаю видеть славу в каждой ноте Слова Твоего!
Чтоб об этом песнею писалось на скрижалях сердца моего!";"
[Am]1. Петь хочу Тебя, как песню! [Dm]Танцевать х[E]очу душой![Am][E]
[Am]Мишура из сладкой лести не заме[Dm]нит мн[F]е Тебя, Родной![Dm][E]

[A7]Пр. Песня эта – только лишь начало новых [Dm]отношен[G]ий и любви![C]
[F]      Я хочу, чтобы она звучала в [Dm]красных но[F]тах жертвенной крови![Dm][E]
[A7]      Песнь моя - моя мечта и радость,[Dm] сердца сту[G]к, небесная хвала![C]
[F]      Кровью мук Твоих  она писалась, под[Dm]бирая к му[F]зыке слова![Dm][E]

2. Гвозди были вместо клавиш! В Твоих нотах - сердца стук!
На кресте они остались кровью из пронзённых рук!

3.Я мечтаю видеть славу в каждой ноте Слова Твоего!
Чтоб об этом песнею писалось на скрижалях сердца моего!";;;;
0314;314;Иисус Христос Спаситель;Огненный ветер;Am;3;;4/4;;;V1 C V2;Огненный ветер (аккорды);;;;;"
1. На город опустилась густой вуалью ночь!
До самого рассвета   она здесь званый гость!
А мы идём с молитвой, молясь за каждый дом,
Чтоб счастье поселилось и обитало в нём…

Пр. Благослови, Господь, любовью обними
       И голос наш в ночи, как сердца дар прими!
       Благослови, Господь, и каждого спаси!
       Огонь и свет молитв, прошу, не угаси!

2. Луна нам освещает тропинки и пути,
Которые с молитвой решили мы пройти…
И нежно смотрит Ангел с небесной высоты:
Он звёздами рисует для нас свои цветы…

Бр. Святой молитвы свет и звёздный яркий свет – 
Любви Твоей большой для нас ночной секрет!";"{title: На город опустилась}
{key: Am}
{capo: +3}


[Am]1. На город опуст[Dm]илась [E]густой вуалью [Am]ночь!
[F]До самого рассв[Dm]ета   [E]она здесь званый г[Am]ость!
А мы идём с молитвой, молясь за каждый дом,
Чтоб счастье поселилось и обитало в нём…

[Am]Пр. Благослови, Госп[Dm]одь, [G]любовью обним[C]и
       [F]И голос наш в н[Dm]очи, [E]как сердца дар прим[Am]и!
       Благослови, Господь, и каждого спаси!
       Огонь и свет молитв, прошу, не угаси!

2. Луна нам освещает тропинки и пути,
Которые с молитвой решили мы пройти…
И нежно смотрит Ангел с небесной высоты:
Он звёздами рисует для нас свои цветы…

[Am]Бр. Святой мол[Dm]итвы свет [G]и звёздный [C]яркий свет [F]– 
Любви Тво[Dm]ей большой [E]для нас ночн[Am]ой секрет!";;;;
0315;315;Приходил ко мне;Огненный ветер;Am;2;;4/4;;;V1 C V2;Огненный ветер (аккорды);;;;;"
1. Приходил      ко мне Ангел от    Тебя!
Укреплял в любви, утверждал меня!
Приносил      с Небес сердцу ве------сточку!
Подарил с дерев мирта веточку!

Пр. Всех былых разлук и ненужных встреч, - 
       Разорвался круг, словно камень с плеч!
       От тоски мирской исцеляется,
       От любви Твоей сердце  плавится!

2. Расцвели сады белой святостью,
Под фатой любви счастье спряталось!
Твоё имя – мёд! В терпкой сладости 
Нахожу я вкус Твоей радости!";"{title: Приходил ко мне}
{key: Am}
{capo: +2}


1. Приход[Am]ил      [G]ко мн[F]е Анг[Am]ел от    [G]Т[F]ебя!
Укрепл[Dm]ял в любв[Em]и, утвержд[Am]ал [G]м[Am]еня!
Принос[Am]ил      [G]с Неб[F]ес сердцу [Am]ве--[G]----сточк[F]у!
Подар[Dm]ил с дер[Em]ев мирт[Am]а вет[G]очк[Am]у!

Пр. Всех был[Dm]ых разл[G]ук и нен[C]ужных встр[F]еч, - 
       Разорв[Dm]ался кр[E]уг, словно [Am]кам[G]ень с пл[A7]еч!
       От т[Dm]оски мирск[G]ой исцел[C]яетс[F]я,
       От лю[Dm]бви Тво[E]ей сердце  [Am]плав[G]итс[Am]я!

2. Расцвели сады белой святостью,
Под фатой любви счастье спряталось!
Твоё имя – мёд! В терпкой сладости 
Нахожу я вкус Твоей радости!";;;;
0316;316;Асфальт блестит;Огненный ветер;Am;3;;4/4;;;V1 C V2;Огненный ветер (аккорды);;;;;"
1. На земле будет Твоя воля, каждому даётся своя доля
Чтоб принять и провозгласить любовь Твою!
По земле я пройду во славе, как бы враг много не лукавил,
Я найду счастье и любовь Свою найду!

Пр. Буду я Богом наполняться, буду я Богом наслаждаться!
       Буду петь я хвалу Ему всегда! Всегда!
       С Ним взойду на высоты неба, буду там, где ещё я не был,
       Буду пить и вкушать Его вина…

2. Петь хочу песни только Богу, я пройду вместе с Ним дорогу,
Чтоб познать Божью высоту и свет креста!
Перед ним меркнут даже тени, я, как раб, буду Богу верен!
Эта жизнь только для хвалы Ему дана!
";"{title: На земле будет Твоя воля}
{key: Am}
{capo: +3}


1. Н[Am]а земле будет Твоя воля, к[F]аждому даётся своя доля
Чт[Dm]об принять и провозгласить люб[G]овь Твою!
П[Am]о земле я пройду во славе, [F]как бы враг много не лукавил,
[Dm]Я найду сч[F]астье и любовь Сво[G]ю найду!

Пр. Б[C]уду я Богом наполняться, б[F]уду я Богом наслаждаться!
       Б[Dm]уду петь я хвалу Ему всегд[G]а! Всегда!
       С Н[C]им взойду на высоты неба, б[F]уду там, где ещё я не был,
       Б[Dm]уду пить и вкушать Его в[G]ина…[E]

2. Петь хочу песни только Богу, я пройду вместе с Ним дорогу,
Чтоб познать Божью высоту и свет креста!
Перед ним меркнут даже тени, я, как раб, буду Богу верен!
Эта жизнь только для хвалы Ему дана!
";;;;
0317;317;Я покрыт Тобой!;Огненный ветер;Em;3;;4/4;;;V1 C V2 V3 C;Огненный ветер (аккорды);;;;;"1. Я покрыт Тобой! И Твоей судьбой!
Я покрыт Твоей         милостью!
Я Тобой омыт   и в любви сокрыт!
Я спасён Твоей милостью!

Пр. Милостью, милостью, милостью!

2. Одиночества, как пророчества
Моего врага не приму!
Обещания не нарушены!
Совершаются милостью!

3. Я прожить хочу день, как тысячу
Лет Твоих, Иисус, вечностью!
Это дар Небес, что мой Бог воскрес
И меня простил милостью!

Пр. Милостью, милостью, милостью покрыт!";"
[Em]1. Я пок[Am]рыт Тобой[H7]! И [Em]Твоей [Am]судьбой![H7]
[Em]Я покры[Am]т Твоей  [H7]   [Am]    милостью![H7]
[Em]Я Тобо[Am]й омыт [H7]  и[Em] в любви с[Am]окрыт![H7]
[Em]Я спасё[Am]н Твоей м[H7]илостью![Em]

[Em]Пр. М[Am]илостью, [H7]мило[Em]стью, мил[C]ость[AmH7]ю![Em]

2. Одиночества, как пророчества
Моего врага не приму!
Обещания не нарушены!
Совершаются милостью!

3. Я прожить хочу день, как тысячу
Лет Твоих, Иисус, вечностью!
Это дар Небес, что мой Бог воскрес
И меня простил милостью!

Пр. Милостью, милостью, милостью покрыт!
";;;;
0318;318;Ты – мой избранный сосуд! (Ис.43);Огненный ветер;Am;3;;4/4;;;V1 V2 V3;Огненный ветер (аккорды);;;;;"1.Ты – мой избранный сосуд!     На руках тебя несу!
Не утонешь в водах рек! Не сгоришь  в огне вовек!
Ты не бойся, не страшись!      Искупил твою Я жизнь!
И по имени назвал! Для Меня ты дорог стал!

2. Я – Господь, Спаситель твой!
Возлюбив Своей душой,
За тобой пойду на край и земле скажу: «отдай!»
Сотворил для славы Я, и устроил Я тебя!
Чтоб свидетелем ты стал, для Себя тебя избрал!

3. Я – Бог твой и нет других! В намерениях Своих
Я прославлю путь морей и дороги средь степей!
Дам в пустынях воды рек, чтоб не жаждал человек,
Чтобы мог Меня познать! Мою славу возвещать!";"
[Am]1.Ты – мой избранны[Dm]й сос[E]уд!     На руках тебя несу![Am][F]
[Dm]Не утонешь в вода[E]х рек! Не сгоришь  в ог[Am]не во[A7]век!
[Dm]Ты не б[G]ойся, не страшись!      Искупил т[C]вою Я жиз[F]нь!
[Dm]И по имени назвал[E]! Для Меня ты дорог [Am]стал!

2. Я – Господь, Спаситель твой!
Возлюбив Своей душой,
За тобой пойду на край и земле скажу: «отдай!»
Сотворил для славы Я, и устроил Я тебя!
Чтоб свидетелем ты стал, для Себя тебя избрал!

3. Я – Бог твой и нет других! В намерениях Своих
Я прославлю путь морей и дороги средь степей!
Дам в пустынях воды рек, чтоб не жаждал человек,
Чтобы мог Меня познать! Мою славу возвещать!";;;;
0319;319;Ласковым пёрышком;Огненный ветер;Am;3;;4/4;;;V1 C V2 V3 V4 C;Огненный ветер (аккорды);;;;;"
1.На небесах громкой хвалой Ангелы славят 
Только Тебя, Мой Иисус, Царь мой и Бог!
И на земле в сумрачной мгле мир освещает
Истинных слов свет неземной книги святой!

Пр. Верю Тебе! Верю всегда, Бог мой любимый!
       Слово Твоё – путь для меня, истины свет!
       Слово Твоё и чистота всех откровений
       Дали ответ, жизни ответ, верный ответ! 

2. Там испечён истинный хлеб, для моей жизни!
Чтоб исполнять волю Твою, Богу служить!
Я омывать Слово Твоё буду слезами…
Мне без Тебя трудно дышать, трудно любить!

3. Радость Твою и полноту сердце вкушает!
Песней звенит Слово любви, светит огнём!
Всё изнутри гласом любви к Богу взывает!
Духом Твоим я, как дитя, к Богу ведом!";"{title: На небесах громкой хвалой}
{key: Am}
{capo: +3}


[Am]1.На небес[Dm]ах громкой хвал[E]ой Ангелы сл[Am]авят 
Только Т[Dm]ебя, Мой Иис[E]ус, Царь мой и [Am]Бог!
И на з[Dm]емле в сумрачной [G]мгле мир осв[C]ещает[F]
Истинных [Dm]слов свет неземн[E]ой книги св[Am]ятой!

Пр. Верю Т[Dm]ебе! Верю всегд[E]а, Бог мой люб[Am]имый!
       Слово Тв[Dm]оё – путь для мен[E]я, истины [Am]свет!
       Слово Тв[Dm]оё и чистот[G]а всех откров[C]ений[F]
       Дали [Dm]ответ, жизни отв[E]ет, верный [Am]ответ! 

2. Там испечён истинный хлеб, для моей жизни!
Чтоб исполнять волю Твою, Богу служить!
Я омывать Слово Твоё буду слезами…
Мне без Тебя трудно дышать, трудно любить!

3. Радость Твою и полноту сердце вкушает!
Песней звенит Слово любви, светит огнём!
Всё изнутри гласом любви к Богу взывает!
Духом Твоим я, как дитя, к Богу ведом!";;;;
0320;320;Жду дождь Пробуждения!;Огненный ветер;Am;3;;4/4;;;V1 C V2 V3;Огненный ветер (аккорды);;;;;"
1. На Небесах сегодня я Бога желаю восхвалять!
В радости сердца ты и я будем сегодня танцевать!
Я не хочу грустить о том, что невозможно изменить…
Пусть наполняется мой дом Богом, чтоб вместе нам служить! -2р

Пр. Спасёт Господь людей Своих! Спасёт от прегрешений их!
       Спасёт по вере Он моей мой дом и верных в нём людей! -2р

2. Слово Господне говорит, что побеждает страх любовь!
Разве напрасно проливал за нас Иисус святую кровь?
Буду победой дорожить! Буду бороться до конца!
Буду я Господу служить, чтоб не восхитил кто венца! -2р

3. Радостный день для всех настал! Только его ты не проспи!
Бог подарил нам благодать из всепрощающей любви!
Как мне не петь, не танцевать?! Ангелы встали в хоровод!
Буду в веселии пребывать! Ну, а печаль пусть подождёт… -2р";"{title: На Небесах сегодня я}
{key: Am}
{capo: +3}


1. [Am]На Небес[E]ах сегодня [Am]я Бога жел[E]аю восхвал[Am]ять!
В [C]радости сердца ты [G]и я [Dm]будем сег[E]одня танцев[Am]ать[-]![E]
Я не хочу грустить о том, что невозможно изменить…
Пусть наполняется мой дом Богом, чтоб вместе нам служить! -2р

Пр. Спас[Am]ёт Госп[E]одь людей Сво[Am]их! Спасёт от [E]прегрешений [Am]их!
       Спас[C]ёт по вере Он мо[G]ей мой [Dm]дом и [E]верных в нём л[Am]юдей[-]! [E]-2р

2. Слово Господне говорит, что побеждает страх любовь!
Разве напрасно проливал за нас Иисус святую кровь?
Буду победой дорожить! Буду бороться до конца!
Буду я Господу служить, чтоб не восхитил кто венца! -2р

3. Радостный день для всех настал! Только его ты не проспи!
Бог подарил нам благодать из всепрощающей любви!
Как мне не петь, не танцевать?! Ангелы встали в хоровод!
Буду в веселии пребывать! Ну, а печаль пусть подождёт… -2р";;;;
0321;321;Ты избрал меня;Огненный ветер;Am;3;;4/4;;;V1 C V2 C;Огненный ветер (аккорды);;;;;"1. Ты избрал меня, чтоб приблизиться
К храму Твоему и дарам!
Благами его дал насытиться,
Дал служить Тебе во дворах!

Пр. Ибо один день во дворах Твоих
       Лучше тысячи дней неверия!
       У порогов быть я хочу Твоих,
       Но не жить в шатрах нечестия!

 2. Свет пошли с Небес, Твою истину!
К жертвеннику путь укажи!
Ближе подойду ко святой горе,
Богу радости и любви!

Пр. Что смущаешься, ты, душа моя?
       Лучше уповай ты на Господа!
       Славить буду я Бога моего!
       Славить буду я Спасителя!";"
[Am]1. Ты избрал меня, чтоб при[G]близиться
[F]К храму Твоему и дар[E]ам!
[Am]Благами его дал на[G]сытиться,
[F]Дал служить Тебе во дворах![E]

[Am]Пр. Ибо один д[Dm]ень в[G]о дворах Твоих[C]
[F]       Лучше тыс[Dm]ячи д[E]ней неверия![Am][E]
[Am]       У порого[Dm]в быт[G]ь я хочу Твоих,[C]
[F]       Но не жить в шатра[Dm]х неч[E]естия![Am][E]

 2. Свет пошли с Небес, Твою истину!
К жертвеннику путь укажи!
Ближе подойду ко святой горе,
Богу радости и любви!

Пр. Что смущаешься, ты, душа моя?
       Лучше уповай ты на Господа!
       Славить буду я Бога моего!
       Славить буду я Спасителя!";;;;
0322;322;Ночь пролетела;Огненный ветер;Am;3;;4/4;;;V1 C V2;Огненный ветер (аккорды);;;;;"
1. Ночь пролетела, чёрным крылом задев 
Душу мою,     грустный оставив след!
Но ненадолго… Ведь у меня есть Ты, 
И на рассвете      тают, как тень следы!

Пр. Песнею нежною, ласковой, 
       Птицей взмывающей над землёй,           
       Музыкой жгучей и звонкою 
       Будешь Ты рядом всегда со мной!

2. Скоро наступит тот долгожданный час,
В верности слова Бог не осудит нас!
В милости сердца нас оградит в беде,
И не оставит, и сохранит везде!";"{title: Ночь пролетела}
{key: Am}
{capo: +3}


1. Ночь пролет[Am]ела, чёрным крыл[Dm]ом задев [E]
Душу м[Dm]ою,     [F]грустный ост[E]авив след!
Но ненад[Dm]олг[G]о… Ведь у мен[C]я есть Ты, [F]
И на рассв[Dm]ет[F]е      тают, как т[E]ень следы!

Пр. [Am]Песнею нежною, [Dm]ласковой, 
       Пт[G]ицей взмывающей [C]над землёй,           
       М[F]узыкой жгучей и [Dm]звонкою 
       Б[E]удешь Ты рядом всегд[Am]а со мной!

2. Скоро наступит тот долгожданный час,
В верности слова Бог не осудит нас!
В милости сердца нас оградит в беде,
И не оставит, и сохранит везде!";;;;
0323;323;Земная тишина;Огненный ветер;Em;3;;4/4;;;V1 C V2 C;Огненный ветер (аккорды);;;;;"

1. На перекрёстках всех дорог ожидает тебя Бог,

Как сына Своего!

Ты уходил уже не раз от Его отцовских фраз и от 

любви Его…


Пр. Он - твой Отец! И у Него Кровь бьётся лишь 

любовью вечной! 

       Ты обернись и обратись! Чтоб голос вновь 

услышать в сердце!

2. Жизнь продолжат свой разбег, но её короткий век,
День за днём бегут года!
Как оставить и забыть? И прервать сомнений нить,
Чтоб сказать Иисусу ДА?";"{title: На перекрёстках всех дорог}
{capo: +3}



1. На перекрёстках всех дорог ожидает тебя Бог,

Как сына Своего!

Ты уходил уже не раз от Его отцовских фраз и от 

любви Его…


Пр. Он - твой Отец! И у Него Кровь бьётся лишь 

любовью вечной! 

       Ты обернись и обратись! Чтоб голос вновь 

услышать в сердце!

2. Жизнь продолжат свой разбег, но её короткий век,
День за днём бегут года!
Как оставить и забыть? И прервать сомнений нить,
Чтоб сказать Иисусу ДА?";;;;
0324;324;Я рождён от Единого Бога;Огненный ветер;Am;3;;4/4;;;V1 V2 V3;Огненный ветер (аккорды);;;;;"1. Я рождён от Единого Бога, Кто является в истине мне!
Пролагает в пустыне дорогу в жарком зное, и в сумрачной мгле!
Я рождён для великих свершений, но не тех, что от мира сильны:
Победить смертные насаждения должен я, как оплот сатаны!

2. Был я блудным, немым и незрячим, чтоб увидеть объятия Отца!
Сатана мной играл, словно в мячик, и бросал то туда, то сюда…
Я, рождённый дыханием Бога, не могу больше жить и грешить…
И, отвергнув мирскую дорогу,  Царству Божьему жажду служить!

3. Это чудо, что время приходит –
Нам, взяв крест, за Иисусом пойти!
Это чудо, что Бог нас находит для Своей благодатной любви!
Это чудо, что больше не властна смерть над нами, и сила греха!
Входим вместе мы в Божие Царство!
Церковь Бога в огне рождена!";"
[Am]1. Я рождён от Единого Б[Dm]ога, Кто является [E]в истине мне![Am]
[Am]Пролагает в пустыне дорогу[Dm] в жарком зное, и в сумра[E]чной мгле![Am]
[A7]Я рождён для великих свершений, н[Dm]о не тех, что от ми[G]ра сильны:[C]
[F]Победить смертные насаждения дол[Dm]жен я, как оплот сата[E]ны![Am]

2. Был я блудным, немым и незрячим, чтоб увидеть объятия Отца!
Сатана мной играл, словно в мячик, и бросал то туда, то сюда…
Я, рождённый дыханием Бога, не могу больше жить и грешить…
И, отвергнув мирскую дорогу,  Царству Божьему жажду служить!

3. Это чудо, что время приходит –
Нам, взяв крест, за Иисусом пойти!
Это чудо, что Бог нас находит для Своей благодатной любви!
Это чудо, что больше не властна смерть над нами, и сила греха!
Входим вместе мы в Божие Царство!
Церковь Бога в огне рождена!";;;;
0325;325;Мы живы для любви живой!;Огненный ветер;C;3;;4/4;;;V1 C V2 V3;Огненный ветер (аккорды);;;;;"
1.Напои меня живой водой и вином Святого Духа!
Наполняй меня Своим теплом: сердце ждёт живого звука!
Я назад не смотрю – впереди моя вечность!
Я с Тобой, мой Иисус! Ты – моя бесконечность!

Пр. Я живу в Твоей любви посреди бурь и грома!
       Ты даёшь покров крови! Слышу я зов из дома!
       Все сердца сыновей в песнь влились, ставши солью!  
       Для Тебя, мой Иисус, исцелён я любовью! 

2. Так душа моя поёт Тебе песнь любви непрестанно!
Слышу голос Твой я в ночи, чувствую Твоё дыханье!
А вокруг пусть летят из огня стрелы ада…
Я храню Твой покой, большего мне не надо!  
";"{title: Напои меня живой водой!}
{key: C}
{capo: +3}


1.Н[C]апои меня живой в[F]одой и вин[Dm]ом Святого [G]Духа!
Н[C]аполняй меня Своим тепл[F]ом: сердце жд[Dm]ёт живого [G]звука!
Я наз[F-G]ад не смотр[C-Am]ю – вперед[F-G]и моя в[C]ечность!
Я с Тоб[F-G]ой, мой Иис[C-Am]ус! Ты – мо[F-G]я бескон[C]ечность![C7]

Пр. Я жив[F-G]у в Твоей лю[C-Am]бви поср[F-G]еди бурь [C]и грома![C7]
       Ты даёшь покров крови! Слышу я зов из дома!
       Все сердца сыновей в песнь влились, ставши солью!  
       Для Теб[F-G]я, мой Иис[C-Am]ус, исцел[F-G]ён я люб[Am]овью! [G]

2. Так душа моя поёт Тебе песнь любви непрестанно!
Слышу голос Твой я в ночи, чувствую Твоё дыханье!
А вокруг пусть летят из огня стрелы ада…
Я храню Твой покой, большего мне не надо!  
";;;;
0326;326;О, любимый Бог!;Огненный ветер;Am;4;;4/4;;;V1 C V2;Огненный ветер (аккорды);;;;;"
1. О,     любимый Бог!     О,      любимый Бог!
Мы пред Тобой, мы пред Тобой стоим!
О,      любимый Бог!     О,      любимый Бог!
Живём мы лишь, живём Тобой одним!

Пр. Звучит труба! Зовёт  в последний бой! 
       Наш царь Иисус, мы пред Тобой, мы пред Тобой
       В доспехи для Твоей войны одетые,
      Любовью первою своей согретые!   

2. О, Великий Бог! О, Великий Бог!
На Небесах всегда весна царит!
О, Великий Бог! О, Великий Бог!
Нас на земле любовь Твоя хранит!";"{title: О, любимый Бог!}
{key: Am}
{capo: +4}


1. [Am]О,     [F]любимый [Dm]Бог[E]!     [Am]О,      [F]любимый [Dm]Бог![E]
Мы [Am]пред Тобой, мы пр[F]ед Тобой сто[Dm]им![E]
[Am]О,      [F]любимый [Dm]Бог[E]!     [Am]О,      [F]любимый [Dm]Бог![E]
Жив[Am]ём мы лишь, ж[F]ивём Тобой [Dm]одним![E]

Пр. Звуч[Am]ит труба! Зов[F]ёт  в последний [Dm]бой! [E]
       Наш [Am]царь Иисус, мы пр[F]ед Тобой, мы пред Тоб[Dm]ой[E]
       В досп[Am]ехи для Тв[F]оей войны од[Dm]етые,[E]
      Люб[Am]овью перв[F]ою своей согрет[Dm]ые!   [E]

2. О, Великий Бог! О, Великий Бог!
На Небесах всегда весна царит!
О, Великий Бог! О, Великий Бог!
Нас на земле любовь Твоя хранит!";;;;
0327;327;Долго стоять при дверях;Огненный ветер;Am;3;;4/4;;;V1 C V2;Огненный ветер (аккорды);;;;;"

1. На прекрасной сибирской жаркой планете
Жили-были всегда для Христа Божьи дети! 
Свои города они с детства любили,
Солнце, небо и реки они так ценили:

Пр: Чиба, Чарлик, Кузнец, Репа, Опер и Шест,
      Ронин, Клим, и Баро, Соловей, а ещё:
      Жук, Берёза, Косяк с Малышом - не пустяк!
      Велес брат, и Бизон – самый главный тут он!    

2. Но однажды на помощь их звёзды позвали: 
Им ужасною чёрной дырой угрожали!
И оставив под ласковым небом орбиты,
Полетели они к звёздам тем для защиты:

3. Я советую вам не шутить и молчать!
Это парни Сибири, вам их не понять –
Они силой сильны и крепки как броня!
Вы запомните лучше их имена:


";"{title: На прекрасной сибирской жаркой планете}
{key: Am}
{capo: +3}


[G][F][G][Am]
1. На прекрасной сибирской жаркой планете
Жили-были всегда для Христа Божьи дети! 
Свои города они с детства любили,
Солнце, небо и реки они так ценили:

Пр: Чиба, Чарлик, Кузнец, Репа, Опер и Шест,
      Ронин, Клим, и Баро, Соловей, а ещё:
      Жук, Берёза, Косяк с Малышом - не пустяк!
      Велес брат, и Бизон – самый главный тут он!    

2. Но однажды на помощь их звёзды позвали: 
Им ужасною чёрной дырой угрожали!
И оставив под ласковым небом орбиты,
Полетели они к звёздам тем для защиты:

3. Я советую вам не шутить и молчать!
Это парни Сибири, вам их не понять –
Они силой сильны и крепки как броня!
Вы запомните лучше их имена:


";;;;
0328;328;Люби, когда не любится;Огненный ветер;Am;3;;4/4;;;V1 C V2 V3;Огненный ветер (аккорды);;;;;"
1. Напрасны все слова, когда на сердце лёд!
Напрасны песни о любви, когда зима!
Когда внутри не обжигает вены кровь!
Когда исчезла, как роса, мечта твоя!

Пр. Придёт весна, придёт заря, придёт любовь!
       Живой водой опять наполнит сердце Бог!
       И оживут, и потекут потоки рек!
       Огонь любви растопит лёд, растопит снег!

2.Не надо обращаться и смотреть назад!
Не надо ждать, что повернутся реки вспять!
Не надо требовать любви от тех, кто мёртв!
И ложного признания не надо ждать!

3. Верны сердца, в которых страха смерти нет!
Они хранят любовь среди холодных льдов! 
Они тебя согреют верностью своей,
И будет зажигаться твоё сердце вновь!
";"{title: Напрасны все слова}
{key: Am}
{capo: +3}


1. Н[Am]апрасны все сл[E]ова, когда на [Am]сердце лёд!
Н[Dm]апрасны песни [E]о любви, к[Am]огда зима!
К[Dm]огда внутри н[G]е обжигает [C]вены кровь![F]
К[Dm]огда исчезла, к[E]ак роса, мечт[Am]а твоя!

Пр. Прид[Dm]ёт весна, придёт заря, прид[G]ёт любовь!
       Жив[Dm]ой водой оп[E]ять наполнит [Am]сердце Бог!
       И оживут, и потекут потоки рек!
       Огонь любви растопит лёд, растопит снег!

2.Не надо обращаться и смотреть назад!
Не надо ждать, что повернутся реки вспять!
Не надо требовать любви от тех, кто мёртв!
И ложного признания не надо ждать!

3. Верны сердца, в которых страха смерти нет!
Они хранят любовь среди холодных льдов! 
Они тебя согреют верностью своей,
И будет зажигаться твоё сердце вновь!
";;;;
0329;329;Эх, да поношенный костюм;Огненный ветер;Am;3;;4/4;;;V1 V2 V3 V4 V5 V6 V7;Огненный ветер (аккорды);;;;;"1. Эх, да поношенный костюм я не одену для Царя!
Мне бы из золота сюртук, чтобы украсил он меня!

2. Эх, да ни в чём не знать б беды!
Можно бы было в счастье жить!
Можно бы было в радости Царю царей всегда служить!

3. Эх, да немного б серебра, чтобы купить по сердцу дар!
Если бы дыр не знал карман! Всем бы я в щедрости  давал…

4. Эх, не о том я говорю…Видимо, просто жаркий день!
Счастье моё – служить Царю! И танцевать как олень!

5. Эх, сколько радости в любви! Как бы в ней не утонуть!
Буду я всех всегда любить…И не во сне, а наяву!

6. Эх, да пойду я танцевать! Знай, что я мал, да удал…
В сердце – сплошная благодать! Лучшей свободы не видал!

7. Эх, да в любви – всё хорошо! Вместе нам жить-поживать!
Кабы нам всем служить Царю! Вместе добра наживать!";"
[Am]1. Эх, да понош[Dm]енный кост[E]юм я не одену[Am] для[F] Царя![Dm][E]
[Am]Мне бы из золо[Dm]та с[E]юртук, что[Am]бы укр[F]асил он ме[Dm]ня![E][Am]

2. Эх, да ни в чём не знать б беды!
Можно бы было в счастье жить!
Можно бы было в радости Царю царей всегда служить!

3. Эх, да немного б серебра, чтобы купить по сердцу дар!
Если бы дыр не знал карман! Всем бы я в щедрости  давал…

4. Эх, не о том я говорю…Видимо, просто жаркий день!
Счастье моё – служить Царю! И танцевать как олень!

5. Эх, сколько радости в любви! Как бы в ней не утонуть!
Буду я всех всегда любить…И не во сне, а наяву!

6. Эх, да пойду я танцевать! Знай, что я мал, да удал…
В сердце – сплошная благодать! Лучшей свободы не видал!

7. Эх, да в любви – всё хорошо! Вместе нам жить-поживать!
Кабы нам всем служить Царю! Вместе добра наживать!";;;;
0330;330;Перед тем как встать на краю;Огненный ветер;Em;3;;4/4;;;V1 C V2 V3;Огненный ветер (аккорды);;;;;"1. Перед тем как встать на краю и взлететь потом в Небеса,
Прокричи земле: «Я люблю!», чтобы голос был, как гроза!

Пр. Обжигай, любовь, ветром огненным! На свободе +45!
       А внутри тюрьмы одиночества не понять любовь, не понять!

2. От холодных слов убегай, к равнодушию не стремись!
Наливай любовь через край! И взлетай орлом только ввысь!

3. Оцени любовь, не скупись, выше золота, серебра!
Нелюбви пути – только вниз! А твои пути – только в рай!";"
[Em]1. Перед тем как встать на краю[Am] и взлететь [H7]потом в Небеса,[Em]
[Am]Прокричи земле: «Я люблю[Em]!», чтобы голос был[H7], как гроза![Em]

[Am]Пр. Обжигай, любовь, ветром огн[Em]енным! На свободе +45![H7][Em]
[Am]       А внутри тюрьмы [Em]одиночества не понят[H7]ь любовь, не понять![Em]

2. От холодных слов убегай, к равнодушию не стремись!
Наливай любовь через край! И взлетай орлом только ввысь!

3. Оцени любовь, не скупись, выше золота, серебра!
Нелюбви пути – только вниз! А твои пути – только в рай!
";;;;
0331;331;Возьми свой меч;Огненный ветер;Am;2;;4/4;;;V1 C V2;Огненный ветер (аккорды);;;;;"
1. Нас наполняет любовь, и водопадом огней
Чистых Твоих нежных слов мы растворяемся в ней!

Пр. Сердце! Сердце! Бьётся сердце!
       Мы – Твои! Мы кровь Твоя навеки! 
       Сердце! Сердце! Бьётся сердце!
       Мы – Твои! Ты наш Святой Господь! 
       (Мы – Твои! Мы ждём тебя, Господь!)

2.Вся земля поёт! Вся земля поёт! Вся земля поёт Тебе!
Вся земля поёт! Свадьбы нашей ждёт! Вся земля поёт Тебе!

Пр. Сердце! Сердце! Бьётся сердце!
       Мы – Твои! Мы кровь Твоя навеки! 
       Сердце! Сердце! Бьётся сердце!
       Мы – Твои! Ты наш Святой Господь! 
       (Мы – Твои! Мы ждём тебя, Господь!)

3. Нас наполняет любовь, и водопадом огней
Чистых Твоих нежных слов мы растворяемся в ней!";"{title: Нас наполняет любовь}
{key: Am}
{capo: +2}


[Am]1. Нас н[Dm]аполн[E]яет любовь, и [Am]водоп[E]адом огней
[Am]Чистых [Dm]Твоих [E]нежных сл[Am]ов мы растворяемся в ней!

Пр. Сердце! С[Dm]ердце! [G]Бьётся с[Am]ердце![F]
       Мы – Тв[Dm]ои! Мы кр[E]овь Твоя нав[Am]еки! 
       Сердце! С[Dm]ердце! [G]Бьётся с[C]ердце![F]
       Мы – Тв[Dm]ои! Ты н[E]аш Святой Госп[Am]одь! 
       (Мы – Твои! Мы ждём тебя, Господь!)

[Am]2.Вся земля поёт! [Dm]Вся земля поёт! Вся земля поёт Тебе!
Вс[G]я земля поёт! [E]Свадьбы нашей ждёт! Вся земля поёт Тебе!

Пр. Сердце! Сердце! Бьётся сердце!
       Мы – Твои! Мы кровь Твоя навеки! 
       Сердце! Сердце! Бьётся сердце!
       Мы – Твои! Ты наш Святой Господь! 
       (Мы – Твои! Мы ждём тебя, Господь!)

3. Нас наполняет любовь, и водопадом огней
Чистых Твоих нежных слов мы растворяемся в ней!";;;;
0332;332;Пусть не смущается грехом сомнения;Огненный ветер;Am;2;;4/4;;;V1 C V2 V3;Огненный ветер (аккорды);;;;;"1. Пусть не смущается грехом сомнения без веры сердце твоё!
Ведь Я люблю тебя, как не любил тебя никто никогда!
Иди за Мной, мой друг, смелей шагай за Мной!
Пусть верит сердце твоё!
И ты пойдёшь туда, где будешь вечно жить! Я поведу тебя туда!

Пр. Я буду ждать тебя, Я буду ждать тебя всегда в Небесах!
       Обитель жизни Я с Моим Отцом тебе сотворю! Сотворю!
       Дела твоей любви и твоей веры Я взвешу там на весах!
       Превыше золота и серебра тебя оценю! Оценю!

2. Мир оставляю вам, Мой мир даю Я вам,
Не так как мир вам даёт!
Я есмь ваш путь и жизнь! Никто как чрез Меня к Отцу не придёт!
Ведь Я в Отце Моём, и Мой Отец во Мне! Едины Мы, как одно!
Кто будет верить Мне, тот в жизнь из смерти сам
В один миг перейдёт!

3. Ты видишь все дела, которые во Мне Отец с любовью творит!
Просите у Отца, чтоб прославлять всегда вовеки имя Моё!
Ты слышишь все слова, которые во Мне Отец тебе говорит!
Познайте истину, живите в истине, творите всё для неё!";"
[Am]1. Пусть не смущается грехом сомнения без веры сердце т[Dm]воё![E]
[Am]Ведь Я люблю тебя, как не любил тебя никто никогд[Dm]а![E]
[Am]Иди за Мной, мой друг, смелей шагай за Мной!
[Dm]Пусть верит се[E]рдце твоё!
[Am]И ты пойдёшь туда, где будешь вечно [F]жить! Я поведу тебя туда![Dm][E]

[Am]Пр. Я буду ждать тебя, Я буду ждать тебя всегда в Н[Dm]ебесах![E]
[Am]       Обитель жизни Я с Моим Отцом тебе сотворю! Сот[Dm]ворю![E]
[Am]       Дела твоей любви и твоей веры Я взвешу там на [Dm]весах![E]
[Am]       Превыше золот[F]а и серебра тебя о[Dm]ценю! Оценю![E]

2. Мир оставляю вам, Мой мир даю Я вам,
Не так как мир вам даёт!
Я есмь ваш путь и жизнь! Никто как чрез Меня к Отцу не придёт!
Ведь Я в Отце Моём, и Мой Отец во Мне! Едины Мы, как одно!
Кто будет верить Мне, тот в жизнь из смерти сам
В один миг перейдёт!

3. Ты видишь все дела, которые во Мне Отец с любовью творит!
Просите у Отца, чтоб прославлять всегда вовеки имя Моё!
Ты слышишь все слова, которые во Мне Отец тебе говорит!
Познайте истину, живите в истине, творите всё для неё!

";;;;
0333;333;Ты пришёл Словом истины;Огненный ветер;Am;1;;4/4;;;V1 C V2 V3;Огненный ветер (аккорды);;;;;"1. Ты пришёл Словом истины!
Слово в плоть облеклось!
Ты пришёл, но не приняли:
Был для всех Ты чужой!

Пр. Ты прости, Боже истинный,
       Всех слепых и глухих людей!
       Исцели  от сердечной мглы!
       От греха исцели!

2. Был рождён Ты, как  Божий Сын!
С неба свет воссиял!
Благодать вместе с истиной
Чрез Тебя родилась!

3. Дай нам всем покаяние!
Веру дай, чтобы жить!
Слава нам с неба явлена,
Чтоб детьми Богу быть!";"
[Am]1. Ты пришёл Сло[Dm]вом истины!
[Am]Слово в плоть обле[E]клось!
[Am]Ты пришёл, но [Dm]не приняли:
[Am]Был для всех Ты[E] чужой!

[Am]Пр. Ты прости[Dm], Боже истинный,
[Am]       Всех с[Dm]лепых и глухих людей!
[Am]       Исцели[Dm]  от сердечной мглы!
[F]       От г[E]реха исцели!

2. Был рождён Ты, как  Божий Сын!
С неба свет воссиял!
Благодать вместе с истиной
Чрез Тебя родилась!

3. Дай нам всем покаяние!
Веру дай, чтобы жить!
Слава нам с неба явлена,
Чтоб детьми Богу быть!";;;;
0334;334;Глыбы льда;Огненный ветер;Am;3;;4/4;;;V1 C V2 C;Огненный ветер (аккорды);;;;;"
1.Наши души радостью полны,
Наши руки – милосердия,
Наши очи – света Божьего,
А сердца – любовью Отца!

Пр. Наполняйся, наполняйся,
       Наполняйся, как река! – 2р.

2.Мы исполнены духом Истины!
Переполнены  силой Ангелов!
Мы накормлены хлебом жизни
И напоены живою водой!

3. Мы исцелены Его ранами
И воскрешены Духом уст Его!
Мы очищены Его Святостью!
Носим имя мы – Иисуса Христа!";"{title: Наши души}
{key: Am}
{capo: +3}


1.Наши д[Am]уши радос[Dm]тью полны,
Наши [Am]руки – милос[E]ерд[Am]ия,
Наши очи – света Б[Dm]ожьего,
А сердц[E]а – любовью Отц[Am]а![A7]

Пр. Наполн[Dm]яйся, наполн[Am]яйся,
       Наполн[E]яйся, как рек[Am]а! – [A7]2р.

2.Мы исполнены духом Истины!
Переполнены  силой Ангелов!
Мы накормлены хлебом жизни
И напоены живою водой!

3. Мы исцелены Его ранами
И воскрешены Духом уст Его!
Мы очищены Его Святостью!
Носим имя мы – Иисуса Христа!";;;;
0335;335;Вновь обжигает;Огненный ветер;Am;3;;4/4;;;V1 C V2;Огненный ветер (аккорды);;;;;"
1.  Не бойся принять испытанья и боли:
Страданья и крест – это Божий удел!
Лишь только с огнём очищенье приходит!
И надо гореть, и я буду гореть!

Пр. Я – огонь, и ты – огонь! Мы – победы Божьей пламя!
 Я с тобой, и ты со мной поднимаем выше знамя!
 Слышим мы Небесный глас, Он несётся над землёю!
 Сила Божия на нас изливается рекою!
 (Это Божья любовь!)

2. Не надо роптать на призыв к пробужденью!
Быстротечные сны только в ад уведут!
Пробудись и пойми: наступает сраженье
Последней войны, но тебя не убьют!

3. Благовествуй скорей, что грядёт Возрожденье!
Шлем спасенья возьми, веры щит и броню!
Мы – солдаты Христа, мы – Его вдохновенье!
Мы сегодня в огне! Мы сегодня в строю!";"{title: Не бойся принять}
{key: Am}
{capo: +3}


1.  Не бойся пр[Am]инять испытанья [Dm]и боли:
Страданья и кр[G]ест – это Божий уд[E]ел!
Лишь только с огн[Am]ём очищенье прих[Dm]одит!
И надо гор[G]еть, и я буду гор[E]еть!

Пр. Я – ог[Am]онь, и ты – ог[Dm]онь! Мы – поб[G]еды Божьей [E]пламя!
 Я с тобой, [Am]и ты со мной [Dm]поднима[G]ем выше зн[E]амя!
 Слышим [Am]мы Небесный [Dm]глас, Он н[G]есётся над земл[E]ёю!
 Сила [Am]Божия на [Dm]нас изл[G]ивается р[E]екою!
 (Это Божья люб[A]овь!)

2. Не надо роптать на призыв к пробужденью!
Быстротечные сны только в ад уведут!
Пробудись и пойми: наступает сраженье
Последней войны, но тебя не убьют!

3. Благовествуй скорей, что грядёт Возрожденье!
Шлем спасенья возьми, веры щит и броню!
Мы – солдаты Христа, мы – Его вдохновенье!
Мы сегодня в огне! Мы сегодня в строю!";;;;
0336;336;Песнею первою или последнею;Огненный ветер;Am;3;;4/4;;;V1 C V2;Огненный ветер (аккорды);;;;;"1. Песнею первою или последнею,
В сердце приходит святая любовь!
Будит всё мёртвое, светится золотом,
Солнечным лучиком греется кровь!

Пр. Это Божья любовь     постучала ко мне,
      Заполняя Собой пустоту!
      И в молитве сказать      я хочу на заре:
      «Как Тебя, Мой Господь, я люблю!»

2. Нет, не забуду я первой любви своей!
Я не смогу дышать без Тебя!
Счастье рождается в Божьем прощении!
Ангелы всем о спасении трубят!";"
[Am]1. Песнею п[G]ервою или [F]последнею,[E]
[Dm]В сердце прих[F]одит свята[E]я любовь!
[Am]Будит всё мёртв[G]ое, светится зо[F]лотом,[E]
[Dm]Солнечным лучи[F]ком греется [E]кровь!

[Dm]Пр. [G]Это Божья любовь     постуча[C]ла ко[F] мне,
[Dm]      Заполня[E]я Собой пустоту!
[Dm]    [G]  И в молитве сказать [C]     [F]я хочу на заре:
[Dm]      «Как Тебя, [E]Мой Господь, я люблю!»

2. Нет, не забуду я первой любви своей!
Я не смогу дышать без Тебя!
Счастье рождается в Божьем прощении!
Ангелы всем о спасении трубят!
";;;;
0337;337;Когда тебя;Огненный ветер;Am;3;;4/4;;;V1 C V2 C;Огненный ветер (аккорды);;;;;"
1. Не будет! Не будет больше снов и ложных судеб…
Пребудет, лишь вечность в небесах пребудет!
Живу я Тобой, Господь, одним живу я!
Дышу я! В Твоей любви – то плача, то ликуя…

Пр. Я возвращаюсь! Я возвращаюсь в дом Отца!
       Я возвращаюсь! Любовь там будет без конца!
       Я возвращаюсь! Он ждёт меня – я в это верю!
       Я возвращаюсь! Там для меня открыты двери….

2. Узнаю! Узнаю я Твои шаги, любимый!
Встречаю! Встречаю верою несокрушимой!
Со мною сердца всех тех людей, кто верит!
Водою омоет Слово нас и всех изменит… 

Бридж: Не будет! Не будет снов! Не будет напрасных слов!
              Не будет тяжёлых бед! Не будет ушедших лет!
";"{title: Не будет!}
{key: Am}
{capo: +3}


1. Не [Am]будет! Не б[Dm]удет больше сн[E]ов и ложных с[Am]удеб…
Преб[Am]удет, лишь в[Dm]ечность в небес[E]ах преб[Am]удет!
Жив[Dm]у я Тоб[E7]ой, Господь, одн[E]им жив[Am]у я!
Дыш[Dm]у я! В Тво[E7]ей любви – то пл[E]ача, то лик[Am]уя…

Пр. Я в[Dm]озвращаюсь! Я в[E7]озвращаюсь в дом Отца!
       Я в[F]озвращаюсь! [Dm]Люб[E]овь там будет без конца!
       Я в[Dm]озвраща[G]юсь! Он жд[F]ёт меня – я в [E7]это верю!
       Я в[Dm]озвращ[F]аюсь! Там для мен[Dm]я открыты дв[E]ери….

2. Узнаю! Узнаю я Твои шаги, любимый!
Встречаю! Встречаю верою несокрушимой!
Со мною сердца всех тех людей, кто верит!
Водою омоет Слово нас и всех изменит… 

Бридж: Не б[Am]удет! Не б[E]удет снов! Не б[Am]удет напр[E]асных слов!
              Не б[Am]удет тяж[E]ёлых бед! Не б[Am]удет [G]уш[F]едших лет![E]
";;;;
0338;338;По белу свету;Огненный ветер;Am;3;;4/4;;;V1 C V2 V3 V4;Огненный ветер (аккорды);;;;;"1.По белу свету ходит      прекрасная Невеста!
Людей заблудших ищет,     хоть ноги все в крови!
И даже в пекло ада       Она спуститься может
Во имя безграничной      спасающей любви!

Пр. Дышать хочу надеждой!       Дышать хочу любовью!
       Тебя, как было прежде,     я встречу  хлебом с солью!
       Среди темноты тебе прокричу, и в тучах осенних тебя отыщу!
       Пусть будет с надрывами встреча с тобой и болью!
       (Пусть будет счастливою встреча моя с тобою!)

2. Пастух под звёздным небом овец заблудших ищет!
В пустыне Его голос услышится вдали!
Найдёт пастух и нежно прижмёт к себе овечку,
И тихо успокоит на любящей груди!

3. Ну сколько может стоить душа моя живая?
Она была ненужной, в кармане без гроша …
И только в снах счастливых я видел небо светлым!
И только Богу верил, что Он найдёт меня…

4. Полна надеждой церковь, живёт она в служении
Бездомным и ненужным без веры и мечты!
И ад не одолеет Прекрасную Невесту!
Она стоит на камне небесной красоты!";"
[Am]1.По белу свету ходит      п[Dm]рекрасн[E]ая Невеста![Am]
[Am]Людей заблудших ищет,     хо[Dm]ть ноги[F] все в крови[Dm]![E]
[Am]И даже в пекло ада       Она[Dm] спу[E]ститься может[Am][F]
[Dm]Во имя без[F]гранично[Dm]й      спасающей л[E]юбви!

[Am]Пр. Дышать хочу надеждой!       [Dm]Дышать хо[Am]чу любовью![Dm][G]
[C]       Теб[F]я, как было прежде,     я встречу  хл[Dm]ебом с сол[E]ью!
[Am]       Среди темноты[Dm] тебе прокричу, и в тучах[G] осенних тебя отыщу![C]
[F]       Пусть будет с надрывами встр[Dm]еча с тобой и болью![E]
[F]       (Пусть будет счастливою вс[Dm]треча моя с тобою!)[E]

2. Пастух под звёздным небом овец заблудших ищет!
В пустыне Его голос услышится вдали!
Найдёт пастух и нежно прижмёт к себе овечку,
И тихо успокоит на любящей груди!

3. Ну сколько может стоить душа моя живая?
Она была ненужной, в кармане без гроша …
И только в снах счастливых я видел небо светлым!
И только Богу верил, что Он найдёт меня…

4. Полна надеждой церковь, живёт она в служении
Бездомным и ненужным без веры и мечты!
И ад не одолеет Прекрасную Невесту!
Она стоит на камне небесной красоты!";;;;
0339;339;На небесах громкой хвалой;Огненный ветер;Am;3;;4/4;;;V1 C V2 V3;Огненный ветер (аккорды);;;;;"
Не желаю злата,    не желаю славы, - 
Богатство дураков    не для меня!
Выбирают люди    берег левый-правый…
Только мне нужна      сама река!
Пр. Моя река –  Дух Святой! 
       Входя в неё,     вхожу в огонь!
       Течёт река       в святой земле 
       От трона Бога моего ко мне!-2р.

2. Не желаю слышать о грехах, пороках..
В сердце сохраню я Твой покой!
Твой огонь и ветер обжигают душу,
В Небо унося речной волной!

3. Обмелели реки тех, кто выбирает
Славу от людей и свой успех!
На златую клетку Бога променяли,
Выбрали пустыню, не желая рек…";"{title: Не желаю злата}
{key: Am}
{capo: +3}


[Am]Не желаю злат[Dm]а,    [E]не желаю сл[Am]авы, - 
Богатство [Dm]дурак[E]ов    не для [Am]меня!
[Am]Выбирают [Dm]люд[E]и    берег левый-пр[Am]авый[F]…
Только мне н[Dm]ужн[E]а      сама [Am]река![A7]
Пр. Моя р[Dm]ека [G]–  Дух Свят[C]ой! [F]
       Входя в [Dm]не[E]ё,     вхожу в [Am]огонь![A7]
       Течёт р[Dm]ека       [G]в святой земл[C]е [F]
       От трона [Dm]Бога моег[E]о ко [Am]мне!-2р.

2. Не желаю слышать о грехах, пороках..
В сердце сохраню я Твой покой!
Твой огонь и ветер обжигают душу,
В Небо унося речной волной!

3. Обмелели реки тех, кто выбирает
Славу от людей и свой успех!
На златую клетку Бога променяли,
Выбрали пустыню, не желая рек…";;;;
0340;340;Ты приобрёл Себе сердца;Огненный ветер;Am;3;;4/4;;;V1 C V2;Огненный ветер (аккорды);;;;;"1.Ты приобрёл Себе сердца     Своею смертью на кресте!
И волю Своего Отца     Ты исполнял всегда, везде!
За Церковь  выкуп заплатил,     путь в Небо Словом показал!
Своею кровью искупил!     Невестой чистою назвал!

Пр. И Ты придёшь на землю!     Придёшь, как тать!
       Обнять Свою Невесту      и забрать!
       Елей польёшь на раны       и исцелишь!
       Из пепла восстановишь,     возродишь!

2. Мы ждём Тебя, как ждут весну, заботы мира позабыв,
Грехов смертельную вину Тебе на плечи возложив!
Наш дух взывает к Небесам, чтобы увидеть Тебя вновь!
Горит святым огнём в сердцах надежда, вера и любовь!";"
[Am]1.Ты приобрёл Се[A7]бе сердца     Своею [Dm]сме[G]ртью на кресте![C][F]
[Dm]И в[E]олю Своего Отца     Ты исполнял всегда, ве[Am]зде![A7]
[Dm]За [G]Церковь  выкуп заплатил,     путь в Небо Слово[C]м пок[F]азал!
[Dm]Своею[E] кровью искупил!     Невестой чистою н[Am]азвал![A7]

[A7]Пр. И Ты придёшь на землю!     Придёш[Dm]ь, как т[G]ать![C][F]
[Dm]       [E]Обнять Свою[Am] Невест[A7]у      и забрать!
[Dm]      [G] Елей польёшь н[C]а раны    [F]   и исцелишь!
[Dm]       Из п[E]епла восстано[Am]вишь,     возродишь!

2. Мы ждём Тебя, как ждут весну, заботы мира позабыв,
Грехов смертельную вину Тебе на плечи возложив!
Наш дух взывает к Небесам, чтобы увидеть Тебя вновь!
Горит святым огнём в сердцах надежда, вера и любовь!";;;;
0341;341;Боль белой стеной;Огненный ветер;Am;4;;4/4;;;V1 C V2;Огненный ветер (аккорды);;;;;"
1. Не могу без Тебя    я прожить ни дня, ни ночи!
Мой Господь дорогой, Ты мне нужен очень-очень!
Солнышко светит ласково по всей планете…
Только свет от любви ярче всех огней на свете…

2. Что мне ливни и зной, и мороз колючей стужи!
Мой Господь дорогой, Ты мне очень-очень нужен!
Солнышко светит – радуются всюду дети,
Наполняться Тобой будем вместе на рассвете!

3. Мне любовь дорога, с нею дух сильнее плоти,
Славить буду Тебя, танцевать и петь в свободе!
Солнышко светит, чтоб любовью Бога встретить!
Разносить по земле будет её свежий ветер!
";"{title: Не могу без Тебя}
{key: Am}
{capo: +4}


1. Не мог[Am]у без Т[Dm]ебя    [E]я прожить ни дня, ни [Am]ночи!
[Am]Мой Господь [Dm]дорогой, Т[E]ы мне нужен очень-[Am]очень!
С[A7]олнышко св[Dm]етит л[G]асково по всей план[C]ете…
Т[F]олько свет [Dm]от любви [E]ярче всех огней на [Am]свете…

2. Что мне ливни и зной, и мороз колючей стужи!
Мой Господь дорогой, Ты мне очень-очень нужен!
Солнышко светит – радуются всюду дети,
Наполняться Тобой будем вместе на рассвете!

3. Мне любовь дорога, с нею дух сильнее плоти,
Славить буду Тебя, танцевать и петь в свободе!
Солнышко светит, чтоб любовью Бога встретить!
Разносить по земле будет её свежий ветер!
";;;;
0342;342;Любовь от Бога!;Огненный ветер;Am;2;;4/4;;;V1 C V2 V3;Огненный ветер (аккорды);;;;;"
1.Не могу пройти я      мимо глаз печальных, 
Мимо слёз и плача, и людских страданий…
Сердце стонет горько, когда видит войны!
Как же нам проклятие победить Любовью?

Пр. Господи, Боже, помоги! Господи, Боже! – 2р.

2. Мир устал от грязи, зла и пререканий!
Брат восстал на брата, словно гордый Каин!
Царства злом покрыты и короной власти!
Солнце правды скрылось в полосе ненастий!

3.Кровь и дым пожара видят Твои очи!
Взрывы преступлений в апогее ночи!
Без Тебя проблемы мы решить не сможем!
Мы к Тебе взываем, милосердный Боже!

";"{title: Не могу пройти я}
{key: Am}
{capo: +2}


1.Н[Am]е могу пройт[Dm]и [E]я      [Am]мимо глаз п[Dm]ечальных, [E]
Мимо слёз и плача, и людских страданий…
Сердце стонет горько, когда видит войны!
Как же нам проклятие победить Любовью?

Пр. [Am]Господи, [Dm]Боже, помог[E]и! [Am]Господи, [Dm]Боже! [E]– 2р.

2. Мир устал от грязи, зла и пререканий!
Брат восстал на брата, словно гордый Каин!
Царства злом покрыты и короной власти!
Солнце правды скрылось в полосе ненастий!

3.Кровь и дым пожара видят Твои очи!
Взрывы преступлений в апогее ночи!
Без Тебя проблемы мы решить не сможем!
Мы к Тебе взываем, милосердный Боже!

";;;;
0343;343;Я повернусь к печальным дням;Огненный ветер;Am;3;;4/4;;;V1 C V2;Огненный ветер (аккорды);;;;;"1. Я повернусь к печальным дням, я повернусь к беде спиной!
Я знаю, что любовь Твоя повсюду следует за мной!
Без страха по воде пойду! Пройду я горы и хребты,
Твоя любовь всегда со мной в долине смертной темноты!

Пр. Господь мой, Тебе служу своей душой и сердцем!
       Все слёзы исчезнут вмиг мои!
       Мой Пастырь, ведёшь меня долиной смертной тени,
       И веру влагаешь мне в любви!

2. Узнать, что будет впереди, Ты позволяешь иногда!
Ты говоришь мне о любви, что будет вечною она!
Ты открываешь для меня дверь к храму сердца Своего!
Вхожу без страха  в Твой покой, мой Бог, любимый и родной!";"
[Am]1. Я повернусь к печальным дням, я повернусь к беде спиной![G]
[F]Я знаю, что любовь Твоя повсюду следует за мн[G]ой![Am]
[Am]Без страха по воде пойду! Пройду я горы и хребты,[G]
[F]Твоя любовь всегда со мной в долине смертной темноты[G]![Am]

[Dm]Пр. Господь мой, Те[E]бе служу своей душой и сердцем![Am]
[Dm]       Все [E]слёзы исчезнут вмиг м[Am]ои!
[Dm]       Мой Пастырь[E], ведёшь меня долиной смертной тени,[Am][F]
[Dm]       И ве[E]ру влагаешь мне в любви[Am]!

2. Узнать, что будет впереди, Ты позволяешь иногда!
Ты говоришь мне о любви, что будет вечною она!
Ты открываешь для меня дверь к храму сердца Своего!
Вхожу без страха  в Твой покой, мой Бог, любимый и родной!
";;;;
0344;344;Посмотри, как легко;Огненный ветер;Am;1;;4/4;;;V1 C V2 V3;Огненный ветер (аккорды);;;;;"
1. Посмотри, как легко в небе птица парит,
В небесах высоко Бог все песни хранит!
Когда боль и огонь будут душу пронзать,
Песни поздним дождём будет Бог изливать!  

Пр. Сколько было боли позади! 
       Столько будет счастья впереди!
       Если  не смотреть, что зло, как мгла,- 
       Будешь видеть только облака!

2. Разожжёт свой огонь тот, кто хочет служить!
Кто не хочет во тьме равнодушия ходить!
Пусть порой нелегко будет цепи порвать,
Будет кровь, но зато будешь в небе летать!

3. Посмотри, кто твой друг? С кем ты будешь идти
По камням через тьму по земному пути!
Лучше петь через боль, чем в ночи умереть…
Лучше жить как герой, чем бесславно сгореть!";"{title: Посмотри, как легко}
{key: Am}
{capo: +1}


1. Посм[Am]отри, как л[Dm]егко в небе пт[G]ица пар[C]ит,
В небес[F]ах выс[Dm]око Бог все [E]песни хранит!
Когда [Am]боль и [Dm]огонь будут д[G]ушу пронз[C]ать,
Песни п[F]оздним дожд[Dm]ём будет [E]Бог изливать!  

Пр. [Am]Сколько было боли позади! 
       [Dm]Столько будет счастья вп[E]ереди!
       [Am]Если  не смотреть, что зл[F]о, как мгла,- 
       [Dm]Будешь видеть только [E]облака!

2. Разожжёт свой огонь тот, кто хочет служить!
Кто не хочет во тьме равнодушия ходить!
Пусть порой нелегко будет цепи порвать,
Будет кровь, но зато будешь в небе летать!

3. Посмотри, кто твой друг? С кем ты будешь идти
По камням через тьму по земному пути!
Лучше петь через боль, чем в ночи умереть…
Лучше жить как герой, чем бесславно сгореть!";;;;
0345;345;За дождём;Огненный ветер;Am;3;;4/4;;;V1 V2 C V3 C;Огненный ветер (аккорды);;;;;"
1.Не опускай!     Не опускай! 
Рук своих никогда не опускай!
Не отпускай!      Не отпускай! 
Память солнечных дней не отпускай!

Пр. Радость прогонит печаль! Твёрже становится сталь
       Веры твоей в череде испытаний!
       Слёзы и боль, как цена, Богом назначена, 
       Чтобы любовь победила в страданиях!

2. Не обжигай! Не обжигай! 
Тех, кто любит тебя, не обжигай!
Не забывай! Не забывай! 
Слов признаний своих не забывай!

3. Не умолкай! Не умолкай! 
О любви говори! Не умолкай!
Не умирай! Не умирай! Лучше вечно живи! Не умирай!

Не обжигай! Не забывай! Не умолкай! Не умирай!";"{title: Не опускай!}
{key: Am}
{capo: +3}


1.Не опуск[Am]ай!     [G]Не опуск[F]ай! [Am]
Рук св[Dm]оих никогд[F]а не опуск[Am]ай!
Не отпуск[Am]ай!      [G]Не отпуск[F]ай! [Am]
Память [Dm]солнечных дн[F]ей не отп[Am]ускай!

Пр. Радость прог[Am]онит печ[Dm]аль! Твёрже ст[Am]ановится [Dm]сталь
       Веры тво[F]ей в чер[Dm]еде испыт[E]аний!
       Слёзы и [Am]боль, как ц[Dm]ена, Богом н[Am]азнач[Dm]ена, 
       Чтобы люб[F]овь побед[Dm]ила в страд[E]аниях!

2. Не обжигай! Не обжигай! 
Тех, кто любит тебя, не обжигай!
Не забывай! Не забывай! 
Слов признаний своих не забывай!

3. Не умолкай! Не умолкай! 
О любви говори! Не умолкай!
Не умирай! Не умирай! Лучше вечно живи! Не умирай!

Не обжигай! Не забывай! Не умолкай! Не умирай!";;;;
0346;346;Я не умру, но буду жить! (Пс.117);Огненный ветер;Em;2;;4/4;;;V1 C V2 V3;Огненный ветер (аккорды);;;;;"1. Я не умру, но буду жить, чтоб возвещать дела Господни!
Я буду петь хвалу Тебе, мой Бог вовек превознесённый!
Из тесноты воззвал к Нему! Услышал Он мою молитву!
Не устрашусь я тьмы врагов! Со мной идёт Господь на битву!

Пр. Слава Ему! Ибо Он благ! Ибо вовек милость Его!

2. Что сделает мне человек, когда Господь везде поддержит?
Он – моя сила, моя песнь, моё спасенье и надежда!
Соделался главой угла,  напрасно камень был отвергнут!
Десница Бога высока! Его рукою враг низвергнут!

3. Сей день Господь наш сотворил! Возвеселимся в доме Божьем!
И в радости благословим! Благословен Грядущий вскоре!
Ты – Бог мой! Славить буду я, превозносить Господне имя!
Ты возлюбил и спас меня! Твоя любовь непобедима!";"
[Em]1. Я не умру, но буду жить, [Am]чтоб возвещать д[C]ела Господни![H7][Em]
[Em]Я буду петь хвалу Тебе, мой[Am] Бог вовек п[C]ревознесённый![H7][Em]
[Em]Из тесноты воззвал к Нему! Услыш[Am]ал Он мою [C]молитву![H7][Em]
[Em]Не устрашусь я тьмы врагов! Со мно[Am]й идёт Господь[C] на битву![H7][Em]

[Em]Пр. Слава Ему! Ибо Он благ! Иб[Am]о вове[C]к милость Его![H7][Em]

2. Что сделает мне человек, когда Господь везде поддержит?
Он – моя сила, моя песнь, моё спасенье и надежда!
Соделался главой угла,  напрасно камень был отвергнут!
Десница Бога высока! Его рукою враг низвергнут!

3. Сей день Господь наш сотворил! Возвеселимся в доме Божьем!
И в радости благословим! Благословен Грядущий вскоре!
Ты – Бог мой! Славить буду я, превозносить Господне имя!
Ты возлюбил и спас меня! Твоя любовь непобедима!";;;;
0347;347;Веселись, душа! (Втор.16);Огненный ветер;Am;3;;4/4;;;V1 C V2 V3 V4;Огненный ветер (аккорды);;;;;"
Не поверю я     берегам речным, 
Отражениям    в зеркалах!
Лишь Твоя любовь,    Твоя истина 
Поведёт меня   в Небеса!
Лишь Твоя любовь,    Твоя истина 
Поведёт меня   в Небеса!

2.Столько разных слов сердце слышало, 
Нежных, ласковых, как трава...
Но напрасно им сердце верило, - 
Не исполнились те слова… - 3р.

3. Лишь Твоя любовь песней радостной
Дарит сердцу мир и покой!
Исцелил меня мой Возлюбленный, 
Мой Господь Иисус, мой Родной! - 3р.";"{title: Не поверю я}
{key: Am}
{capo: +3}


Не повер[Am]ю я     [E]берег[Am]ам речным, 
Отр[Dm]ажени[E]ям    в з[Am]еркалах![E]
Лишь Тв[Am]оя любовь,    [E]Твоя [Am]истина 
Пов[Dm]едёт мен[E]я   в Н[Am]ебеса![A7]
Лишь Тв[Dm]оя любовь,    [G]Твоя [C]истина [F]
Повед[Dm]ёт мен[E]я   в Неб[Am]еса!

2.Столько разных слов сердце слышало, 
Нежных, ласковых, как трава...
Но напрасно им сердце верило, - 
Не исполнились те слова… - 3р.

3. Лишь Твоя любовь песней радостной
Дарит сердцу мир и покой!
Исцелил меня мой Возлюбленный, 
Мой Господь Иисус, мой Родной! - 3р.";;;;
0348;348;Тик-так…;Огненный ветер;Am;3;;4/4;;;V1 V2 V3 V4;Огненный ветер (аккорды);;;;;"1. Тик-так! За стеной…Тик-тик-так! Ходит сон!
Спи, усни, мой малыш! Милый, дорогой! – 2р.

2. Ночь придёт к малышу! Я её приглашу!
Спи, усни, мой малыш! Милый, дорогой! – 2р.

3. Здесь – ночь! Там – день! Ходит сон, как тень…
Спи, усни, мой малыш! Милый, дорогой! – 2р.

4. Всех людей Бог хранит! Мой малыш мирно спит!
Спит, уснул мой малыш! Милый, дорогой! – 2 р.";"
[Am]1. Тик-так! За стеной…Тик-тик-так! Ходит сон!
[Dm]Спи, усни, мой малыш! Милый, дорогой![Am] – 2р.[E][Am]

2. Ночь придёт к малышу! Я её приглашу!
Спи, усни, мой малыш! Милый, дорогой! – 2р.

3. Здесь – ночь! Там – день! Ходит сон, как тень…
Спи, усни, мой малыш! Милый, дорогой! – 2р.

4. Всех людей Бог хранит! Мой малыш мирно спит!
Спит, уснул мой малыш! Милый, дорогой! – 2 р.";;;;
0349;349;Прекрасный день;Огненный ветер;Am;3;;4/4;;;V1 C V2 V3;Огненный ветер (аккорды);;;;;"
1. Прекрасный день, душа поёт! А в небе белый самолёт
Летит к просторам голубым, ведь он летит в Иерусалим!

Пр. Израиль – ты моя семья! С Тобою мы навек друзья!
       Тебе спою я песнь свою! Тебе цветы я подарю!

2. Пусть солнца луч устал сиять, - и солнцу надо отдыхать!
На небе звёзд полным-полно, расшито ими полотно!

3. На карте много городов, но нам один по сердцу кров!
Такой на всей земле один – прекрасный град Иерусалим!";"{title: Прекрасный день}
{key: Am}
{capo: +3}


1. Прекрасный [Am]день, душа поёт! А в небе [Dm]белый самол[E]ёт
Летит к пр[Am]осторам голубым, ведь он л[Dm]етит в Иерусал[E]им!

Пр. Израиль – [A7]ты моя семь[Dm]я! С Тобою м[G]ы навек друзь[C]я!
       Тебе спо[F]ю я песнь св[Dm]ою! Тебе цвет[E]ы я под[Am]арю!

2. Пусть солнца луч устал сиять, - и солнцу надо отдыхать!
На небе звёзд полным-полно, расшито ими полотно!

3. На карте много городов, но нам один по сердцу кров!
Такой на всей земле один – прекрасный град Иерусалим!";;;;
0350;350;Идите к водам, жаждущие! (Ис.55, Ин.7:37, Пр.9:5);Огненный ветер;Am;4;;4/4;;;V1 C V2 V3 V4;Огненный ветер (аккорды);;;;;"
1.Не поднимайте руки на Христа,
Ведь вы Его давно уже распяли.
Но возносите руки к Небесам,
Которые Отец простер над вами!

2. Не обижайте тех, кто служит вам,
Они за вас сражаются до крови!
Не причиняйте вы им лишних ран, 
Не причиняйте вы им лишней боли.

3. Не забывайте Божьих сыновей,
Через Христа мы породнились кровью.
Нет никого на свете нам родней 
Его семьи, наполненной любовью!

4. Зеркально чист у Бога тронный зал,
Там все стоять мы будем очень скоро!
Там будет пир и будет первый бал
И брачный танец с Женихом у трона!";"{title: Не поднимайте руки на Христа}
{key: Am}
{capo: +4}


1.Не [Am]поднимайте руки [E]на Христа,[Am]
Ведь вы Его давн[E]о уже расп[Am]яли.
[A7]Но возносите руки к Неб[Dm]есам,
[Am]Которые От[E]ец простер над [Am]вами!

2. Не обижайте тех, кто служит вам,
Они за вас сражаются до крови!
Не причиняйте вы им лишних ран, 
Не причиняйте вы им лишней боли.

3. Не забывайте Божьих сыновей,
Через Христа мы породнились кровью.
Нет никого на свете нам родней 
Его семьи, наполненной любовью!

4. Зеркально чист у Бога тронный зал,
Там все стоять мы будем очень скоро!
Там будет пир и будет первый бал
И брачный танец с Женихом у трона!";;;;
0351;351;Эх, да есть у меня;Огненный ветер;Am;2;;4/4;;;V1 C V2 V3 V4;Огненный ветер (аккорды);;;;;"
1. Эх, да есть у меня песня новая! 
Эх, да есть у меня Слово для тебя!
Всё вокруг говорит истину спасения:
Что Иисус, мой Господь умер за меня!

Пр. Танцуй, душа моя! Хоп-хоп-опа! 
       Пой, душа, веселись! Хоп-хоп-опа!
       Танцуй, душа моя! Хоп-хоп-опа! 
       Пой и снова веселись! Хоп-хоп-опа!

2. С неба новое вино излилось рекой!
Не хочу пить один, буду пить с тобой!
Буду петь, танцевать, хороводов круг водить!
Буду радостью всей Господу служить!

3. Ты вставай в хоровод, и со мною пой:
«Слава, слава Тебе, мой Иисус родной!»
Хочется хохотать с Ангелами от души!
Мёртвых всех разбудить и растормошить!

4. Посмотри и пойми, как любовь сильна!
Пой и чашу испей нового вина!
Нам ни смерть не страшна, ни мороз, ни зной!
Выходи танцевать в радости со мной!";"{title: Эх, да есть у меня}
{key: Am}
{capo: +2}


1. Эх, да [Am]есть у меня песня нова[Dm]я! 
Эх, да [G]есть у меня Сл[E]ово для теб[Am]я!
Всё в[Am]округ говорит истину спасени[Dm]я:
Что Иис[G]ус, мой Господь [E]умер за мен[Am]я!

Пр. Танц[Am]уй, душа моя! Хоп-хоп-[Dm]опа! 
       Пой, душ[G]а, веселись! Х[E]оп-хоп-[Am]опа!
       Танц[Am]уй, душа моя! Хоп-хоп-[Dm]опа! 
       Пой и сн[G]ова веселись! Х[E]оп-хоп-[Am]опа!

2. С неба новое вино излилось рекой!
Не хочу пить один, буду пить с тобой!
Буду петь, танцевать, хороводов круг водить!
Буду радостью всей Господу служить!

3. Ты вставай в хоровод, и со мною пой:
«Слава, слава Тебе, мой Иисус родной!»
Хочется хохотать с Ангелами от души!
Мёртвых всех разбудить и растормошить!

4. Посмотри и пойми, как любовь сильна!
Пой и чашу испей нового вина!
Нам ни смерть не страшна, ни мороз, ни зной!
Выходи танцевать в радости со мной!";;;;
0352;352;Муж блажен (Пс. 1);Огненный ветер;Am;3;;4/4;;;V1 C V2 C;Огненный ветер (аккорды);;;;;"
1.Не убивай меня, мой брат! 
В нас кровь одна течёт с тобою!
Я за тебя молиться рад! Мы связаны одной судьбою!
У нас  с тобой один Отец! У нас с тобой одно крещенье!
У нас один на всех венец святого Божьего спасения!

2.Не убивай меня, мой брат! Зачем ты взял оружие в руки?
И почему огнём горят твои глаза в смертельной муке?
Зачем ты вышел собирать слова лжецов? Пустую веру?
Зачем ты хочешь разорвать живую связь души и тела?

3. Не убивай меня, мой брат! Не Каин ты! А я – не Авель!
Ты – Божьей армии солдат! 
Тебе я Пётр! А ты мне – Павел!
Давай мы лучше посидим, споём вдвоём для Бога песню!
Ты – не один! Я – не один! 
Зачем дышать смертельной местью?

4. Я так люблю тебя, мой брат! Тебе я лишь добра желаю!
Не дай испить мне горький яд! Тебе я жить не помешаю!
Свобода нам в любви дана! 
В крови святой дано прощение!
Любовь с тобой у нас одна! 
Один Господь! Одно спасение!";"{title: Не убивай меня!}
{key: Am}
{capo: +3}


1.Н[Am]е убивай м[Dm]еня, мой брат! 
В нас кр[E]овь одна т[Am]ечёт с тобою!
Я [F]за тебя мол[Dm]иться рад! Мы св[E]язаны одн[Am]ой судьбою!
У [Dm]нас  с тобой од[E]ин Отец! [Am]У нас с т[G]обой [F]одно крещенье!
У [Dm]нас один на [F]всех венец св[Dm]ятого Божь[E]его спасения!

2.Не [Am]убивай м[Dm]еня, мой брат! Зач[G]ем ты взял [C]оружие в руки?
[F]И почему огн[Dm]ём горят тв[E]ои глаза в смертельной муке?
Зачем ты вышел собирать слова лжецов? Пустую веру?
Зачем ты хочешь разорвать живую связь души и тела?

3. Не убивай меня, мой брат! Не Каин ты! А я – не Авель!
Ты – Божьей армии солдат! 
Тебе я Пётр! А ты мне – Павел!
Давай мы лучше посидим, споём вдвоём для Бога песню!
Ты – не один! Я – не один! 
Зачем дышать смертельной местью?

4. Я так люблю тебя, мой брат! Тебе я лишь добра желаю!
Не дай испить мне горький яд! Тебе я жить не помешаю!
Свобода нам в любви дана! 
В крови святой дано прощение!
Любовь с тобой у нас одна! 
Один Господь! Одно спасение!";;;;
0353;353;За горой (зимняя колыбельная);Огненный ветер;Am;3;;4/4;;;V1 C V2 V3 V4;Огненный ветер (аккорды);;;;;"
1.Не умру! Буду вечно жить с Тобой
И в любви возвещать дела Твои!
Не умру! Я спасён Тобой от зла! 
Ты открыл предо мною Небеса!
Пр. Буду жить Тобой,    мой Иисус родной!
       В песнях кровь стучит    Твоим ритмом!
       Пусть на Небеса потечёт рекой
       Фимиам любви и молитвы!

2. Этот день сотворил для нас Господь,
Чтобы петь в ликовании сердец!
Ты Бог мой! Буду славить я Тебя!
И вовек будет жить любовь Твоя!

";"{title: Не умру}
{key: Am}
{capo: +3}


1.Не [Am]умру! Буду [Dm]вечно ж[E]ить с Тоб[Am]ой
И в любви возв[Dm]ещать д[E]ела [Am]Твои![F#]
Не умр[Hm]у! Я сп[Em]асён Тоб[F#]ой от [Hm]зла! [E]
Ты откр[Am]ыл предо [Dm]мною [E]Неб[Am]еса!
Пр. Буду ж[Dm]ить Тобой,    [G]мой Иис[C]ус родной![F]
       В песнях [Dm]кровь стуч[E]ит    Твоим [Am]ритмом!
       Пусть на Небеса потечёт рекой
       Фимиам любви и молитвы!

2. Этот день сотворил для нас Господь,
Чтобы петь в ликовании сердец!
Ты Бог мой! Буду славить я Тебя!
И вовек будет жить любовь Твоя!

";;;;
0354;354;В страхе Божьем;Огненный ветер;Am;3;;4/4;;;V1 C V2;Огненный ветер (аккорды);;;;;"
1.Не хотят летать лебеди; выбрали себе озеро…
Оставаться б им белыми, только стали вдруг – чёрными!
Позабыли быть птицами, и любить по-лебединому…
Камыши себе выбрали, в темноте ночной сгинули!

Пр. Где же вы,     птицы белые?          Белоснежные лебеди?
       Что с собой      вы наделали?   Для себя    что вы выбрали?

2. Дни, года идут медленно! В монотонности прячутся!
На календаре месяцы друг от друга удаляются!
Небеса остались прежними и призвания непреложными,
Только потерялись лебеди, крылья их для Неба сложены!

3. Слышно, как гремит грозами тьма грядущая, смертная!
Поднимайтесь ввысь, лебеди! Поднимайтесь ввысь с песнею!
Лучше вам летать с битвами! 
Стать от крови лучше красными!
Вспомните любовь верную! К Небесам любовь светлую!";"{title: Не хотят летать лебеди}
{key: Am}
{capo: +3}


[Am]1.Не хотят летать [Dm]лебеди; в[E]ыбрали себе [Am]озеро…
[F]Оставаться б им [Dm]белыми, [E]только стали вдруг – [Am]чёрными!
[A7]Позабыли быть [Dm]птицами, [G]и любить по-лебед[C]иному…
К[F]амыши себе [Dm]выбрали, в [E]темноте ночной [Am]сгинули!

Пр. [Dm]Где же вы,     [G]птицы [C]белы[F]е?    [Dm]      Белосн[E]ежные лебед[Am]и?
       [Dm]Что с собой      [G]вы над[C]елал[F]и?   [Dm]Для себ[E]я    что вы [Am]выбрали?

2. Дни, года идут медленно! В монотонности прячутся!
На календаре месяцы друг от друга удаляются!
Небеса остались прежними и призвания непреложными,
Только потерялись лебеди, крылья их для Неба сложены!

3. Слышно, как гремит грозами тьма грядущая, смертная!
Поднимайтесь ввысь, лебеди! Поднимайтесь ввысь с песнею!
Лучше вам летать с битвами! 
Стать от крови лучше красными!
Вспомните любовь верную! К Небесам любовь светлую!";;;;
0355;355;Ты – Бог мой! (Пс.62);Огненный ветер;Am;2;;4/4;;;V1 C V2 V3 C;Огненный ветер (аккорды);;;;;"1. Ты – Бог мой! Тебя от раннего утра ищу!
Так жаждет Тебя душа моя и плоть томится!
В земле пустой, пустой, пустой, иссохшей!
В пустыне жаркой и совсем безводной!
Ты – Бог мой! Тебя от раннего утра ищу!

Пр. Чтоб видеть силу Твою! Чтоб видеть славу Твою!
       Которую я видел во святилище!
       И милость лучше Твоя, чем жизнь пустая моя!
       Уста мои да восхвалят Тебя!

2. Благословлю Тебя я в жизни моей!
И вознесу во имя Бога я в бессилии  руки!
Как туком насыщается  душа моя
И, как елеем, гласом радости – уста мои!
Благословлю Тебя я в жизни моей!

3. Когда я размышляю о Тебе ночами,
То с моих уст хвала к Тебе всегда слетает!
Так прилепилась к Богу моему душа!
Так держишь Ты меня Своей десницей!
Когда я размышляю о Тебе ночами!

Пр. Ибо Ты – помощь моя! Ибо Ты – сила моя!
             В тени Твоих прекрасных крыл возрадуюсь!
             И милость лучше Твоя, чем жизнь пустая моя!
             Уста мои да восхвалят Тебя!";"
[Am]1. Ты – Бог [Dm]мой! Тебя от раннего утра и[E]щу![Am]
[Dm]Так жаждет Тебя душа моя и[E] плоть томится![Am]
[Dm]В земле пустой, пустой, [E]пустой, и[Am]ссохшей![F]
[Dm]В пустыне жаркой и с[E]овсем безв[Am]одной!
[Dm]Ты – Бог мой! Тебя от раннег[E]о утра ищу![Am]

[Dm]Пр. Чтоб в[E]идеть силу Твою! Чтоб видет[Dm]ь славу Тво[E]ю!
[Dm]     [E]  Которую я видел [Am]во святилище!
[Dm]       И мило[E]сть лучше Твоя, чем жизнь п[Dm]устая [E]моя!
[Dm]       [E]Уста мои да восхва[Am]лят Тебя!

2. Благословлю Тебя я в жизни моей!
И вознесу во имя Бога я в бессилии  руки!
Как туком насыщается  душа моя
И, как елеем, гласом радости – уста мои!
Благословлю Тебя я в жизни моей!

3. Когда я размышляю о Тебе ночами,
То с моих уст хвала к Тебе всегда слетает!
Так прилепилась к Богу моему душа!
Так держишь Ты меня Своей десницей!
Когда я размышляю о Тебе ночами!

Пр. Ибо Ты – помощь моя! Ибо Ты – сила моя!
             В тени Твоих прекрасных крыл возрадуюсь!
             И милость лучше Твоя, чем жизнь пустая моя!
             Уста мои да восхвалят Тебя!";;;;
0356;356;Я буду к Небу стремиться;Огненный ветер;Am;1;;4/4;;;V1 C V2 V3 C;Огненный ветер (аккорды);;;;;"1. Я буду к Небу стремиться,
Вот только крылья бы мне не опалить!
Я, как та глупая птица,      которой Богом не быть, не быть!

Пр. Птицы белые, розовые…Птицы глупые, но красивые…
       Сбились птицы с пути глупые…

2. Я буду к Богу стремиться,
Вот только знать бы свой путь наверняка…
Вот только б не заблудиться там, где вокруг одни облака…

3. К любви я буду стремиться,
Здесь на земле без любви мне не прожить!
Лишь в ней хочу раствориться! Любовью буду я дорожить!

Пр. Птицы белые, розовые…Птицы глупые, но красивые…
       Сбились птицы с пути глупые…
       Птицы белые, розовые…Птицы глупые, но красивые…
       Улетайте на юг, глупые…

Я буду к Небу стремиться…
Я буду к Богу стремиться…
К любви я буду стремиться…

         Розовых фламинго обнаружили в Сибири на реке Томь.
Вероятно, они заблудились по пути на зимовку в тропические районы,
и теперь им грозит гибель…
         Помочь выжить птицам сейчас способен только человек…";"
[Am]1. Я буду к Небу стремиться,[F][Dm]
[E]Вот только крылья бы мне не опалить!
[Am]Я, как та глупая птица,      которо[F]й Бог[Dm]ом не быть, не быть![E]

[Dm]Пр.[E] Пт[Dm]ицы белы[E]е, розовые…Птицы г[Dm]лупые[E], но красивые[Dm]…[E]
[Dm]       Сбились [G]птицы[F] с пути глу[E]пые…

2. Я буду к Богу стремиться,
Вот только знать бы свой путь наверняка…
Вот только б не заблудиться там, где вокруг одни облака…

3. К любви я буду стремиться,
Здесь на земле без любви мне не прожить!
Лишь в ней хочу раствориться! Любовью буду я дорожить!

Пр. Птицы белые, розовые…Птицы глупые, но красивые…
       Сбились птицы с пути глупые…
       Птицы белые, розовые…Птицы глупые, но красивые…
       Улетайте на юг, глупые…

Я буду к Небу стремиться…
Я буду к Богу стремиться…
К любви я буду стремиться…

         Розовых фламинго обнаружили в Сибири на реке Томь.
Вероятно, они заблудились по пути на зимовку в тропические районы,
и теперь им грозит гибель…
         Помочь выжить птицам сейчас способен только человек…";;;;
0357;357;Во мне поселилась любовь;Огненный ветер;Am;3;;4/4;;;V1 C V2 V3;Огненный ветер (аккорды);;;;;"
1.Не цветут в январе маки алые, и рябина не зреет весной…
О любви все слова запоздалые не споются, не скажутся мной!
У мечты крылья белые-белые, 
Манят ввысь сквозь туман будних дней,
И рисуют пунктирными стрелами направление жизни моей!

2.Поутру краски снов забываются: 
Так проходит и боль от потерь…
Даже если с мечтой мы расстанемся, -
Будет Ангел стоять у дверей!
Почтальоном он будет от Господа,
Приносящим букет жёлтых роз…
Он сошьёт из ненужного прошлого
Тонко-нежный платочек для слёз…

3.Не цветут в январе маки алые, и рябина не зреет весной…
Ну, а вдруг все слова запоздалые 
И споются и скажутся мной?!

А-а-а-а-а-а";"{title: Не цветут в январе}
{key: Am}
{capo: +3}


1.Не цвет[Am]ут в январе маки [Dm]алые, и ряб[E]ина не зреет весн[Am]ой…[E]
О любв[Am]и все слова запозд[Dm]алые не спо[E]ются, не скажутся [Am]мной!
У мечт[A7]ы крылья белые-б[Dm]елые, 
Манят вв[G]ысь сквозь туман будних дн[C]ей,
И рис[F]уют пунктирными стр[Dm]елами направл[E]ение жизни м[Am]оей!

2.Поутру краски снов забываются: 
Так проходит и боль от потерь…
Даже если с мечтой мы расстанемся, -
Будет Ангел стоять у дверей!
Почтальоном он будет от Господа,
Приносящим букет жёлтых роз…
Он сошьёт из ненужного прошлого
Тонко-нежный платочек для слёз…

3.Не цветут в январе маки алые, и рябина не зреет весной…
Ну, а вдруг все слова запоздалые 
И споются и скажутся мной?!

[Dm]А-а-[G]а-[C]а-[Am]а-а";;;;
0358;358;От края неба соберу (Втор.30, Иер.31:13);Огненный ветер;Am;4;;4/4;;;V1 C V2 V3;Огненный ветер (аккорды);;;;;"1. «От края неба соберу, чтобы явить в народе святость!
И снова Я соединю остаток Божий в Своё стадо!» -
Так Бог Великий говорит      про Свой народ обетования!
Он хочет их благословить     словами нашего признания!

Пр. Благословляю, благословляю,
       Благословляю я землю Бога!
       Благословляю, благословляю,
       Благословляю я Израэль!
       Глаза слепого, язык немого
       Пусть исцелятся рукой Благого!
       Во имя избранных и Мессии
       Пусть соберутся из всех земель!

2. И будут на Сионе петь, всем сердцем славу торжествуя!
Народ Твой блага будет есть, и не в печали, а ликуя!
Девицы встанут в хоровод, и старцы с юношами вместе.
Не будет слёз, а скорбь уйдёт на смену песни петь Невесте:

3. Обрежет сердце твоё Бог, чтобы любил Его душою!
Ты будешь слушать глас Его! Закон Его не за рекою!
И не за морем, а в словах: они в устах твоих и в сердце!
С избытком Бог даёт успех! Открой любви навстречу  дверцу!";"
[Am]1. «От края неба соберу, чтобы [Dm]явить в народе святость![E]
[Am]И снова Я соединю ост[F]аток Бо[Dm]жий в Своё стадо!» -[E][Am][E]
[Am]Так Бог Великий[Dm] го[E]ворит      про Свой народ обетования![Am][E]
[Am]Он хочет их благо[Dm]слови[E]ть     словами нашего признания![Am][E]

[Am]Пр. Благословляю, благ[Dm]ословляю,
[E]       Благословляю [Am]я землю [E]Бога!
[Am]       Благословляю, б[Dm]лагословляю,
[E]       Благосло[Am]вляю я [E]Израэль!
[Am]       Глаза слепо[Dm]го, язык немого
[E]       Пусть исцелятся р[Am]укой Бл[E]агого!
[Am]       Во имя избранных и[Dm] Мессии
[E]       Пусть соберутся из[Am] всех земель!

2. И будут на Сионе петь, всем сердцем славу торжествуя!
Народ Твой блага будет есть, и не в печали, а ликуя!
Девицы встанут в хоровод, и старцы с юношами вместе.
Не будет слёз, а скорбь уйдёт на смену песни петь Невесте:

3. Обрежет сердце твоё Бог, чтобы любил Его душою!
Ты будешь слушать глас Его! Закон Его не за рекою!
И не за морем, а в словах: они в устах твоих и в сердце!
С избытком Бог даёт успех! Открой любви навстречу  дверцу!";;;;
0359;359;Ищи огня;Огненный ветер;Am;4;;4/4;;;V1 C V2 V3;Огненный ветер (аккорды);;;;;"1. Небеса ликуют, славу воздают!
Перед троном Бога Ангелы поют:

Пр. Твою святость!    Твою святость!
      Твою святость, Бог! 
      Твою святость!    Твою святость!
      Твою святость, Бог!
      Твою святость!     Твою святость!
      Твою святость, Бог!
      Твою святость!     Твою святость!
      Твою святость, Бог!

2. Сердце ищет Бога, святости Творца!
Просит и взывает к милости Отца:

Пр. Говори нам! Говори нам!
       Говори нам, Бог! – 4р.

3. Церковь ожидает Господа с Небес! 
Пробужденья в сердце и по всей земле!

Пр. Дух Святой! Дух Святой!
       Дух Святой, приди! 4р.";"{title: Небеса ликуют}
{key: Am}
{capo: +4}

1. Неб[Am]еса ликуют, славу воздают!
[Dm]Перед троном Бога [E]Ангелы п[Am]оют:

Пр. Твою [Am]святость[G]!    Твою [F]святость![G]
      Твою св[Am]ятос[G]ть, Б[Am]ог! 
      Твою св[Am]ятость!    [G]Твою св[F]ятость![G]
      Твою [Am]свят[G]ость, [Am]Бог![F#]
      Твою св[Hm]ятость!     [A]Твою св[G]ятость![A]
      Твою св[Hm]ятост[A]ь, Б[Hm]ог!
      Твою св[Hm]ятость!     [A]Твою св[G]ятость![A]
      Твою [Hm]свят[A]ость, [Hm]Бог![E]

2. Сердце ищет Бога, святости Творца!
Просит и взывает к милости Отца:

Пр. Говори нам! Говори нам!
       Говори нам, Бог! – 4р.

3. [Hm]Церковь ожид[Em]ает Г[F#]оспода с Неб[Hm]ес! 
Пр[G]обужденья в с[Em]ердце [F#]и по всей земл[Hm]е![F#]

Пр. Дух Святой! Дух Святой!
       Дух Святой, приди! 4р.";;;;
0360;360;Мы с тобой;Огненный ветер;Am;2;;4/4;;;V1 C V2 V3;Огненный ветер (аккорды);;;;;"
Небесам небес не вместить Тебя!
В святости Своей Ты чудесен!
Выше облаков истина Твоя!
К ней хочу взлететь в своих песнях!

Пр. Льются песни! Пусть они летят навстречу ветру!
       Песни сердца! Прославляю в них Твоё имя!

2.Верить не хочу я земным путям,
Все они лишь скорбь и тревога!
Поведёт меня к Божьим Небесам 
Узкая тернистая дорога…

Пр. Льются слёзы! Тернии врезаются глубоко…
       Слёзы Бога! Омывают все мои раны…

3.Пусть душа поёт, не смотря на боль,
Лучшую свою песню сердца! 
Пусть поют Твои Ангелы со мной!
В хороводе кружится Невеста!

Пр. Льётся с Неба Твой елей последней встречи!
       Очень скоро будем навсегда мы вместе!
";"{title: Небесам небес}
{key: Am}
{capo: +2}


Небесам [Am]небес не вмест[G]ить Тебя!
В св[F]ятости Своей Ты ч[C]удесен![G]
В[Am]ыше облаков [G]истина Твоя!
К н[F]ей хочу взлететь в своих [C]песнях![G]

Пр. Ль[F]ются [Am]песни! [E]Пусть они летят навстречу [Am]ветр[-]у![G]
       П[F]есни [Am]сердца! Пр[E]ославляю в них Тво[Am]ё имя!

2.Верить не хочу я земным путям,
Все они лишь скорбь и тревога!
Поведёт меня к Божьим Небесам 
Узкая тернистая дорога…

Пр. Льются слёзы! Тернии врезаются глубоко…
       Слёзы Бога! Омывают все мои раны…

3.Пусть душа поёт, не смотря на боль,
Лучшую свою песню сердца! 
Пусть поют Твои Ангелы со мной!
В хороводе кружится Невеста!

Пр. Льётся с Неба Твой елей последней встречи!
       Очень скоро будем навсегда мы вместе!
";;;;
0361;361;Если завтра беда;Огненный ветер;Am;3;;4/4;;;V1 V2 V3 V4;Огненный ветер (аккорды);;;;;"
       1.Небеса    поют хвалу!
        И земля     Тебе поёт!
        И любовь, как поздний дождь,
        Вдруг с Небес к Тебе придёт! - 2р.

        Пр. Ты - наш Святой Бог! Ты – Всемогущий!
               Ты - Бог надежды, и любви всей Бог! 

2. Мне нужны Твои слова, мне нужна Твоя любовь!
А душа в Твоих руках тает словно тонкий лёд. - 2р.";"{title: Небеса поют хвалу}
{key: Am}
{capo: +3}


       1.Неб[Dm]еса    [E]поют [Am]хвалу!
        И земл[Dm]я     [E]Тебе п[Am]оёт!
        И люб[A7]овь, как поздний [Dm]дождь,
        Вдруг с Неб[Am]ес к Теб[E]е пр[Am]идёт! - 2р.[A7]

        Пр. Т[Dm]ы - наш Святой Бог! Т[E]ы – Всемог[Am]ущий!
               Т[F]ы - Бог над[Dm]ежды, и любв[E]и всей [Am]Бог! 

2. Мне нужны Твои слова, мне нужна Твоя любовь!
А душа в Твоих руках тает словно тонкий лёд. - 2р.";;;;
0362;362;Легко подняться;Огненный ветер;Am;4;;4/4;;;;Огненный ветер (аккорды);;;;;"
1. Небеса     проповедуют славу Божию! 
О делах     рук Его   вещает твердь!
Каждый день дню передаёт речь свою!
Ночь ночи     открывает знание!

Пр. Страх Господень чист! Истинны суды! 
       Вожделеннее        золота…
       Заповедь светла, душу веселят 
       Повеления          Господа!       

2. Небеса! Радуются все Небеса! 
Как жених солнце в них всегда живёт!
По земле звук проходит их, и слова!
Шествия до краёв земли солнце ждёт! 

3. Охраняй ими Ты меня на земле! 
Уст слова от грехов моих омой!
Буду чист в непорочности пред Тобой!
Навсегда - Избавитель Ты, Бог мой!
";"{title: Небеса проповедуют (Пс.18)}
{key: Am}
{capo: +4}


1. Неб[Am]ес[Dm]а     проповеду[E]ют славу Бож[Am]ию! 
[Am]О дел[Dm]ах     рук Ег[E]о   вещает [Am]твердь!
К[Am]аждый день [Dm]дню перед[E]аёт [Am]речь свою![F]
Ночь н[Dm]очи     [E]открывает зн[Am]ание!

Пр. Стр[A7]ах Господень [Dm]чист! [G]Истинны суд[C]ы! 
       В[F]ожделенн[Dm]ее        [E]зол[Am]ота…
       З[A7]аповедь св[Dm]етла, [G]душу весел[C]ят 
       П[F]овелени[Dm]я    [E]      Госп[Am]ода!       

2. Небеса! Радуются все Небеса! 
Как жених солнце в них всегда живёт!
По земле звук проходит их, и слова!
Шествия до краёв земли солнце ждёт! 

3. Охраняй ими Ты меня на земле! 
Уст слова от грехов моих омой!
Буду чист в непорочности пред Тобой!
Навсегда - Избавитель Ты, Бог мой!
";;;;
0363;363;Озябших рябин одинокие ягоды;Огненный ветер;Am;3;;4/4;;;V1 V2 V3 V4;Огненный ветер (аккорды);;;;;"1. Озябших рябин одинокие ягоды
Горчат, словно боль от полученных ран.
Я не знаю, как быть, я не знаю… и надо ли
Прятать горькую боль под замок в чемодан?

2. Переездов и рельс нескончаемы серии,
Из пыли прошлых лет, как немое кино!
Лица женщин, мужчин неспасённой империи
Пред глазами стоят, не понять – для чего?

3. Мне б распутать клубок паутины из осени
И прильнуть хоть на час мне к родному плечу!
Жемчуг Ангелы так незаметно подбросили,
Что спокойно я жизнь за него заплачу!

4. Уезжать от себя – невозможно,  и надо ли?
И от Божьей любви убегать ни к чему…
Соком красных рябин наливаются ягоды,
Перекрёстный огонь на холодном ветру…";"
[Am]1. Озябших рябин оди[Dm]нокие ягоды
[E]Горчат, словно боль от полученны[Am]х ран.
[F]Я не знаю, как быть, я не знаю…[Dm] и надо ли
[E]Прятать горькую боль под замок в че[Am]модан?[E]

[Am]2. Переездов и рельс несконча[Dm]емы серии,
[G]Из пыли прошлых лет, как не[C]мое кино!
[F]Лица женщин, мужчин неспасённой [Dm]империи
[E]Пред глазами стоят, не понять – для [Am]чего?

3. Мне б распутать клубок паутины из осени
И прильнуть хоть на час мне к родному плечу!
Жемчуг Ангелы так незаметно подбросили,
Что спокойно я жизнь за него заплачу!

4. Уезжать от себя – невозможно,  и надо ли?
И от Божьей любви убегать ни к чему…
Соком красных рябин наливаются ягоды,
Перекрёстный огонь на холодном ветру…";;;;
0364;364;Это похоже на дождь;Огненный ветер;Am;2;;4/4;;;V1 V2 V3;Огненный ветер (аккорды);;;;;"
Вст. А-а-а: Am Dm G E Am (E) – 2р.  

1. Это похоже на дождь в сладком плену сентября. 
Спелая, спелая рожь  зреет, колосья клоня. 
Это похоже на сон, тихо пришедшим в ночи, 
Где потревоженный кот от недовольства урчит. 

2. Это не больше, чем взгляд, с неба упавший в росу! 
Это не меньше наград тех, что я сердцем несу!
Ноги изранены в кровь, чтобы следы оставлять…
Мы вспоминаем любовь, чтобы нам не умирать…

3. Как же нам сложно понять, что мы стоим на краю!
Как же нам сложно принять волю святую Твою!
Ближе Твоей простоты нет ничего у меня:
Я выбираю мосты, сделанные из креста!";"{title: Это похоже на дождь}
{key: Am}
{capo: +2}


Вст. А-а-а: Am Dm G E Am (E) – 2р.  

1. [Am]Это похоже на [Dm]дождь в сл[G]адком плен[E]у сент[Am]ября. [E]
[Am]Спелая, спелая [Dm]рожь  зр[G]еет, кол[E]осья кл[Am]оня. [E]
[Am]Это похоже на [Dm]сон, [G]тихо приш[E]едшим в н[Am]очи, [E]
[Am]Где потревоженный [Dm]кот [G]от недов[E]ольства урч[Am]ит. [E]

2. Это не больше, чем взгляд, с неба упавший в росу! 
Это не меньше наград тех, что я сердцем несу!
Ноги изранены в кровь, чтобы следы оставлять…
Мы вспоминаем любовь, чтобы нам не умирать…

3. Как же нам сложно понять, что мы стоим на краю!
Как же нам сложно принять волю святую Твою!
Ближе Твоей простоты нет ничего у меня:
Я выбираю мосты, сделанные из креста!";;;;
0365;365;Будем строить;Огненный ветер;Am;3;;4/4;;;V1 C V2 V3;Огненный ветер (аккорды);;;;;"
1.Невесту Я зову, прекрасную Мою,
И нежную Мою, любимую!-2р.

Пр. Невеста!-3р. Моя! Невеста!-2р. искал Я Тебя!
       Невеста!-3р. Моя! Невеста-2р. нашёл Я Тебя!

2.Прошу, приди скорей! Открыта Моя дверь!
Я ждал Тебя давно: всю жизнь Твою (Мою)!-2р.";"{title: Невесту Я зову}
{key: Am}
{capo: +3}


1.Нев[Am]есту Я зову, прекр[F]асную Мою,
И н[Dm]ежную Мою, люб[E]имую!-2р.

Пр. Нев[DmF]еста![Dm]-3р. М[E]оя! Н[DmF]евеста!-2р. иск[Dm]ал Я Т[E]ебя!
       Невеста!-3р. Моя! Невеста-2р. нашёл Я Тебя!

2.Прошу, приди скорей! Открыта Моя дверь!
Я ждал Тебя давно: всю жизнь Твою (Мою)!-2р.";;;;
0366;366;Всё, что было;Огненный ветер;Am;1;;4/4;;;V1 C V2 V3 V4;Огненный ветер (аккорды);;;;;"
1. Нет тебя… Остыло сердце без огня! 
Позабыл      ты свою любовь!
Где же ты?      День за днём зову тебя! 
Райский сад     посетила ночь!

Пр.  Отзовись!      Выйди в свет из мрака! 
        Освятись     славою Моей!
        Ты мой сын!     Я кричал и плакал 
        Каждый день, каждый день!

2. Ты ушёл в поисках своей любви! Но она миру не дана!
За тобой бродит одиноко тень… 
Тень-любовь, тень-твоя судьба!

3.Я прошу, возвратись к Моей любви! 
Покорись, на колени встав!
Ты найдёшь первую свою любовь только так!
Знай же, -  только так!     

Пр.  Нет в любви горечи и лести!
        В ней душа обретёт покой!
        Так Жених говорит Невесте:         Я с тобой! Я с тобой…";"{title: Нет тебя}
{key: Am}
{capo: +1}


[Am]1. Н[Dm]ет тебя… [E]Остыло сердце б[Am]ез огня! 
[Dm]Позабыл      [E]ты свою люб[Am]овь!
[Dm]Где же ты?      [E]День за днём зов[Am]у теб[F]я! 
[Dm]Райский сад [E]    [Dm]посетила [Am]ночь![E]

Пр.  [Am]Отзов[Dm]ись!      [E]Выйди в свет из [Am]мрака! 
        [Am]Освят[Dm]ись     [E]славою М[Am]оей!
        [Am]Ты мой [Dm]сын!     [E]Я кричал и [Am]плак[F]ал 
        К[Dm]аждый день, каждый [E]день!

2. Ты ушёл в поисках своей любви! Но она миру не дана!
За тобой бродит одиноко тень… 
Тень-любовь, тень-твоя судьба!

3.Я прошу, возвратись к Моей любви! 
Покорись, на колени встав!
Ты найдёшь первую свою любовь только так!
Знай же, -  только так!     

Пр.  Нет в любви горечи и лести!
        В ней душа обретёт покой!
        Так Жених говорит Невесте:         Я с тобой! Я с тобой…";;;;
0367;367;Смерти в лицо смеяться;Огненный ветер;Em;2;;4/4;;;V1 C V2 V3;Огненный ветер (аккорды);;;;;"1. Смерти в лицо смеяться         может лишь Бог!
А мне бы не ошибаться        кто бы помог?
Верить врагу, как другу,         может лишь тот,
Кто ослеплённым ходит         в мире врагов!

Пр. Не унывай! Не унывай!
       На грани сил       придёт победа!
       Не унывай! Не унывай!
       Взяв крест любви,      за Богом следуй!

2. Как рисовать на карте розу ветров,
Если ветра сменились для дураков?
Если дорог не стало? Сны утекли?
Если осталось мало сил для войны?

3. Как позабыть, что были светлые дни?
Если покрыты краской чёрной они?
Если рукою друга, предан шутя,
И в один миг чужими стали друзья!";"
[Em]1. Смерти в лицо смеяться [H7]        [Am]может лишь Бог![H7]
[C]А мне бы не ошибаться[H7]        [Am]кто бы помог?[H7]
[Em]Верить врагу, как другу,      [H7]   мож[Am]ет лишь тот,[H7]
[C]Кто ослеплённым ходит      [H7]   в мир[Am]е врагов[H7]![Em][H7]

[Em]Пр. Не унывай! Н[Am]е унывай!
[C]     [H7]  На грани сил      [Em] придёт [H7]победа!
[Em]       Не унывай![Am] Не унывай!
[C]    [H7]   Взяв крест любв[Em]и,      за [H7]Богом следуй!

2. Как рисовать на карте розу ветров,
Если ветра сменились для дураков?
Если дорог не стало? Сны утекли?
Если осталось мало сил для войны?

3. Как позабыть, что были светлые дни?
Если покрыты краской чёрной они?
Если рукою друга, предан шутя,
И в один миг чужими стали друзья!";;;;
0368;368;Если ты поймёшь;Огненный ветер;Am;2;;4/4;;;V1 C V2;Огненный ветер (аккорды);;;;;"
1.Ни на бури, ни на ветры не смотря, 
Буду верить, буду верить я!
Обещаний не нарушу: буду жить! 
Буду верить и Тебе служить!

Пр. На ладони, на ладони пред Тобой 
       Вся моя жизнь! Я хочу быть с Тобой!
       Если хочешь, я Тебе её подарю! 
       Я Тебя, я Тебя люблю!

2. До сих пор стрелы смерти летят! 
Но они повернутся назад!
Моя вера их удары отразит! 
Моя песня в Небеса взлетит!

Пр. На ладони, на ладони пред Тобой 
       Вся моя жизнь! Я хочу быть с Тобой!
       Если хочешь, я Тебе её подарю! 
       Я Тебя, я Тебя люблю!
       Цвет у края горизонта голубой! 
       Слёзы и соль мы испили с Тобой!
       Столько трудных перекрёстков мы прошли,
       Чтобы песню для сердца найти!";"{title: Ни на бури}
{key: Am}
{capo: +2}


1.Ни на [Am]бури, ни на ветры не смотр[Dm]я, 
Буду в[E]ерить, буду верить [Am]я!
Обещ[F]аний не нарушу: буду [Dm]жить! 
Буду в[E]ерить и Тебе служ[Am]ить!

Пр. На л[A7]адони, на ладони пред [Dm]Тобой 
       Вся моя [G]жизнь! Я хочу быть с [C]Тобой!
       Если [F]хочешь, я Тебе её под[Dm]арю! 
       Я Т[E]ебя, я Тебя [Am]люблю!

2. До сих пор стрелы смерти летят! 
Но они повернутся назад!
Моя вера их удары отразит! 
Моя песня в Небеса взлетит!

Пр. На ладони, на ладони пред Тобой 
       Вся моя жизнь! Я хочу быть с Тобой!
       Если хочешь, я Тебе её подарю! 
       Я Тебя, я Тебя люблю!
       Цвет у края горизонта голубой! 
       Слёзы и соль мы испили с Тобой!
       Столько трудных перекрёстков мы прошли,
       Чтобы песню для сердца найти!";;;;
0369;369;Без Тебя мне - не прожить;Огненный ветер;Am;3;;4/4;;;V1 C V2 V3;Огненный ветер (аккорды);;;;;"
1. Мы поднимаем знамя веры своей святой!
Нас не смутят ни бури, и не палящий зной!
Пламенем нас очистит огненный серафим!
В повиновении Слову будет народ един!
                                       Будет народ един!

Пр. Новый встаёт народ! Слово хранящий, меч возносящий      
       Новый встаёт народ!
       Будем идти вперёд! В славе и силе новой России 
       Божий встаёт народ!

2. Дал нам Господь единство не для того, чтоб спать!
Будем спасенье Божье в истине возвещать!
Грех побеждая кровью Господа и Христа,
Жертвой живого Бога пусть оживёт страна!

Бр. Новое время, новое сердце, новый народ!
      Будем в единстве, в вере и силе идти вперёд!";"{title: Новый встаёт народ!}
{key: Am}
{capo: +3}


1. [Am]Мы поднимаем знам[F]я веры своей святой!
Н[Dm]ас не смутят ни бури, [F]и не палящий зн[E]ой!
Пл[Am]аменем нас очистит [F]огненный серафим!
В п[Dm]овиновении Слову [F]будет народ ед[E]ин!
                                       Б[F]удет народ ед[E]ин!

Пр. Н[Am]овый вст[G]аёт нар[F]од! Сл[Em]ово хранящий, [F]меч возносящий      
       Н[Dm]овый вст[Em]аёт нар[Am]од!
       Б[Am]удем идт[G]и впер[F]ёд! В сл[Em]аве и силе [F]новой России 
       Б[Dm]ожий вст[Em]аёт нар[Am]од!

2. Дал нам Господь единство не для того, чтоб спать!
Будем спасенье Божье в истине возвещать!
Грех побеждая кровью Господа и Христа,
Жертвой живого Бога пусть оживёт страна!

Бр. Н[Am]овое время, н[G]овое сердце, н[F]овый народ!
      Б[Am]удем в единстве, в в[G]ере и силе идт[F]и вперёд!";;;;
0370;370;О, Иисус, мой Иисус!;Огненный ветер;Am;3;;4/4;;;C V1 V2 V3 V4 C V5;Огненный ветер (аккорды);;;;;"Пр. О, Иисус, мой Иисус! О, Иисус, мой Господь!
       О, Иисус, мой Иисус! О, Иисус, мой Господь!

1. В мире много ураганов, и от них душа смущалась:
Без тепла и пониманья жить никак не получалось!

2. Неожиданно, нежданно в мою жизнь ворвался ветер,
Дождь пошёл и смыл проклятья грязных, тёмных, злых отметин!

3. Я прочёл судьбы страницы моего родного Бога:
И теперь я точно знаю, как найти к Нему дорогу!

4. В Небесах всё будет просто, там не будет битв и боли…
Но сейчас мне надо биться до последней капли крови!

Пр. О, Иисус, мой Иисус! О, Иисус, мой Господь!
       О, Иисус, мой Иисус! О, Иисус, мой Господь!

5.Ты возьми моё сердечко, душу, раненую болью,
Исцели Своею кровью, исцели Своей любовью!";"
[Am]Пр. О, Иисус, мой[E] Иисус! О, Иисус, мой Господь![Am]
       О, Иисус, мой Иисус! О, Иисус, мой Господь!

[Am]1. В мире м[E]ного ураганов, и от них душа смущалась:[Am]
[Dm]Без тепла и по[Am]ниманья жить никак н[E]е получалось![Am]

2. Неожиданно, нежданно в мою жизнь ворвался ветер,
Дождь пошёл и смыл проклятья грязных, тёмных, злых отметин!

3. Я прочёл судьбы страницы моего родного Бога:
И теперь я точно знаю, как найти к Нему дорогу!

4. В Небесах всё будет просто, там не будет битв и боли…
Но сейчас мне надо биться до последней капли крови!

[Dm]Пр. О, Иисус, мо[Am]й Иисус! О, Ии[E]сус, мой Господь![Am]
       О, Иисус, мой Иисус! О, Иисус, мой Господь!

5.Ты возьми моё сердечко, душу, раненую болью,
Исцели Своею кровью, исцели Своей любовью!";;;;
0371;371;Прости меня;Огненный ветер;Am;3;;4/4;;;V1 C V2;Огненный ветер (аккорды);;;;;"1. Прости меня, и буду я прощён!
Ты исцели, и буду исцелён!
Ты оживи меня, я буду жить!
Я буду жить и Господу служить!  -2р.

Пр. Я буду жить!    Я буду жить!
       Не превратится в темноту Твой яркий свет!
       Тебе служить! Тебе служить!
       Греху и смерти навсегда скажу я «нет!»

2. Хвала моя – Господь мой сильный Бог!
Я без хвалы Твоей прожить не смог!
Всегда входить в присутствие Твоё!
И наполняться жизнью до краёв!";"
[Am]1. Про[Dm]сти мен[E]я, и буду я прощ[Am]ён!
[F]Ты исцели[Dm], и [E]буду исцелён![Am]
[Am]Ты [Dm]оживи [E]меня, я буду жит[Am]ь!
[F]Я буду ж[Dm]ить и Го[E]споду служить!  -2р.[Am]

[Am]Пр. Я[G] буду жить!    Я [F]буду жит[E]ь!
[Dm]       Не превратится[E] в темноту Твой яркий[Am] свет!
[Am]       Те[G]бе служить![F] Тебе служи[E]ть!
[Dm]       Греху и сме[E]рти навсегда скажу [Am]я «нет!»

2. Хвала моя – Господь мой сильный Бог!
Я без хвалы Твоей прожить не смог!
Всегда входить в присутствие Твоё!
И наполняться жизнью до краёв!";;;;
0372;372;Силы мне дай;Огненный ветер;Am;3;;4/4;;;V1 C V3;Огненный ветер (аккорды);;;;;"1. Силы мне дай, чтоб всех любить!
«Силы мне дай!» – прошу в молитве
Силы мне дай, чтоб просто жить!
Силы мне дай в смертельной битве!
Я не пойду туда, где тьма, я не пойду, хоть будет трудно,
Я не хочу предать Отца, я не хочу стать сыном блудным!

 Пр. Я не боюсь! Я не боюсь! Я не боюсь, ведь Ты со мною!
        Пойду в огонь, - не обожгусь! Поддержишь Ты Своей рукою!
        Ты укрепишь меня, мой Бог! Закон любви Твоей всё Тот же!
        Лишь только Тот, Кто в нём живёт,
        Меня спасти от смерти может!

3. Я буду жить! Я буду петь! И не смотреть, что скажут люди…
Мне каждый шаг - в огне гореть!
Мне каждый шаг – страданием будет!
Даруй мне сил всё претерпеть и не упасть под тяжким гнётом!
В Твоём огне, в Твоей любви силы мне дай служить народам!";"
[Am]1. Силы мне дай[G], чтоб все[F]х любить!
[Dm]«Силы мне дай!» – прошу в мол[G]итве
[C]Силы мне дай, чтоб просто жи[F]ть!
[Dm]Силы мне дай в смертельной би[E]тве!
Я не пойду туда, где тьма, я не пойду, хоть будет трудно,
Я не хочу предать Отца, я не хочу стать сыном блудным!

[Am] Пр. Я не боюсь! Я[G] не боюсь! Я не боюс[Dm]ь, ведь Ты со мною![E]
[Am]        Пойду в огонь,[G] - не обожгусь! Поддержишь Ты С[F]воей рукою![E]
[C]        Ты укрепишь меня,[F] мой Бог! Закон любви [Dm]Твоей всё Тот же![G]
[C]        Лишь только Тот, Кт[F]о в нём живёт,
[Dm]        Меня спасти от см[G]ерти может!

3. Я буду жить! Я буду петь! И не смотреть, что скажут люди…
Мне каждый шаг - в огне гореть!
Мне каждый шаг – страданием будет!
Даруй мне сил всё претерпеть и не упасть под тяжким гнётом!
В Твоём огне, в Твоей любви силы мне дай служить народам!";;;;
0373;373;Я хочу говорить с тобой;Огненный ветер;Am;5;;4/4;;;V1 C V2;Огненный ветер (аккорды);;;;;"1. Я хочу говорить с тобой на одном языке
И хочу в лодке плыть одной с тобой по реке!
Я хочу подарить тебе своей жизни тепло
И подставить твоей душе Божьей силы крыло!

Пр. И с тобой будет всё так же, как со мной:
       Лунный свет и счастливый рассвет!
       И во сне приходить буду я к тебе,
       Чтоб помочь в вере не ослабеть!

2. Я хочу вместе ждать весны, первых нежных цветов!
Я хочу вместе быть с тобой и во сне, и без снов!
Чтобы мне о любви сказать Бог дарует слова,
Лишь из них будет сплетена новой жизни судьба!

Либо Em+0:
х2";"
[Am]1. Я хочу говорить с тобой на одном языке[Dm]
[E]И хочу в лодке плыть одной с тобой по реке![Am][-E]
Я хочу подарить тебе своей жизни тепло
И подставить твоей душе Божьей силы крыло!

[Am]Пр. И с тобой будет всё так же, как со мной:[Dm]
[F]       Лунный св[E]ет и счастливый рассвет![Am][-][E]
       И во сне приходить буду я к тебе,
       Чтоб помочь в вере не ослабеть!

2. Я хочу вместе ждать весны, первых нежных цветов!
Я хочу вместе быть с тобой и во сне, и без снов!
Чтобы мне о любви сказать Бог дарует слова,
Лишь из них будет сплетена новой жизни судьба!

Либо Em+0:
[Em] [Am] [H7] [Em] [C] [Am] [H7] [Em] [H7]
[Em]х2[Am][C][H7][Em][H7]";;;;
0374;374;Величьем облачён;Огненный ветер;Am;1;;4/4;;;V1 C V2;Огненный ветер (аккорды);;;;;"
1.Огненный ветер рождается в церкви, 
Огненный ветер Божьей любви!
Им наполняется каждое сердце,
Сердце святое в завете крови!

Пр. Мой Бог! Всем сердцем моля, 
       Мы ждём пламя огня Твоей любви, Твоей крови!
       Став все новым огнём, мы жизнь людям несём!
       Мы – миру свет и соль земли!
       На-на-на…

2. Огненный ветер несётся по свету, 
Огненный ветер нашей любви!
В Духе Святом обжигая планету,
Станем служить мы народам земли!
";"{title: Огненный ветер}
{key: Am}
{capo: +1}


1.[Am]Огненный ветер рожд[G]ается в церкви, 
[F]Огненный ветер Б[G]ожьей любви!
[Am]Им наполняется [G]каждое сердце,
С[F]ердце святое в зав[G]ете крови!

Пр. [Am]Мой Бог! Всем [G]сердцем моля, 
       М[F]ы ждём пл[G]амя огня Тво[F]ей любв[G]и, Тво[Am]ей крови!
       Ст[Am]ав все [G]новым огнём, [F]мы жизнь [G]людям несём!
       Мы – м[F]иру свет [G]и [Am]соль земли!
       [Am]На-н[G]а-[F]н[G]а…

2. Огненный ветер несётся по свету, 
Огненный ветер нашей любви!
В Духе Святом обжигая планету,
Станем служить мы народам земли!
";;;;
0375;375;Бога я в тесноте призвал;Огненный ветер;Am;3;;4/4;;;V1 C V2 C V3 C B C;Огненный ветер (аккорды);;;;;"
1. Оглянуться не успели, - время пронеслось:
Стал идти всё чаще за окошком дождь,
И быстрее солнце по утрам вставать! 
Времени не стало важное сказать…

2. Кажется, что что-то было, кажется, что – нет…
Где друзья былые? И ромашек цвет?
Всё куда-то делось, и исчезло вмиг, -
Болью отозвался в сердце чей-то крик…

Проигрыш       Am G    F E Am

3. Вот бы с небом слиться, раствориться в нём!
Стать бы в небе птицей, ветром иль огнём,
Чтоб забыть про время, прошлые мечты...
Сколько ж было в жизни грязной суеты!

4. Моё чудо совершилось, боли вопреки,
Жизнь открылась в песне, реки потекли,
Времени не стало, - ладно, ну и что ж…
Пусть идёт потоком за окошком дождь!

Проигрыш       Am G    F E Am

5. Чудо совершилось, боли вопреки,
Жизнь открылась в песне, реки потекли,
Времени не стало, - ладно, ну и что ж…
Пусть идёт потоком за окошком дождь!
";"{title: Оглянуться не успели}
{key: Am}
{capo: +3}


[Am]1. Оглянутьс[F]я не успели, - [Dm]время [Em]прон[Am]еслось:
Ст[F]ал идти всё [Dm]чаще [Em]за окошком д[Am]ождь,
И быстрее солнце по утрам вставать! 
Времени не стало важное сказать…

2. К[Am]ажется, что что-то было, [G]кажется, что – нет…
Гд[F]е друзья былые? [E]И ромашек цв[Am]ет?
Всё куда-то делось, и исчезло вмиг, -
Болью отозвался в сердце чей-то крик…

Проигрыш       Am G    F E Am

3. Вот бы с небом слиться, раствориться в нём!
Стать бы в небе птицей, ветром иль огнём,
Чтоб забыть про время, прошлые мечты...
Сколько ж было в жизни грязной суеты!

4. Моё чудо совершилось, боли вопреки,
Жизнь открылась в песне, реки потекли,
Времени не стало, - ладно, ну и что ж…
Пусть идёт потоком за окошком дождь!

Проигрыш       Am G    F E Am

5. Чудо совершилось, боли вопреки,
Жизнь открылась в песне, реки потекли,
Времени не стало, - ладно, ну и что ж…
Пусть идёт потоком за окошком дождь!
";;;;
0376;376;Русская душа;Огненный ветер;Am;2;;4/4;;;V1 C V2 C V3 C;Огненный ветер (аккорды);;;;;"1. Русская душа       очень хороша!     Русская душа    Богу не чужа!
Русская душа       всё обнять сильна:     горы и поля,  реки и моря…

Пр. Натяни гармонь сильнее, будет вместе веселее,
       Петь плясать для всех не лень нам в русской колыбели.
       Натяни гармонь сильнее,      будет вместе веселее,
       Петь плясать для всех не лень нам      в русской колыбели.

2. Строим дом большой русскою душой!
Строим дом большой вместе мы с тобой!
Батюшке-царю строим мы избу!
В гости пригласим новую судьбу!

Пр. Эх, просторные хоромы!
       Мы – просторные хоромы!
       Всех принять к себе готовы:
       И друзей и незнакомых!

3. Ах, поёт душа, хоть и без гроша!
Радостью полна русская душа!
Наш ответ всегда: «Это не беда!»
Наша простота – чистая вода!

Пр. Все скорей спешите к водам:
       К нашим русским чистым водам!
         Пусть запляшут все народы
          Русским хороводом!";"
[Am]1. Русская душа     [Dm]  о[G]чень хороша!     Русска[C]я ду[F]ша    Богу не чужа![Dm][E][Am]
[Am]Русская душа       [Dm]всё[G] обнять сильна:     горы и пол[C]я,  [F]реки и моря…[DmE][Am]

[Am]Пр. Натяни гармонь сильнее, будет вмест[Dm]е веселее,[Am]
[Am]       Петь плясать для всех не лень нам в русско[E]й колыбели.[Am]
[A7]       Натяни гармонь сильнее,      буде[Dm]т в[G]месте веселее,[C][F]
[Dm]       Петь [E]плясать для всех не лень нам     [Am] в русской колыбели.

2. Строим дом большой русскою душой!
Строим дом большой вместе мы с тобой!
Батюшке-царю строим мы избу!
В гости пригласим новую судьбу!

Пр. Эх, просторные хоромы!
       Мы – просторные хоромы!
       Всех принять к себе готовы:
       И друзей и незнакомых!

3. Ах, поёт душа, хоть и без гроша!
Радостью полна русская душа!
Наш ответ всегда: «Это не беда!»
Наша простота – чистая вода!

Пр. Все скорей спешите к водам:
       К нашим русским чистым водам!
         Пусть запляшут все народы
          Русским хороводом!
";;;;
0377;377;Хвалою дышит небосвод;Огненный ветер;Am;3;;4/4;;;V1 C V2 V3;Огненный ветер (аккорды);;;;;"1. Хвалою дышит небосвод, и всё поёт Ему:
Великому, любимому Богу моему!
В цветах запуталась роса, а ягоды в лугах –
Красные рубины в белых жемчугах!

Пр. Танцуй всегда! Танцуй со мной!
      Под летним солнцем ты танцуй, танцуй и под луной!
       Танцуй в горах, танцуй в реке,
       Под яркой радугой танцуй! Танцуй и при дожде!

2. Велик наш Бог в Своей любви! Познать её дано
Когда мы пьём её с тобой, как терпкое вино!
Как будто мир совсем другой и крылья за спиной,
Когда в свободе ветра танцуем мы с тобой!

3. Прекрасен мир вокруг меня, он Богом сотворён!
Пусть в радости Его любви растворится он!
И отраженьем на воде танцуют корабли
Парами с туманами дышащей земли!";"
[Am]1. Хвалою дышит небосвод, и [Dm]всё поёт Ему:
[G]Великому, любимому Богу моему![C]
[F]В цветах запуталась роса,[Dm] а ягоды в лугах –
[G]Красные рубины в белых жемчуг[E]ах!

[Am]Пр. Танцуй всегда! Танцу[Dm]й со мной!
[G]      Под летним солнцем ты танцуй, тан[E]цуй и под луной!
[Am]       Танцуй в горах,[Dm] танцуй в реке,
[G]       Под яркой радугой танцуй! Та[E]нцуй и при дожде!

2. Велик наш Бог в Своей любви! Познать её дано
Когда мы пьём её с тобой, как терпкое вино!
Как будто мир совсем другой и крылья за спиной,
Когда в свободе ветра танцуем мы с тобой!

3. Прекрасен мир вокруг меня, он Богом сотворён!
Пусть в радости Его любви растворится он!
И отраженьем на воде танцуют корабли
Парами с туманами дышащей земли!";;;;
0378;378;Благословен тебя благословляющий;Огненный ветер;Am;3;;4/4;;;V1 C V2;Огненный ветер (аккорды);;;;;"
1. Озябших рябин одинокие ягоды 
Горчат, словно боль от полученных ран.
Я не знаю, как быть, я не знаю… и надо ли
Прятать горькую боль под замок в чемодан?

2. Переездов и рельс нескончаемы серии,
Из пыли прошлых лет, как немое кино! 
Лица женщин, мужчин неспасённой империи
Пред глазами стоят, не понять – для чего?

3. Мне б распутать клубок паутины из осени
И прильнуть хоть на час мне к родному плечу!
Жемчуг Ангелы так незаметно подбросили,
Что спокойно я жизнь за него заплачу!

4. Уезжать от себя – невозможно,  и надо ли?
И от Божьей любви убегать ни к чему…
Соком красных рябин наливаются ягоды,
Перекрёстный огонь на холодном ветру…";"{title: Озябших рябин одинокие ягоды}
{key: Am}
{capo: +3}


1. Озябших ряб[Am]ин одинокие [Dm]ягоды 
Горчат, словно б[E]оль от полученных [Am]ран.
Я не знаю, как б[F]ыть, я не знаю… и [Dm]надо ли
Прятать горькую б[E]оль под замок в чемод[Am]ан?[E]

2. Переездов и [Am]рельс нескончаемы [Dm]серии,
Из пыли прошлых [G]лет, как немое кин[C]о! 
Лица женщин, мужч[F]ин неспасённой имп[Dm]ерии
Пред глазами сто[E]ят, не понять – для чег[Am]о?

3. Мне б распутать клубок паутины из осени
И прильнуть хоть на час мне к родному плечу!
Жемчуг Ангелы так незаметно подбросили,
Что спокойно я жизнь за него заплачу!

4. Уезжать от себя – невозможно,  и надо ли?
И от Божьей любви убегать ни к чему…
Соком красных рябин наливаются ягоды,
Перекрёстный огонь на холодном ветру…";;;;
0379;379;Иисус – Господь!;Огненный ветер;Am;3;;4/4;;;V1 V2 V3 B;Огненный ветер (аккорды);;;;;"
1.О, Иисус! Спаситель! Царь и Бог мой!
Пред Тобою я стою сейчас        в ярком свете Твоей славы!
Ожидаю я в смирении Слово жизни,
Что поднимет в Твоё Царство        и надеждой успокоит!

Пр. Ты - любовь моя! Ты - судьба моя!
       Мой Спаситель! Мой Иисус!
       Я в Твоей руке! Я в Твоей крови
       И в Твоей любви оживаю!

2. Бьётся сердце от присутствия святого
И от страха, что я – грешник, не могу поднять глаза я!
Льются слёзы покаяния и признания! 
В очищение и в прощение, и в Твою я милость верю!";"{title: О, Иисус!}
{key: Am}
{capo: +3}


[Am]1.О, Иисус! Спаситель! Царь и Бог [G]мой!
Пред Тоб[F]ою я ст[Dm]ою сейчас [Em]       в ярком свете Твоей [Am]славы!
[Am]Ожидаю я в смирении Слово жизн[G]и,
Что подн[F]имет в Твоё [Dm]Царств[Em]о        и надеждой успок[Am]оит!

Пр. Ты - люб[Am]овь мо[G]я! Ты - судьб[F]а мо[E]я!
       Мой Сп[Dm]асит[E]ель! Мой Иис[Am]ус!
       Я в Тв[Am]оей рук[G]е! Я в Тво[F]ей кров[E]и
       И в Тв[Dm]оей любв[E]и ожив[Am]аю!

2. Бьётся сердце от присутствия святого
И от страха, что я – грешник, не могу поднять глаза я!
Льются слёзы покаяния и признания! 
В очищение и в прощение, и в Твою я милость верю!";;;;
0380;380;На Небесах сегодня я;Огненный ветер;Am;0;;4/4;;;V1 C V2 V3;Огненный ветер (аккорды);;;;;"
1. О, Иисус, голос Твой, словно горный поток!
О, Иисус, для меня он, как жизни глоток!
Буду слово я в сердце хранить,
Как звезда оно будет светить!

Пр. Хвала любви! Пусть по небу летит хвала!
      Она хранит всех признаний моих слова!

2. Ты для меня – жизни хлеб и живая вода!
И в ночи – свет чудесный и пламя огня!
Пастырь мой, навсегда Ты со мной!
Даришь сердцу небесный покой!

Пр. Хвала любви! Пусть по небу летит хвала!
       Она хранит всех признаний моих слова!

 Бр. О, Иисус! Я хвалу для Тебя подарю!       О, Иисус! Лишь Тебе о любви я пою…

";"{title: О, Иисус, голос Твой}
{key: Am}
{capo: +0}


1. [Am]О, Иис[F]ус, голос Тв[Dm]ой, словно горный пот[E]ок!
О, Иисус, для меня он, как жизни глоток!
Б[Dm]уду слово я в сердце хран[E]ить,
Как звезда оно будет светить!

Пр. Хв[Am]ала любв[F]и! Пусть по [Dm]небу летит хвал[E]а!
      Она хранит всех признаний моих слова!

2. Ты для меня – жизни хлеб и живая вода!
И в ночи – свет чудесный и пламя огня!
Пастырь мой, навсегда Ты со мной!
Даришь сердцу небесный покой!

Пр. Хвала любви! Пусть по небу летит хвала!
       Она хранит всех признаний моих слова!

 Бр. [Am]О, Иис[F]ус! Я хвал[Dm]у для Тебя подар[E]ю!       О, Иисус! Лишь Тебе о любви я пою…

";;;;
0381;381;Я люблю Тебя (Пс. 83) (Ласточка);Огненный ветер;Am;3;;4/4;;;V1 V2 V3;Огненный ветер (аккорды);;;;;"
Пр. О, Иисус, мой Иисус! О, Иисус, мой Господь!
       О, Иисус, мой Иисус! О, Иисус, мой Господь!

1. В мире много ураганов, и от них душа смущалась:
Без тепла и пониманья жить никак не получалось!

2. Неожиданно, нежданно в мою жизнь ворвался ветер,
Дождь пошёл и смыл проклятья грязных, тёмных, злых отметин!

3. Я прочёл судьбы страницы моего родного Бога:
И теперь я точно знаю, как найти к Нему дорогу!

4. В Небесах всё будет просто, там не будет битв и боли…
Но сейчас мне надо биться до последней капли крови!

Пр. О, Иисус, мой Иисус! О, Иисус, мой Господь!
       О, Иисус, мой Иисус! О, Иисус, мой Господь!

5.Ты возьми моё сердечко, душу, раненую болью,
Исцели Своею кровью, исцели Своей любовью!";"{title: О, Иисус, мой Иисус!}
{key: Am}
{capo: +3}


Пр. О, И[Am]исус, мой Иис[E]ус! О, Иисус, мой Госп[Am]одь!
       О, Иисус, мой Иисус! О, Иисус, мой Господь!

1. В мире [Am]много ураг[E]анов, и от них душа смущ[Am]алась:
Без тепл[Dm]а и поним[Am]анья жить ник[E]ак не пол[Am]учалось!

2. Неожиданно, нежданно в мою жизнь ворвался ветер,
Дождь пошёл и смыл проклятья грязных, тёмных, злых отметин!

3. Я прочёл судьбы страницы моего родного Бога:
И теперь я точно знаю, как найти к Нему дорогу!

4. В Небесах всё будет просто, там не будет битв и боли…
Но сейчас мне надо биться до последней капли крови!

Пр. О, Иис[Dm]ус, мой Иис[Am]ус! О, Иис[E]ус, мой Госп[Am]одь!
       О, Иисус, мой Иисус! О, Иисус, мой Господь!

5.Ты возьми моё сердечко, душу, раненую болью,
Исцели Своею кровью, исцели Своей любовью!";;;;
0382;382;Лишь на пределе боли;Огненный ветер;Am;3;;4/4;;;V1 C V2;Огненный ветер (аккорды);;;;;"
1. Ой, горит в ночи костёр, пламя Божьего огня!
Согревает в холода и тебя, и меня!

Пр. Ой, гори, мой костёр! Ой, до Неба долетай!
       Ой, гори, мой костёр! Всех любовью согревай!

2. Пусть достигнет огонёк сердца каждого в любви!
Пусть поможет поскорей друга Богу обрести!

3. Ой, да пусть поёт душа, восхваляя Небеса!
Ангел песню разнесёт, принося огонь в сердца!
";"{title: Ой, горит в ночи костёр}
{key: Am}
{capo: +3}


1. [Am]Ой, г[G]орит в н[F]очи кост[E]ёр, [Am]пламя [G]Божь[F]его [Am]огня!
[Am]Согрев[G]ает в [F]хол[E]ода [Am]и т[G]ебя, [F]и м[Am]еня!

Пр. [Am]Ой, г[G]ори, [F]мой кост[E]ёр! [Am]Ой, до [G]Неба [F]дол[Am]етай!
       [Am]Ой, г[G]ори, [F]мой кост[E]ёр! [Am]Всех люб[G]овью [F]согр[Am]евай!

2. Пусть достигнет огонёк сердца каждого в любви!
Пусть поможет поскорей друга Богу обрести!

3. Ой, да пусть поёт душа, восхваляя Небеса!
Ангел песню разнесёт, принося огонь в сердца!
";;;;
0383;383;Дороже золота (Пс. 44);Огненный ветер;Am;3;;4/4;;;V1 C V2 V3;Огненный ветер (аккорды);;;;;"

1. Ой, я не могу надышаться Тобой!

Ой, я не могу наглядеться…

Ты мне говоришь о любви неземной, -

Тает от неё моё сердце…


Пр. Я теперь люблю! Я теперь пою!

       Богу и Царю славу воздаю!

2. Ой, я не могу насладиться водой
Сладостных Твоих откровений…
Ты мне говоришь о любви простой,
От неё поёт моё сердце!";"{title: Ой, я не могу}
{capo: +3}



1. Ой, я не могу надышаться Тобой!

Ой, я не могу наглядеться…

Ты мне говоришь о любви неземной, -

Тает от неё моё сердце…


Пр. Я теперь люблю! Я теперь пою!

       Богу и Царю славу воздаю!

2. Ой, я не могу насладиться водой
Сладостных Твоих откровений…
Ты мне говоришь о любви простой,
От неё поёт моё сердце!";;;;
0384;384;Славьте Его, ибо Он благ! (Пс. 105);Огненный ветер;Em;5;;4/4;;;C V1 C V2 C V3 C;Огненный ветер (аккорды);;;;;"Пр. Славьте Его,   ибо Он благ!
       Ибо вовек милость Его! – 2р.

1. Кто возвестит хвалу? Кто воспоёт Ему? Богу великому моему?
Вспомни, Господь, меня! И посети меня в благоволении спасения!

Пр. Видеть хочу благие дни верных твоих, избранных! – 2р.

2. Буду с весельем я славить душой Тебя!
Народом Твоим всегда хвалиться я!
Провёл через море Ты, явил чудеса Свои!
Спас от руки врага, избавил их!

Пр.  Ради Себя Ты спас народ, чтобы явить могущество!
        Был страшен гнев Твой за грехи, но Ты явил им милости!

3. Благословен Господь! Боже Израилев!
От века до века Он благословен!
Да скажет народ: Аминь! И воспоёт земля!
Воскликнем «Аллилуйя» для Царя!

Пр. Славьте Его, ибо Он благ! Ибо вовек милость Его! – 2р


К, П: Em H7 Em Am (С) H7
+0: Am E7 Am Dm  E7";"
[Em]Пр.[H7] Славьте Его, [Em]  ибо Он благ!
[Am]       Ибо вовек мил[H7]ость Его! – 2р.

[Em]1. Кто возвестит хвалу? Кт[H7]о воспоё[Em]т Ему? Богу великому моем[Am]у?[H7]
[Em]Вспомни, Господь, меня! И посе[H7]ти [Em]меня в благоволении спасени[Am]я![H7]

Пр. Видеть хочу благие дни верных твоих, избранных! – 2р.

2. Буду с весельем я славить душой Тебя!
Народом Твоим всегда хвалиться я!
Провёл через море Ты, явил чудеса Свои!
Спас от руки врага, избавил их!

Пр.  Ради Себя Ты спас народ, чтобы явить могущество!
        Был страшен гнев Твой за грехи, но Ты явил им милости!

3. Благословен Господь! Боже Израилев!
От века до века Он благословен!
Да скажет народ: Аминь! И воспоёт земля!
Воскликнем «Аллилуйя» для Царя!

Пр. Славьте Его, ибо Он благ! Ибо вовек милость Его! – 2р


К, П: Em H7 Em Am (С) H7
[Am]+0: Am E7 Am Dm [F] E7";;;;
0385;385;Тебя увижу в Небесах!;Огненный ветер;Am;3;;4/4;;;V1 C V2;Огненный ветер (аккорды);;;;;"1. Тебя увижу в Небесах,       когда я песню допою…
Тобой я на земле дышал,        Тебя я в вечности люблю!
Никто из всех моих врагов     меня остановить не смог
Я жизнь любовью наполнял,
Как свой последний монолог!

Пр. Прославь, мой Бог, Себя во всём!
       Прославься даже в моей  смерти!
       Я пел Тебе, и день за днём
       Я знал, что Твой концерт бессмертен!

2. Мой Бог, я песню записал из звуков жизни и крови!
Я песней грешников спасал,
Чтоб с Богом встретились они!
Отверг я славу у людей и принял Твой нелёгкий крест!
Мне дорог стал не золотой,
А Твой, терновый Твой венец!";"
[Am]1. Тебя увиж[Dm]у в Небесах,     [E]  ко[Am]гда я песню допою[Dm]…[G]
[C]Тобой я на земле дышал,        Тебя[F] я в[Dm] вечности люблю![E][Am]
[Am]Никто из всех [Dm]моих врагов     меня[E] ос[Am]тановить не см[Dm]ог[G][C]
[F]Я жизн[Dm]ь любовью наполнял,
[E]Как свой последний [Am]моноло[G]г!

[C]Пр. Прославь, мой Бог,[F] Себя в[Dm]о всём!
[Em]       Прославься да[Am]же в моей  [G]смерти!
[C]       Я пел Тебе, и д[F]ень за [Dm]днём
[Em]       Я знал, что Твой к[Am]онцерт бессмертен!

2. Мой Бог, я песню записал из звуков жизни и крови!
Я песней грешников спасал,
Чтоб с Богом встретились они!
Отверг я славу у людей и принял Твой нелёгкий крест!
Мне дорог стал не золотой,
А Твой, терновый Твой венец!";;;;
0386;386;Когда невозможно дышать (1Кор.9);Огненный ветер;Am;3;;4/4;;;V1 C V2 V3;Огненный ветер (аккорды);;;;;"1. О, мой Бог, сильна любовь Твоя!
Не боюсь упасть с Тобою я!
Облака с небес кропят росой!
Изливай Свою любовь рекой!

Пр. Премудростью Твоей разверзлись бездны!
       Я познаю Тебя во всех путях!
       Тебя хочу вкушать, как хлеб небесный!
       Моя душа, Господь, в Твоих руках!

2. На земле звучит Тебе хвала!
В небеса взлетает песнь моя!
В ней слова любви моей простой:
«О, мой Бог! Как счастлив я с Тобой!»

Блажен человек, снискавший разум!
Блажен человек, снискавший мудрость!
Дороже она камней драгоценных!
В руках у неё богатство и слава!";"
[Am]1. О, мой Бог, сил[Dm]ьна любовь Твоя![E]
[Am]Не боюсь упаст[Dm]ь с Тобою я![E]
[Dm]Облака с небес кроп[F]ят росой![E]
[Dm]Изливай Свою любов[F]ь рекой![E]

[Am]Пр. Премудростью Тво[Dm]ей разверзлись бездны![E]
[Am]       Я позна[Dm]ю Тебя во всех путя[E]х!
[Am]       Тебя хочу [Dm]вкушать, как хлеб небесн[E]ый!
[F]       Моя душа[Dm], Господь, в Твоих руках![E]

2. На земле звучит Тебе хвала!
В небеса взлетает песнь моя!
В ней слова любви моей простой:
«О, мой Бог! Как счастлив я с Тобой!»

[Dm]Блажен человек, снискавший [E]разум!
[Dm]Блажен человек, снискавший[E] мудрость!
[Dm]Дороже она камней драгоце[Am]нных!
[F]В руках у неё богатство и с[E]лава!";;;;
0387;387;Сердцем жду Тебя;Огненный ветер;Am;2;;4/4;;;V1 C V2;Огненный ветер (аккорды);;;;;"
1. Сердцем жду Тебя, мой Возлюбленный, 
Солнце не затмит    образ Твой, Иисус!
Вечность для меня кровью куплена! 
Ничего с Тобой    я не боюсь! 

Пр. Ладо, Ладо, Ладо! Люблю Тебя, Иисус! 
       Тебя, Иисус!
       Ладо, Ладо, Ладо! Я смерти не боюсь!
       Я не боюсь!
       Ладо, Ладо, Ладо!  Тобой, Иисус, живу! 
       Тобой живу!
       Тебя, Иисус, Ладо,    люблю!

Проигрыш F Am F Dm E

2. А внутри душа, плачет и болит 
В этом мире зла, посреди огня!
«Скоро всё сгорит!» – Слово говорит, 
Тем сильней кричу: «Люблю Тебя!»";"{title: Сердцем жду Тебя}
{key: Am}
{capo: +2}


1. Сердцем жд[Am]у Теб[Dm]я, мой Возл[Am]юбленн[Dm]ый, 
Солнце [G]не затм[C]ит    [F]образ Тв[Dm]ой, Иис[E]ус!
Вечность [Am]для м[Dm]еня кровью [Am]купл[Dm]ена! 
Ничег[G]о с Тоб[C]ой    я [F]не бо[Dm]юсь! [E]

Пр. Л[Am]адо, Лад[G]о, Лад[C]о! Любл[F]ю Тебя, Иис[E]ус! 
       Теб[Dm]я, Иис[E]ус!
       Л[Am]адо, Лад[G]о, Лад[C]о! Я см[F]ерти не бо[E]юсь!
       Я [Dm]не бо[E]юсь!
       Л[Am]адо, Лад[G]о, Лад[C]о!  Тоб[F]ой, Иисус, жив[E]у! 
       Тоб[Dm]ой жив[E]у!
       Т[Am]ебя, Иис[G]ус, Лад[C]о,    [F]лю[Am]блю!

Проигрыш F Am F Dm E

2. А внутри душа, плачет и болит 
В этом мире зла, посреди огня!
«Скоро всё сгорит!» – Слово говорит, 
Тем сильней кричу: «Люблю Тебя!»";;;;
0388;388;Полон чистый родник;Огненный ветер;Am;5;;4/4;;;V1 C V2;Огненный ветер (аккорды);;;;;"1. Полон чистый родник, источник воды живой,
Это Твоя любовь, это - Твой Дух Святой!
Это – Слово Твоё! Это – Голгофский крест!
Это – радость во всём! Это простор небес!

Пр. Я восхвалю Тебя! Имя Твоё, Иисус!
       Я пред Тобой стою, в славе из облаков!
       Дух мой с Тобой – одно! Пью святое вино:
       Словно свободу пью неба без берегов!

2. Святость я сберегу, словно жемчуг морской,
Бог за неё платил самой большой ценой:
Сына отдал на смерть, сердце Своё порвал…
Путь для меня открыл славою в тронный зал!";"
[Am]1. Полон чистый родник, ис[Dm]точник в[E]оды живой,[Am]
[Am]Это Твоя любовь, э[Dm]то - [E]Твой Дух Святой![Am]
[F]Это – Слово Твоё! Это – [Dm]Гол[G]гофский крест![E][Am]
[F]Это – радость во всём! Это про[Dm]стор[E] небес![Am]

[A7]Пр. Я восхвалю Тебя! Им[Dm]я Т[G]воё, Иисус![C]
[F]       Я пред Тобой стою[Dm], в славе [E]из облаков![Am]
       Дух мой с Тобой – одно! Пью святое вино:
       Словно свободу пью неба без берегов!

2. Святость я сберегу, словно жемчуг морской,
Бог за неё платил самой большой ценой:
Сына отдал на смерть, сердце Своё порвал…
Путь для меня открыл славою в тронный зал!";;;;
0389;389;Семь прекрасных звёзд (Откр. 1-2);Огненный ветер;Em;2;;4/4;;;V1 V2 V3;Огненный ветер (аккорды);;;;;"1. Семь прекрасных звёзд в руке Твоей!
И светильники горят огнём!
Золотым огнём, сверкающим
и любовью наполняющим!

Пр: Первая любовь, нас не оставляй!
       У светильника есть место в храме Бога!
       Первая любовь, нас не оставляй!
       К древу жизни нас веди Своей дорогой!

2. Ангел получил письмо Твоё:
В нём слова любви для всех церквей:
Строгие слова, горящие, наставленья приносящие!

3. Свет для мира – мы! И соль земли!
Наш светильник весь из золота!
Золота любви взывающей
И от смерти исцеляющей!";"
[Em]1. Семь прекрасных звёзд в р[Am]уке Твоей![D][G]
[C]И светильники горят о[Am]гнём![H7]
Золотым огнём, сверкающим
и любовью наполняющим!

[Em]Пр: Первая люб[Am]овь, н[D]ас не оставляй![G]
[C]       У светильника[Am] есть место в храме Бога![H7]
       Первая любовь, нас не оставляй!
       К древу жизни нас веди Своей дорогой!

2. Ангел получил письмо Твоё:
В нём слова любви для всех церквей:
Строгие слова, горящие, наставленья приносящие!

3. Свет для мира – мы! И соль земли!
Наш светильник весь из золота!
Золота любви взывающей
И от смерти исцеляющей!";;;;
0390;390;Вьётся лентой в Небеса;Огненный ветер;Am;4;;4/4;;;V1 C V2 V3;Огненный ветер (аккорды);;;;;"
1. Опять ко мне приходит осень! 
Дождём пролиться в душу хочет!
Но только я не буду верить в осень!
За ней ко мне спешат метели! Хотят, чтоб слёзы леденели!
Зима всегда так мягко снегом стелет!
Пр. Если дожди и снег в сердце моё стучат,
       Просят меня уйти и повернуть назад,
       Я воззову к Тебе криком моей любви!
       Буду с терпеньем ждать только Твоей весны!

2.За горизонтом исчезают пути прямые, что не вечны!
Вот так же исчезает в жизни время!
Проходит боль, смолкают вести, 
На смену им приходят песни!
И сердце хочет жить надеждой в вечность!
";"{title: Опять ко мне приходит}
{key: Am}
{capo: +4}


1. [Am]Опять ко мне прих[E]одит [Am]осень! 
Д[Am]ождём пролиться в [E]душу [Am]хочет!
Но [Dm]только я не буду в[G]ерить в ос[C]ень![E]
За ней ко мне спешат метели! Хотят, чтоб слёзы леденели!
Зима всегда так мягко снегом стелет!
Пр. [Dm]Если дожди и снег в [Am]сердце моё стучат,
       [Dm]Просят меня уйти [F]и повернуть наз[E]ад,
       Я воззову к Тебе криком моей любви!
       Буду с терпеньем ждать только Твоей весны!

2.За горизонтом исчезают пути прямые, что не вечны!
Вот так же исчезает в жизни время!
Проходит боль, смолкают вести, 
На смену им приходят песни!
И сердце хочет жить надеждой в вечность!
";;;;
0391;391;Моя новая, новая жизнь;Огненный ветер;Em;1;;4/4;;;V1 C V2;Огненный ветер (аккорды);;;;;"
1. Опять к Тебе прихожу, слова хвалы возношу!
Опять летит над землёй голос мой, голос мой!

Пр. Прими, мой Господь, простую любовь мою!
       Мне нечего дать! Я просто Тебе пою…
       Пусть слёзы текут, как река по щекам,
       Они пролагают путь к Небесам!

2. Я здесь, пред Тобой стою, молюсь и Тебе пою,
В руках у меня - свеча горяча, горяча!

3. В любви всё совсем не так, в любви – отступает враг!
Ушла его темнота навсегда, навсегда!
";"{title: Опять к Тебе прихожу}
{key: Em}
{capo: +1}


1. Оп[Em]ять к Тебе прихожу, слова [Am]хвалы возношу![H7]
Оп[C]ять летит над земл[Am]ёй голос м[C-H7]ой, голос м[Em]ой!

Пр. Прим[Em]и, мой Господь, простую любовь мо[D]ю!
       Мне [Em]нечего дать! Я просто Тебе по[D]ю…
       Пусть сл[Am]ёзы текут, к[D]ак река по щек[G]ам,[C]
       Он[Am]и пролагают [C]путь к Небес[H7]ам!

2. Я здесь, пред Тобой стою, молюсь и Тебе пою,
В руках у меня - свеча горяча, горяча!

3. В любви всё совсем не так, в любви – отступает враг!
Ушла его темнота навсегда, навсегда!
";;;;
0392;392;Перестать бояться;Огненный ветер;Am;3;;4/4;;;V1 C V2 V3;Огненный ветер (аккорды);;;;;"1. Перестать бояться трудных ситуаций я смогу!
И переживания даже без названия все сожгу!
Плакать и смеяться буду вместе с небом и дождём,
Следовать за Богом выбранной дорогой день за днём!

Пр. Горы на пути я уберу! Ты дал мне веру!
       Огненным шагам в мудрости Твоей я знаю меру!
       Все мои враги делают меня только сильнее!
       Но любовь Твоя и моих друзей всего ценнее!

2. Будет всё привычно так же, как и раньше, и не так…
Если  жить с надеждой, отвергать сомнения и страх!
То, что было сложным, станет очень лёгким и простым!
Ангелы помогут стать творением новым и святым!

3. Убегать не буду от ветров холодных и  огня!
Корабли не тонут: там Спаситель Божий у руля!
Льды растают в море откровений слова и любви!
Обретают веру те, кто жизнь построил на крови!

В крови креста!     В крови любви  живую нить   не оборви!";"
[Am]1. Перестать бояться трудных си[G]туаций я смогу![F][G]
[Am]И переживания даже без на[G]звания все сожгу![F][G]
[Dm]Плакать и смеяться буду вме[Em]сте с небом и дождём,[Am][G]
[Dm]Следовать за Богом выбранной[Em] дорогой день за днём![Am][G]

[Am]Пр. Горы на пути я[G] уберу! Ты дал мне ве[F]ру![G]
[Am]       Огненным шагам в мудрости[G] Твоей я знаю меру![F][G]
[F]       Все мои враги д[G]елают меня только си[Am]льнее![G]
[F]       Но любовь Твоя и м[G]оих друзей всего ценнее![Am][G]

2. Будет всё привычно так же, как и раньше, и не так…
Если  жить с надеждой, отвергать сомнения и страх!
То, что было сложным, станет очень лёгким и простым!
Ангелы помогут стать творением новым и святым!

3. Убегать не буду от ветров холодных и  огня!
Корабли не тонут: там Спаситель Божий у руля!
Льды растают в море откровений слова и любви!
Обретают веру те, кто жизнь построил на крови!

[Am]В к[G]рови креста!     В кров[F]и [G]любви  живую н[Am]ить[G]   не оборви![F][G]";;;;
0393;393;Сокровища сокрытые;Огненный ветер;Am;2;;4/4;;;V1 C V2;Огненный ветер (аккорды);;;;;"1. Сокровища сокрытые все ищут на земле!
Но только в новом сердце мой Господь открылся мне!
На перекрёстке встретились мы с Богом дорогим!
Он предложил взять крест мне и последовать за Ним!

Пр.  О,   золото, огнём очищено!
        Даром стала мне вера моя!
        Путь жизненный стал выстланным
        Чистым золотом, огнём горя!

2. Пусть испытает Бог меня, я выйду чище злата!
Теперь не драгоценностями жизнь моя богата!
Исполнить волю Господа – мне стало очень важно!
Пусть к Небесам теперь летит журавлик мой бумажный!";"
[Am]1. Сокровища со[Dm]крытые все ищ[E]ут на земле![Am]
[F]Но только в новом сердце м[Dm]ой Господь открылся мн[E]е![Am]
На перекрёстке встретились мы с Богом дорогим!
Он предложил взять крест мне и последовать за Ним!

[Am]Пр. [G] О,   золото, о[F]гнём очи[E]щено!
[Am]        Д[G]аром стала мне [F]вера моя![E]
[Am]      [G]  Путь жизненный ст[F]ал вы[E]стланным
[Am]        Чи[G]стым золотом, огнём[F] горя![E]

2. Пусть испытает Бог меня, я выйду чище злата!
Теперь не драгоценностями жизнь моя богата!
Исполнить волю Господа – мне стало очень важно!
Пусть к Небесам теперь летит журавлик мой бумажный!";;;;
0394;394;Будет новое время;Огненный ветер;Am;3;;4/4;;;V1 C V2 V3;Огненный ветер (аккорды);;;;;"
1. О Тебе слагаю песни я в ночи, 
И слова мои как летний звездопад!
Так хочу я говорить слова любви,
Ведь они в моей душе огнём горят!

Пр. Любовью я наполняюсь,
       Когда в святом я храме поклоняюсь!
       Словами, что льются с неба –
       Как самым вкусным хлебом насыщаюсь!

2. Всё пройдёт, пройдёт и радость и печаль,
Лишь любовь останется в моей душе!
Это Ты, мой Бог великий и святой
Окропил водою чистой сердце мне!  
";"{title: О Тебе слагаю песни я в ночи}
{key: Am}
{capo: +3}


[Am]1. О Тебе слагаю песни я в н[Dm]очи, 
[E]И слова мои как летний звездоп[Am]ад!
Так хочу я говорить слова любви,
Ведь они в моей душе огнём горят!

Пр. Люб[Dm]овью я наполня[Am]юсь,
       К[F]огда в святом я храме поклон[E]яюсь!
       Слов[Dm]ами, что льются с н[Am]еба –
       Как с[F]амым вкусным хл[E]ебом насыщ[Am]аюсь!

2. Всё пройдёт, пройдёт и радость и печаль,
Лишь любовь останется в моей душе!
Это Ты, мой Бог великий и святой
Окропил водою чистой сердце мне!  
";;;;
0395;395;Небеса проповедуют (Пс.18);Огненный ветер;Am;4;;4/4;;;V1 C V2 V3;Огненный ветер (аккорды);;;;;"
1. «От края неба соберу, чтобы явить в народе святость!
И снова Я соединю остаток Божий в Своё стадо!» -
Так Бог Великий говорит      про Свой народ обетования!
Он хочет их благословить     словами нашего признания!

Пр. Благословляю, благословляю, 
       Благословляю я землю Бога!
       Благословляю, благословляю, 
       Благословляю я Израэль!
       Глаза слепого, язык немого 
       Пусть исцелятся рукой Благого!
       Во имя избранных и Мессии 
       Пусть соберутся из всех земель!

2. И будут на Сионе петь, всем сердцем славу торжествуя!
Народ Твой блага будет есть, и не в печали, а ликуя!
Девицы встанут в хоровод, и старцы с юношами вместе.
Не будет слёз, а скорбь уйдёт на смену песни петь Невесте:

3. Обрежет сердце твоё Бог, чтобы любил Его душою!
Ты будешь слушать глас Его! Закон Его не за рекою!
И не за морем, а в словах: они в устах твоих и в сердце!
С избытком Бог даёт успех! Открой любви навстречу  дверцу!";"{title: От края неба соберу (Втор.30, Иер.31:13)}
{key: Am}
{capo: +4}


1. «От [Am]края неба соберу, чтоб[Dm]ы явить в народе св[E]ятость!
И [Am]снова Я соедин[F]ю ост[Dm]аток Божий в Св[E]оё [Am]стадо!» [E]-
Так Бог Вел[Am]икий гов[Dm]орит [E]     про Свой народ обет[Am]ования![E]
Он хочет [Am]их благосл[Dm]овить     [E]словами нашего пр[Am]изнания![E]

Пр. Благословл[Am]яю, благословл[Dm]яю, 
       Благословл[E]яю я землю [Am]Бога![E]
       Благословл[Am]яю, благословл[Dm]яю, 
       Благословл[E]яю я Изр[Am]аэль![E]
       Глаза слеп[Am]ого, язык нем[Dm]ого 
       Пусть исцел[E]ятся рукой Благ[Am]ого![E]
       Во имя [Am]избранных и Месс[Dm]ии 
       Пусть собер[E]утся из всех зем[Am]ель!

2. И будут на Сионе петь, всем сердцем славу торжествуя!
Народ Твой блага будет есть, и не в печали, а ликуя!
Девицы встанут в хоровод, и старцы с юношами вместе.
Не будет слёз, а скорбь уйдёт на смену песни петь Невесте:

3. Обрежет сердце твоё Бог, чтобы любил Его душою!
Ты будешь слушать глас Его! Закон Его не за рекою!
И не за морем, а в словах: они в устах твоих и в сердце!
С избытком Бог даёт успех! Открой любви навстречу  дверцу!";;;;
0396;396;Вера любовью душу хранит;Огненный ветер;Em;3;;4/4;;;V1 C V2 V3;Огненный ветер (аккорды);;;;;"

1. Открыты судьбы в небесах, свет побеждает тьму навеки!

Там в трубы Ангелы трубят, готовятся спасенья реки…

Горят огнём, как алый цвет, Твои слова о вечной жизни!

Ты – есть мой путь и жизнь моя, хочу я жить в Твоей Отчизне!


Пр. Тебя люблю я, мой Господь! И так хочу в своём призвании

        Произносить слова любви и чувствовать Твоё дыханье!

2. В Твоей любви купаюсь я, в ней омываюсь ежедневно!
И от вины, и от беды, - так становлюсь я совершенным!
Все цепи пред Тобой падут! Как молот Слово разбивает
Мои грехи и смерти страх! Дух сердце счастьем наполняет…
";"{title: Открыты судьбы в небесах}
{capo: +3}



1. Открыты судьбы в небесах, свет побеждает тьму навеки!

Там в трубы Ангелы трубят, готовятся спасенья реки…

Горят огнём, как алый цвет, Твои слова о вечной жизни!

Ты – есть мой путь и жизнь моя, хочу я жить в Твоей Отчизне!


Пр. Тебя люблю я, мой Господь! И так хочу в своём призвании

        Произносить слова любви и чувствовать Твоё дыханье!

2. В Твоей любви купаюсь я, в ней омываюсь ежедневно!
И от вины, и от беды, - так становлюсь я совершенным!
Все цепи пред Тобой падут! Как молот Слово разбивает
Мои грехи и смерти страх! Дух сердце счастьем наполняет…
";;;;
0397;397;Ты нарёк имя месту сему;Огненный ветер;Am;1;;4/4;;;V1 C V2 V3;Огненный ветер (аккорды);;;;;"1. Ты нарёк имя месту сему – Пенуэл,
Раньше встретиться с Ангелом я б не посмел,
Но теперь поднимаю я руки свои
И прошу я: «Любимых моих сохрани!»

Пр. Благослови! Благослови! До появления зари
       Я плачу, Бог мой, и прошу:
       «Благослови мою семью!»

2. Не могу, Ангел мой, я Тебя отпустить!
Мне без веры живой и святой не прожить!
До рассвета бороться я буду с Тобой!
Мне без веры нельзя возвращаться домой!

3. Наступает заря и грядёт новый день!
Я не буду как раньше ходить, словно тень:
Бог теперь будет рядом, навеки со мной!
Он услышал меня, подарив Свой покой!";"
[Am]1. Ты нарёк и[Dm]мя месту сему – Пенуэл,[E][Am]
[Dm]Раньше встретиться с Ангелом я б[E] не посмел,[Am]
[Dm]Но теперь поднимаю я руки св[E]ои[Am]
[Dm]И прошу я: «Любимых моих сохра[E]ни!»[Am]

[Am]Пр. Благ[Dm]ослови! Благослови![E] До поя[Am]вления з[Dm]ари[E][Am]
[Dm]       Я плачу, Бог мой[E], и прош[Am]у:
[Dm]       «Благосл[E]ови мою с[Am]емью!»

2. Не могу, Ангел мой, я Тебя отпустить!
Мне без веры живой и святой не прожить!
До рассвета бороться я буду с Тобой!
Мне без веры нельзя возвращаться домой!

3. Наступает заря и грядёт новый день!
Я не буду как раньше ходить, словно тень:
Бог теперь будет рядом, навеки со мной!
Он услышал меня, подарив Свой покой!
";;;;
0398;398;Сон нарисовать;Огненный ветер;Am;2;;4/4;;;V1 C V2 V3 C;Огненный ветер (аккорды);;;;;"1. Сон нарисовать и пока горит
Тонкая свеча, - успеть его вам рассказать!
В нём сияет свет, в нём тревоги нет,
Страха, пустоты, но есть желанья и мечты!

Пр. Лететь за мечтою   во сне над землёю
       Можно лишь в детстве, не ведая боли!
       Но в жизненном ветре совсем нет ответа,
       Как можно летать, когда крылья из соли?
       Как можно летать, как можно летать, когда крылья из соли?

2. Просто и легко верить в Небеса!
А вокруг стеной встаёт солёная гора!
Смог лишь только Бог сквозь неё пройти,
Значит надо мне лишь по Его следам идти!

3. Пройден трудный путь, больше нет следов,
По которым мне с дороги надо повернуть…
Впереди лишь старт в Божьи Небеса!
Поднимаю я судьбы солёной два крыла!

Пр. Лететь за мечтою во сне над землёю
       Можно лишь в детстве, не ведая боли!
       Но в жизненном ветре совсем нет ответа,
       Как можно летать, как можно летать, когда крылья из соли?";"
[Am]1. Сон нарисоват[Dm]ь и [G]пока горит[C]
[F]Тонкая свеча, - [Dm]успеть его вам рассказать![E]
[Am]В нём сияет свет, [Dm]в нём [G]тревоги нет,[C]
[F]Страха, пустоты, н[Dm]о есть желанья и меч[F]ты![E]

[Am]Пр.[G] Лететь за мечтою   во сн[F]е на[Am]д землёю
[Dm]       Можно лишь в детств[E]е, не ведая боли!
[Am]    [G]   Но в жизненном ветре [F]совсе[Am]м нет ответа,
[Dm]       Как можно летать, когда кры[E]лья из соли?
       Как можно летать, как можно летать, когда крылья из соли?

2. Просто и легко верить в Небеса!
А вокруг стеной встаёт солёная гора!
Смог лишь только Бог сквозь неё пройти,
Значит надо мне лишь по Его следам идти!

3. Пройден трудный путь, больше нет следов,
По которым мне с дороги надо повернуть…
Впереди лишь старт в Божьи Небеса!
Поднимаю я судьбы солёной два крыла!

Пр. Лететь за мечтою во сне над землёю
       Можно лишь в детстве, не ведая боли!
       Но в жизненном ветре совсем нет ответа,
       Как можно летать, как можно летать, когда крылья из соли?";;;;
0399;399;Не молчи;Огненный ветер;Am;3;;4/4;;;V1 C V2 C V3 C;Огненный ветер (аккорды);;;;;"
1. Очень важно – кто с тобою рядом,
И кому ты можешь доверять!
Кто с тобою, встретившись лишь взглядом, 
Всё умеет сразу понимать…
Очень важно каждое мгновенье всех событий, времени и слов!
Очень важно, кто с тобою вместе за Иисусом следовать готов!

2. Очень важно, кто тебе ответит на твои признанья и любовь!
Очень важно, если этот кто-то за тебя готов пролить и кровь!
Кто готов прощать, принять и верить, 
Что возможно ВСЁ в святой любви!
Ничего на свете нет важнее слов того, кто говорит: «Живи!»

3. Очень важно мудрым быть и нежным
С тем, кто рядом, кто не лжив, не горд!
Очень важно честным быть и верным
С тем, кто не предаст и не уйдёт!
Это только кажется, что сложно так  в согласии с другими жить!
Очень важно научиться верить и людьми родными дорожить!

4. Нужно помнить, что важней ошибок 
Искренность твоя... Её найти может только тот, кто точно знает: 
«Жизнь прожить – не поле перейти!»
Потерять легко! Вернуть труднее! Но бери пример всегда  с Того, 
Кто вернул нас всех к Себе, взлелеял…
Мы Ему всегда важней всего!";"{title: Очень важно}
{key: Am}
{capo: +3}


1. [Am]Очень важно – [E]кто с тобою [Am]рядом,
[Dm]И кому ты [E]можешь д[Am]оверять![E]
[Am]Кто с тобою, встр[G]етившись лишь взгл[F]ядом, 
[Dm]Всё умеет ср[E]азу пон[Am]имать…
[A7]Очень важно каждое мгн[Dm]овенье [G]всех событий, времени и [C]слов!
[F]Очень важно, кто с тобою [Dm]вмест[E]е за Иисусом следовать [Am]готов!

2. Очень важно, кто тебе ответит на твои признанья и любовь!
Очень важно, если этот кто-то за тебя готов пролить и кровь!
Кто готов прощать, принять и верить, 
Что возможно ВСЁ в святой любви!
Ничего на свете нет важнее слов того, кто говорит: «Живи!»

3. Очень важно мудрым быть и нежным
С тем, кто рядом, кто не лжив, не горд!
Очень важно честным быть и верным
С тем, кто не предаст и не уйдёт!
Это только кажется, что сложно так  в согласии с другими жить!
Очень важно научиться верить и людьми родными дорожить!

4. Нужно помнить, что важней ошибок 
Искренность твоя... Её найти может только тот, кто точно знает: 
«Жизнь прожить – не поле перейти!»
Потерять легко! Вернуть труднее! Но бери пример всегда  с Того, 
Кто вернул нас всех к Себе, взлелеял…
Мы Ему всегда важней всего!";;;;
0400;400;Иисус – мой Бог!;Огненный ветер;Am;2;;4/4;;;V1 C V2;Огненный ветер (аккорды);;;;;"
1. Очень просто жить будет вместе, 
Будет много дней золотых,
Если только радость и слёзы 
Будем вместе делить на двоих!

Пр. Позову   я тебя с собой!        Подарю новую весну!
       Сберегу для тебя любовь!    И зажгу яркую звезду!

2.Будет счастье лёгким как птица, 
Будет Небо близким всегда!
Разве может что-то случиться, 
Если будет в сердцах чистота!

 Пр. Посмотрю я в твои глаза! 
        Расскажу о своей любви!
        Не предам никогда тебя! 
        Навсегда будем вместе мы!

         Позову я тебя с собой! 
         Подарю новую весну!
         Сберегу для тебя любовь 
         И зажгу яркую звезду
         Для тебя….для тебя… для тебя….";"{title: Очень просто}
{key: Am}
{capo: +2}


1. [Am]Очень [Dm]просто ж[E]ить будет вм[Am]ест[-]е, [E]
Будет мн[Dm]ого дн[E]ей зол[Am]оты[-]х,[E]
Если т[Dm]олько [E]радость и сл[Am]ёз[-]ы [E]
Будем вм[Dm]есте дел[F]ить на дво[E]их!

Пр. Поз[Am]ову   [Dm]я теб[E]я с соб[Am]ой!        Подарю [Dm]нову[E]ю в[Am]есну!
       Сберегу [Dm]для теб[E]я люб[Am]овь!    И зажгу [Dm]ярку[F]ю звезд[E]у!

2.Будет счастье лёгким как птица, 
Будет Небо близким всегда!
Разве может что-то случиться, 
Если будет в сердцах чистота!

 Пр. Посмотрю я в твои глаза! 
        Расскажу о своей любви!
        Не предам никогда тебя! 
        Навсегда будем вместе мы!

         Позову я тебя с собой! 
         Подарю новую весну!
         Сберегу для тебя любовь 
         И зажгу яркую звезду
         Для тебя….для тебя… для тебя….";;;;
0401;401;Спасайся от греха;Огненный ветер;Am;3;;4/4;;;V1 C V2 C B;Огненный ветер (аккорды);;;;;"1. Спасайся от греха, пока есть время!
Спасайся от суда и стен тюремных!
Пусть погибает тот, кто предал Бога!
Ему туда, где тьма, - одна дорога!

Пр. Уходя, уходи! И не смей возвращаться назад!
       Уходя, уходи! Грех ведёт нераскаянных в ад!
       Ты рождён для любви!   Так зачем же тебе умирать!
       Лучше Богом живи!    Он поможет дышать и летать!

2. Увидеть свет во тьме – совсем не сложно!
Отбрось грязь и грех, и всё, что ложно!
Открыть секрет любви поможет Слово!
Готов ли ты, мой друг, для жизни новой?

Пр. Уходя, уходи! И не смей возвращаться назад!
       Уходя, уходи! Грех ведёт нераскаянных в ад!
       Ты рождён для любви! Так зачем же тебе умирать!
       Лучше Богом живи! Он поможет дышать и летать!

 Бр. Уходя, уходи от греха, уходя, уходи от беды!...
       Ждёт Невеста с Небес Жениха
       В беспредельной и вечной любви";"
[Am]1. Спасайся [Dm]от греха, п[E]ока есть врем[Am]я!
Спасайся от суда и стен тюремных!
[A7]Пусть погибает тот, кто пре[Dm]дал Бога![G][C]
[F]Ему туда, где тьма, - одна[Dm] дорога![E][Am]

[Dm]Пр. Уходя, уходи! И не смей [Am]возвращаться назад!
[E]       Уходя, уходи! Грех ведёт н[Am]ераскаянных в ад!
[Dm]   [G]    Ты рождён для любви!   Т[C]ак зачем же тебе умирать!
[F]       Лучше Богом живи!    Он[Dm] пом[E]ожет дышать и летать![Am]

2. Увидеть свет во тьме – совсем не сложно!
Отбрось грязь и грех, и всё, что ложно!
Открыть секрет любви поможет Слово!
Готов ли ты, мой друг, для жизни новой?

Пр. Уходя, уходи! И не смей возвращаться назад!
       Уходя, уходи! Грех ведёт нераскаянных в ад!
       Ты рождён для любви! Так зачем же тебе умирать!
       Лучше Богом живи! Он поможет дышать и летать!

[Dm] Бр. Уходя,[Am] уходи от греха, ухо[E]дя, уходи от б[Am]еды!...
       Ждёт Невеста с Небес Жениха
       В беспредельной и вечной любви";;;;
0402;402;Тебе, мой Бог слава и честь!;Огненный ветер;Am;3;;4/4;;;V1 C V2;Огненный ветер (аккорды);;;;;"1. Тебе, мой Бог, слава и честь!
Тебе пою     я   новую песнь!
Звучит она в    сердце моём!
Во тьме и мгле горит огнём!

Пр.  «Свят и велик       мой Бог!
        Свят и велик     Господь!» -
        На Небесах и на земле
        Хочу я петь лишь о Тебе!

2. Ты – Бог богов! Ты - Царь царей!
Любовь Твоя всего сильней!
Я не боюсь теперь ничего!
Люблю Тебя! Тебя одного!";"
[Am]1. Тебе, мой Бог, [Dm]слава [E]и честь![Am]
[Dm]Тебе [E]пою     я   новую[Am] песнь!
[Dm]Звуч[G]ит она в    серд[C]це моё[F]м!
[Dm]Во ть[E]ме и мгл[Am]е горит огнём!

[A7]Пр.  «Свят и велик  [Dm]    [G] мой Бог![C][F]
[Dm]    [E]    Св[Am]ят и велик     Господь!» -
        На Небесах и на земле
        Хочу я петь лишь о Тебе!

2. Ты – Бог богов! Ты - Царь царей!
Любовь Твоя всего сильней!
Я не боюсь теперь ничего!
Люблю Тебя! Тебя одного!";;;;
0403;403;Земля, пропитанная Словом;Огненный ветер;Am;3;;4/4;;;V1 C V2;Огненный ветер (аккорды);;;;;"
1. Перед крестом тихо стою, 
Дверь отворив, в душу мою!
Меркнут слова в свете Твоём! 
Сердце поёт в Духе Святом!

Пр. Пусть молитва пылает всегда! 
       В моём сердце живут города!
       Всеобъемлющей Божьей  любви 
       Жаждут сердцем все дети земли!

2. Пусть по земле пламя пройдёт, 
Божьих детей в Храм соберёт!
Пусть позовёт к Богу сердца, 
В песнь обратив их голоса!

3. Столько веков Церковь спала 
И Жениха лживо ждала!
Время пришло встать и пойти, 
Истины свет всюду нести!

";"{title: Перед крестом}
{key: Am}
{capo: +3}


1. [Am]Перед крестом [G]тихо стою, 
Дв[F]ерь отворив, в [E]душу мою!
М[Am]еркнут слова в [G]свете Твоём! 
С[F]ердце поёт в [E]Духе Святом!

Пр. Пусть мол[Dm]итва пыл[E]ает вс[Am-F]егда! 
       В моём с[Dm]ердце жив[G]ут гор[C]ода!
       Всеобъ[F]емлющей [G]Божьей  любв[C-F]и 
       Жаждут [Dm]сердцем все д[Em]ети земл[Am]и!

2. Пусть по земле пламя пройдёт, 
Божьих детей в Храм соберёт!
Пусть позовёт к Богу сердца, 
В песнь обратив их голоса!

3. Столько веков Церковь спала 
И Жениха лживо ждала!
Время пришло встать и пойти, 
Истины свет всюду нести!

";;;;
0404;404;Вот идут дожди!;Огненный ветер;Am;7;;4/4;;;V1 C V2 V3 C;Огненный ветер (аккорды);;;;;"
1. Перед Небесным троном поклоняясь, 
Хвалу пою Тебе, Великий Бог!
Тебе себя навеки посвящая, 
С Тобой хочу пройти я сто дорог!

Пр. Мой Бог, Иисус! К Тебе летит хвала!
       Мой Бог, Иисус! Ты есть Любовь моя!

2.В Тебе мои стремления и желания
Найдут чудесный мир и Твой покой!
Тебе хочу отдать свои страдания!
Пусть благодать Твоя течёт рекой!

3.Из сердца вырывается как птица
Мой крик и иступлённый голос мой!
Ты заставляешь снова сердце биться,
Ты исцеляешь всё Своей рукой!

В Em+0: К: Em D C Am H7 Em
                П: Em D C H7 Em D C D Em (H7)
";"{title: Перед Небесным троном поклоняясь}
{key: Am}
{capo: +7}


1. Пер[Am]ед Небесным тр[G]оном поклон[F]яясь, 
Хв[Dm]алу пою Т[Em]ебе, Великий [Am]Бог!
Тебе себя навеки посвящая, 
С Тобой хочу пройти я сто дорог!

Пр. Мой [Am]Бог, Иис[G]ус! К Теб[F]е летит хвал[E]а!
       Мой [Am]Бог, И[G]исус! Ты [F]есть Л[G]юбовь [Am]моя![E]

2.В Тебе мои стремления и желания
Найдут чудесный мир и Твой покой!
Тебе хочу отдать свои страдания!
Пусть благодать Твоя течёт рекой!

3.Из сердца вырывается как птица
Мой крик и иступлённый голос мой!
Ты заставляешь снова сердце биться,
Ты исцеляешь всё Своей рукой!

В Em+0: К: Em D C Am H7 Em
                П: Em D C H7 Em D C D Em (H7)
";;;;
0405;405;Бог совершил;Огненный ветер;Am;3;;4/4;;;V1 C V2 V3 V4;Огненный ветер (аккорды);;;;;"К: Am G F E - 2,  Dm F E - 2,  Dm G F E,  Dm F E
П: Am Dm E,  Am Dm G,  C F Dm E,  Dm F Dm E

Перед рассветом всё оживает, сбросив одежду снов!
Всё наполняет Божье дыханье свежих Его ветров…
Упавшие звёзды тонут во мгле и исчезают в мокрой траве…
Свет озаряет утренний лес, птицы рождают звуки чудес!

Пр.   Лёгкая нежность окутывает, пьяня, 
          Бог обнимает Словом любви меня,
          Солнце рождает новый прекрасный день,
          Прошлое тает… и с ним исчезает тень…

2. Солнце в зените - холод уходит, цветом цветут сады!
Знаю, что будет в вечности встреча: встретимся я и Ты…
Как рассказать мне о чудесах? Сердце ликует в Божьих ветрах!
Утро из радуг, запах цветов! Волны танцуют у берегов…

Пр. Хочется плакать с улыбкою на устах,
       Машет рукою Ангел в моих мечтах…
       Солнце рождает новый прекрасный день,
       Прошлое тает… и с ним исчезает тень…

       Лёгкая нежность окутывает, пьяня, 
       Бог обнимает Словом любви меня,
       Солнце рождает новый прекрасный день,
       Прошлое тает… и с ним исчезает тень…";"{title: Перед рассветом всё оживает}
{key: Am}
{capo: +3}

К: Am G F E - 2,  Dm F E - 2,  Dm G F E,  Dm F E
П: Am Dm E,  Am Dm G,  C F Dm E,  Dm F Dm E

П[Am]еред рассветом вс[G]ё оживает, сбр[F]осив одежду сн[E]ов!
Вс[Am]ё наполняет Б[G]ожье дыханье св[F]ежих Его ветр[E]ов…
Уп[Dm]авшие зв[F]ёзды т[E]онут во мгле [Dm]и исчез[F]ают в м[E]окрой траве…
Св[Dm]ет озар[G]яет [F]утренний [E]лес, пт[Dm]ицы рожд[F]ают зв[Dm]уки ч[E]удес!

Пр.   Л[Am]ёгкая нежность ок[Dm]утывает, пьян[E]я, 
          Б[Am]ог обнимает Сл[Dm]овом любви мен[G]я,
          С[C]олнце рожд[F]ает н[Dm]овый прекрасный [E]день,
          Пр[Dm]ошлое тает… и с н[F]им исчезает [E]тень…

2. Солнце в зените - холод уходит, цветом цветут сады!
Знаю, что будет в вечности встреча: встретимся я и Ты…
Как рассказать мне о чудесах? Сердце ликует в Божьих ветрах!
Утро из радуг, запах цветов! Волны танцуют у берегов…

Пр. Хочется плакать с улыбкою на устах,
       Машет рукою Ангел в моих мечтах…
       Солнце рождает новый прекрасный день,
       Прошлое тает… и с ним исчезает тень…

       Лёгкая нежность окутывает, пьяня, 
       Бог обнимает Словом любви меня,
       Солнце рождает новый прекрасный день,
       Прошлое тает… и с ним исчезает тень…";;;;
0406;406;Я хочу увидеть Тебя;Огненный ветер;Am;3;;4/4;;;V1 C V2;Огненный ветер (аккорды);;;;;"1. Я хочу увидеть Тебя, я хочу узнать Тебя
По голосу и сердечному ритму!
Каждый день стремлюсь к небесам,
Где живут Твои чудеса, где они    слагаются в рифму!

Пр. Я хочу узнать любовь! Я хочу понять любовь!
       Раствориться, улететь с нею в вечность!
       Всё, что было до неё, словно было не моё…
       Сердцем вижу я любви бесконечность!

2. У любви слова понимать, а по ним Тебя узнавать,
Любимого! Для меня – это счастье!
Слышать стук грядущих шагов, -
Так идёт навстречу любовь,
Твоя любовь, и уходит ненастье!";"
[Am]1. Я хочу увидеть Тебя, я хочу узнать Тебя
[Dm]По [E]голосу и сердечному рит[Am]му!
[Am]Каждый день стремлюсь к небесам,
[Dm]Где[E] живут Твои чудеса, г[Am]де они [E]   слагаются в рифму!

[Am]Пр. Я хочу узнать л[Dm]юбовь! Я хочу[E] понять любовь![Am]
[F]       Растворить[Dm]ся, улете[E]ть с нею[Am] в вечность!
[Am]       Всё,[Dm] что было до неё[E], словно было [Am]не моё…
[F]       Сердцем ви[Dm]жу [E]я любви [Am]бесконечность!

2. У любви слова понимать, а по ним Тебя узнавать,
Любимого! Для меня – это счастье!
Слышать стук грядущих шагов, -
Так идёт навстречу любовь,
Твоя любовь, и уходит ненастье!
";;;;
0407;407;В пляс пойду я танцевать;Огненный ветер;Em;3;;4/4;;;V1 C V2 V3;Огненный ветер (аккорды);;;;;"
1. Перед тем как встать на краю и взлететь потом в Небеса,
Прокричи земле: «Я люблю!», чтобы голос был, как гроза! 

Пр. Обжигай, любовь, ветром огненным! На свободе +45!
       А внутри тюрьмы одиночества не понять любовь, не понять!

2. От холодных слов убегай, к равнодушию не стремись!
Наливай любовь через край! И взлетай орлом только ввысь!

3. Оцени любовь, не скупись, выше золота, серебра!
Нелюбви пути – только вниз! А твои пути – только в рай!
";"{title: Перед тем как встать на краю}
{key: Em}
{capo: +3}


1. Перед [Em]тем как встать на кр[Am]аю и взлет[H7]еть потом в Небес[Em]а,
Прокрич[Am]и земле: «Я любл[Em]ю!», чтобы [H7]голос был, как гр[Em]оза! 

Пр. Обжиг[Am]ай, любовь, ветром [Em]огненным! На св[H7]ободе [Em]+45!
       А вн[Am]утри тюрьмы од[Em]иночества не [H7]понять любовь, не [Em]понять!

2. От холодных слов убегай, к равнодушию не стремись!
Наливай любовь через край! И взлетай орлом только ввысь!

3. Оцени любовь, не скупись, выше золота, серебра!
Нелюбви пути – только вниз! А твои пути – только в рай!
";;;;
0408;408;Думал я: как бы мне (Пс.72);Огненный ветер;Am;2;;4/4;;;V1 C V2 V3;Огненный ветер (аккорды);;;;;"
1. Перекрёстки дорог на картах и судьбах          C
Обещают триумф от встреч многолюдных!         Dm
Ради этого флаг поднимается выше!             F                            E
Голос наш в небесах становится слышен!
Пр. Мы идём по земле, по лесу сквозь ветви,                   G
       Километры дорог запутались в ветре!                       Dm
       Шаг за шагом вперёд продвигаемся вместе!                     F                  G
       Мы победу несём Евангельской вести!

2. Песня будит сердца с кровавой молитвой,
Ноты, словно полки, готовятся к битве!
Права нет отступать! Нас ведёт Божье слово!
Душу другу отдать мы с любовью готовы!
Бр. Скорость наша - скорость света! Стали мы детьми завета        Am                   G                 F                         E
       На пути, где всё решает Крест и любовь! Божья любовь!                

";"{title: Перекрёстки дорог}
{key: Am}
{capo: +2}


1. Перекр[Am]ёстки дорог на картах и судьбах          C
Обещают триумф от встреч многолюдных!         Dm
Ради этого флаг поднимается выше!             F                            E
Голос наш в небесах становится слышен!
Пр. Мы ид[Am]ём по земле, по лесу сквозь ветви,                   G
       Километры дорог запутались в ветре!                       Dm
       Шаг за шагом вперёд продвигаемся вместе!                     F                  G
       Мы победу несём Евангельской вести!

2. Песня будит сердца с кровавой молитвой,
Ноты, словно полки, готовятся к битве!
Права нет отступать! Нас ведёт Божье слово!
Душу другу отдать мы с любовью готовы!
Бр. Ск[Am]орость наша - ск[G]орость света! Ст[F]али мы детьм[G]и завета        Am                   G                 F                         E
       На пути, где всё решает Крест и любовь! Божья любовь!                

";;;;
0409;409;Всё было раньше;Огненный ветер;Am;3;;4/4;;;V1 V2 V3 V4;Огненный ветер (аккорды);;;;;"
1.Переплакана трава росной россыпью.
Уходила ночь по лугу лёгкой поступью.
Села в лодку на реке одинокую, –
Захотелось проводить черноокую! – 2р.

2. Громко крикнуть ей вослед: « До свидания!»,
И рукою помахать на прощание.
Помешали петухи, загорланили…
Леденцами в вышине звёзды таяли…- 2р.

3.Пусть полынь-печаль уйдёт, как чиста слеза,
А в душе растопит лёд Божья красота!
Наливается рассвет спелой ягодой,
Обнимая небосвод яркой радугой! – 2р.";"{title: Переплакана трава}
{key: Am}
{capo: +3}


1.Перепл[Am]ак[G]ана тр[Am]ава росной [G]росс[Am]ыпью.
Уходила ночь по л[G]уг[Am]у лёгкой п[G]оступь[Am]ю.
Села в л[Dm]одку на реке [E]од[Am]инокую, [F]–
Захот[Dm]елось провод[E]ить черн[Am]оокую! – 2р.

2. Громко крикнуть ей вослед: « До свидания!»,
И рукою помахать на прощание.
Помешали петухи, загорланили…
Леденцами в вышине звёзды таяли…- 2р.

3.Пусть полынь-печаль уйдёт, как чиста слеза,
А в душе растопит лёд Божья красота!
Наливается рассвет спелой ягодой,
Обнимая небосвод яркой радугой! – 2р.";;;;
0410;410;Высекает пламень огня (Пс.30);Огненный ветер;Am;3;;4/4;;;V1 C V2 V3;Огненный ветер (аккорды);;;;;"
1. Перестать бояться трудных ситуаций я смогу!
И переживания даже без названия все сожгу!
Плакать и смеяться буду вместе с небом и дождём,
Следовать за Богом выбранной дорогой день за днём! 

Пр. Горы на пути я уберу! Ты дал мне веру!
       Огненным шагам в мудрости Твоей я знаю меру!
       Все мои враги делают меня только сильнее! 
       Но любовь Твоя и моих друзей всего ценнее!

2. Будет всё привычно так же, как и раньше, и не так…
Если  жить с надеждой, отвергать сомнения и страх!
То, что было сложным, станет очень лёгким и простым!
Ангелы помогут стать творением новым и святым!    

3. Убегать не буду от ветров холодных и  огня!
Корабли не тонут: там Спаситель Божий у руля!
Льды растают в море откровений слова и любви!
Обретают веру те, кто жизнь построил на крови!

В крови креста!     В крови любви  живую нить   не оборви! ";"{title: Перестать бояться}
{key: Am}
{capo: +3}


1. [Am]Перестать бояться тр[G]удных ситуаций [F]я смог[G]у!
[Am]И переживания [G]даже без названия [F]все сожг[G]у!
Пл[Dm]акать и смеяться [Em]буду вместе с небом [Am]и дожд[G]ём,
Сл[Dm]едовать за Богом [Em]выбранной дорогой [Am]день за дн[G]ём! 

Пр. [Am]Горы на пути [G]я уберу! Ты [F]дал мне веру![G]
       [Am]Огненным шагам в [G]мудрости Твоей я зн[F]аю мер[G]у!
       Вс[F]е мои враги [G]делают меня [Am]только сильне[G]е! 
       [F]Но любовь Твоя [G]и моих друзей вс[Am]его ценне[G]е!

2. Будет всё привычно так же, как и раньше, и не так…
Если  жить с надеждой, отвергать сомнения и страх!
То, что было сложным, станет очень лёгким и простым!
Ангелы помогут стать творением новым и святым!    

3. Убегать не буду от ветров холодных и  огня!
Корабли не тонут: там Спаситель Божий у руля!
Льды растают в море откровений слова и любви!
Обретают веру те, кто жизнь построил на крови!

В крови кр[Am]еста!     [G]В крови лю[F]бв[G]и  живую [Am]нит[G]ь   не об[F]орв[G]и! ";;;;
0411;411;Он ввёл меня в дом пира! (Песн. 2);Огненный ветер;Am;3;;4/4;;;C V1 V2 V3;Огненный ветер (аккорды);;;;;"
1. Песнею первою или последнею, 
В сердце приходит святая любовь!
Будит всё мёртвое, светится золотом,
Солнечным лучиком греется кровь! 

Пр. Это Божья любовь     постучала ко мне, 
      Заполняя Собой пустоту!  
      И в молитве сказать      я хочу на заре:
      «Как Тебя, Мой Господь, я люблю!»

2. Нет, не забуду я первой любви своей!
Я не смогу дышать без Тебя!
Счастье рождается в Божьем прощении!
Ангелы всем о спасении трубят! 
";"{title: Песнею первою или последнею}
{key: Am}
{capo: +3}


1. [Am]Песнею [G]первою [F]или посл[E]еднею, 
В сердце прих[Dm]одит свят[F]ая люб[E]овь!
[Am]Будит всё м[G]ёртвое, св[F]етится [E]золотом,
Солнечным [Dm]лучиком гр[F]еется кр[E]овь! 

Пр. Это Божья люб[Dm]овь     [G]постучала ко [C]мне, [F]
      Заполняя Соб[Dm]ой пустот[E]у!  
      И в молитве сказ[Dm]ать      [G]я хочу на з[C]аре:[F]
      «Как Тебя, Мой Госп[Dm]одь, я любл[E]ю!»

2. Нет, не забуду я первой любви своей!
Я не смогу дышать без Тебя!
Счастье рождается в Божьем прощении!
Ангелы всем о спасении трубят! 
";;;;
0412;412;Вокруг всё шумит;Огненный ветер;Am;3;;4/4;;;V1 V2 V3 V4 V5;Огненный ветер (аккорды);;;;;"

1. Песни слагают нам небеса! Их распевают на все голоса

Ангелы Божьи в присутствии святом, и наполняют ими наш дом!


Пр. Радость, восторг и любовь вдруг начинают кружиться

       Вихрем рассыпчатых слов, чтобы нам в них раствориться!

       Славное время любви мы получили от Бога,

      Чтобы Его восхвалять в ритмах Святого потока…
";"{title: Песни слагают нам небеса}
{capo: +3}



1. Песни слагают нам небеса! Их распевают на все голоса

Ангелы Божьи в присутствии святом, и наполняют ими наш дом!


Пр. Радость, восторг и любовь вдруг начинают кружиться

       Вихрем рассыпчатых слов, чтобы нам в них раствориться!

       Славное время любви мы получили от Бога,

      Чтобы Его восхвалять в ритмах Святого потока…
";;;;
0413;413;Любить;Огненный ветер;Am;3;;4/4;;;V1 C V2;Огненный ветер (аккорды);;;;;"
1.Песнь о любви так было трудно петь!
Мы не могли для неё, как огонь гореть!

Пр. Данко! Его сердце из огня!
        Данко! Спас он всех, кого любил!
       Только, может ты, а может я,
       Тихо это сердце раздавил!

2.Там, на кресте, был Иисус распят,
Чтоб в темноте свет Его ярче стал!

Пр. Иисус! Его сердце из огня!
       Иисус! Спас Он всех, кого любил!
       Только, может ты, а может я,
       Тихо это сердце раздавил!

3.Мир ждёт тебя! Мир ждёт твоей любви!
Мир ждёт огня, горящего в твоей груди!

Пр.  Время сердцу, полному огня,
        Светом для народов мира быть!
        Значит, это – ты, и это – я,
        Можем смерть любовью победить!";"{title: Песнь о любви}
{key: Am}
{capo: +3}


1.П[Am]еснь о любв[Dm]и [E]так было [Am]трудно петь!
М[F]ы не могл[Dm]и для н[E]её, как ог[Am]онь гореть!

Пр. Д[Dm]анко! Его [Am]сердце из огня!
        Д[E]анко! Спас он вс[Am]ех, кого любил!
       [Dm]Только, может т[Am]ы, а может я,
       Т[E]ихо это с[Am]ердце раздавил!

2.Там, на кресте, был Иисус распят,
Чтоб в темноте свет Его ярче стал!

Пр. Иисус! Его сердце из огня!
       Иисус! Спас Он всех, кого любил!
       Только, может ты, а может я,
       Тихо это сердце раздавил!

3.Мир ждёт тебя! Мир ждёт твоей любви!
Мир ждёт огня, горящего в твоей груди!

Пр.  Время сердцу, полному огня,
        Светом для народов мира быть!
        Значит, это – ты, и это – я,
        Можем смерть любовью победить!";;;;
0414;414;Распускаются цветы;Огненный ветер;Am;3;;4/4;;;V1 C V2;Огненный ветер (аккорды);;;;;"1. Распускаются цветы небывалой красоты,
Не в садах, не на полях, а в возлюбленных сердцах!
Распускаются слова из любви, да из добра
В тех, кто хочет в битве биться и отчаянно молиться!

Пр. У любви, у любви на небесах
       Всё не так, как в садах, всё не так:
       Там цветут не цветы, а хвала!
       Там из сердца текут Тебе слова!

2. Распускается любовь, обновляя жизнью кровь,
В душах Божьих, дорогих, драгоценных и простых…
Распускается хвала, по земле течёт она,
Летом, осенью, весной славной русскою рекой…";"
[Am]1. Распускаются цвет[Dm]ы небывало[E]й красоты,[Am]
[Dm]Не в садах, [E]не на полях, а в возлюбл[Am]енных сердцах!
[A7]Распускаются слов[Dm]а из любв[G]и, да из добра[C]
[F]В тех, кто хочет в битве биться[Dm] и отчаянно моли[E]ться![Am]

[Am]Пр. У любви, у любви на [A7]небесах[Dm]
[G]       Всё не так[C], как в садах, всё не так:
[F]       Там цве[Dm]тут не цветы, а хвала!
[E]       Там из сердца т[Am]екут Тебе слова!

2. Распускается любовь, обновляя жизнью кровь,
В душах Божьих, дорогих, драгоценных и простых…
Распускается хвала, по земле течёт она,
Летом, осенью, весной славной русскою рекой…";;;;
0415;415;По торговым путям;Огненный ветер;Em;3;;4/4;;;V1 C V2 B;Огненный ветер (аккорды);;;;;"
   Твоя любовь! Твоя любовь зовёт меня за моря!
   Твоя любовь! Твоя любовь бесценная         для меня!

1. По торговым путям несутся в море белые корабли!
И от холода улетают с песней серые журавли…
Солнце жёлтое станет красным, если небо отменит дождь,
Юг и север, восток и запад наполняет Твоя любовь!

Пр. Уходить, убегать не стану от огромной Твоей любви!
       Ты Своей чудотворной силой меня грешного оживи!
       Наполняться лишь свежим ветром 
       Надо каждому вновь и вновь,
       Чтобы сердцем понять и встретить, 
       Как подарок, Твою любовь!

2. Бог великий в Своём творении удивляет нас красотой!
И от лёгкого дуновенья дух ликует, хваля Его!  
У причалов морских пасутся волны радости для меня!
Все закаты и все рассветы полыхают, огнём горя!

Бр. Em Hm Am H7 Em Hm Am (C) H7 ";"{title: По торговым путям}
{key: Em}
{capo: +3}


   Твоя люб[Em]овь! Твоя люб[Hm]овь зовёт м[Am]еня за мор[H7]я!
   Твоя люб[Em]овь! Твоя люб[Hm]овь бесценн[Am]ая         [C]для мен[H7]я!

1. По торг[Em]овым путям несутся в море [Hm]белые корабли!
И от [Am]холода улетают с песней с[H7]ерые журавли…
Солнце [Em]жёлтое станет красным, если [Hm]небо отменит дождь,
Юг и [Am]север, восток и запад наполн[C]яет Твоя люб[H7]овь!

Пр. Уход[Em]ить, убегать не стану от огр[Hm]омной Твоей любви!
       Ты Сво[Am]ей чудотворной силой меня [H7]грешного оживи!
       Наполн[Em]яться лишь свежим ветром 
       Надо [Hm]каждому вновь и вновь,
       Чтобы с[Am]ердцем понять и встретить, 
       Как под[C]арок, Твою люб[H7]овь!

2. Бог великий в Своём творении удивляет нас красотой!
И от лёгкого дуновенья дух ликует, хваля Его!  
У причалов морских пасутся волны радости для меня!
Все закаты и все рассветы полыхают, огнём горя!

Бр. Em Hm Am H7 Em Hm Am (C) H7 ";;;;
0416;416;В небесах есть храм;Огненный ветер;Am;2;;4/4;;;V1 C V2;Огненный ветер (аккорды);;;;;"
1. Петь хочу Тебя, как песню! Танцевать хочу душой!
Мишура из сладкой лести не заменит мне Тебя, Родной!

Пр. Песня эта – только лишь начало новых отношений и любви!
      Я хочу, чтобы она звучала в красных нотах жертвенной крови!
      Песнь моя - моя мечта и радость, сердца стук, небесная хвала!
      Кровью мук Твоих  она писалась, подбирая к музыке слова!

2. Гвозди были вместо клавиш! В Твоих нотах - сердца стук!
На кресте они остались кровью из пронзённых рук!

3.Я мечтаю видеть славу в каждой ноте Слова Твоего!
Чтоб об этом песнею писалось на скрижалях сердца моего!";"{title: Петь хочу Тебя как песню!}
{key: Am}
{capo: +2}


1. [Am]Петь хочу Тебя, как [Dm]песню! Т[E]анцевать хочу д[Am]ушой![E]
[Am]Мишура из сладкой [Dm]лести [F]не заменит [Dm]мне Тебя, Родн[E]ой!

Пр. П[A7]есня эта – только лишь н[Dm]ачало н[G]овых отношений и любв[C]и!
      [F]Я хочу, чтобы она зв[Dm]учала в [F]красных нотах [Dm]жертвенной кр[E]ови!
      [A7]Песнь моя - моя мечта и [Dm]радость, [G]сердца стук, небесная хв[C]ала!
      Кр[F]овью мук Твоих  она пис[Dm]алась, [F]подбирая к [Dm]музыке сл[E]ова!

2. Гвозди были вместо клавиш! В Твоих нотах - сердца стук!
На кресте они остались кровью из пронзённых рук!

3.Я мечтаю видеть славу в каждой ноте Слова Твоего!
Чтоб об этом песнею писалось на скрижалях сердца моего!";;;;
0417;417;Сторож, сколько ночи?;Огненный ветер;Am;4;;4/4;;;V1 C V2 V3;Огненный ветер (аккорды);;;;;"1. Сторож, сколько ночи? Сторож, сколько ночи?
Скоро! Очень скоро рассвет!
Спят все, почивают, и совсем не знают,
Что несёт им Божий ответ!

Пр. Как водопад, как летний дождь
       Придёт с Небес благословение!
       Спасёт Господь народ  и даст
       Иерусалиму - исцеление!

2. Стен Твоих узоры - каперсы и камни!
Они Бога тайну хранят!
Ангелы в воротах, словно неба стражи,
Под покровом ночи не спят!

3. Лишь врата златые тишиной покрыты!
В них Господь с Невестой войдёт!
Радость всех наполнит и в сиянии молний
Воздух слава Божья взорвёт!";"
[Am]1. Сторож, сколько ночи? Сторож, скол[G]ько ночи?
[F]Скоро! Очень скоро рассвет![E]
[Am]Спят все, почивают, и [G]совсем не знают,
[F]Что несёт им Божий ответ![Am]

[Am]Пр. Как водопад, как ле[Dm]тний дождь
[E]       Придёт с Небес[Am] благословение!
[F]       Спасёт Господь народ  и даст
[E]       Иерусалиму[Am] - исцел[E]ение!

2. Стен Твоих узоры - каперсы и камни!
Они Бога тайну хранят!
Ангелы в воротах, словно неба стражи,
Под покровом ночи не спят!

3. Лишь врата златые тишиной покрыты!
В них Господь с Невестой войдёт!
Радость всех наполнит и в сиянии молний
Воздух слава Божья взорвёт!";;;;
0418;418;Господи! Не надмевалось сердце моё (Пс. 130);Огненный ветер;Am;2;;4/4;;;V1 C V2;Огненный ветер (аккорды);;;;;"

1.Пламя огня, свежесть дождя: 
всё говорит о Тебе, Иисус Господь!
Мощной рекой Дух Твой сойдёт, 
и воедино соберёт народ!

Пр. В сердце моём только Ты Один, 
       Истинный Бог мой и Господин!
       В сердце моём теперь живёт любовь!
       Ангелы на небесах трубят, 
       чтобы узнала земля Тебя!
       Чтобы узнала, что нет других богов!

2. Времени нет, скоро рассвет, 
и тьма уйдёт совсем во свете дня!
Слово Твоё верных спасёт, 
и в небеса их вознесёт хвала!

Бр. Огнём гори, сердце моё!Огнём любви, сердце моё!";"{title: Пламя огня, свежесть дождя}
{key: Am}
{capo: +2}


[Am][G][F][G][Am]
1.Пламя огня, свежесть дождя: 
всё говорит о Тебе, Иисус Господь!
Мощной рекой Дух Твой сойдёт, 
и воедино соберёт народ!

Пр. В сердце моём только Ты Один, 
       Истинный Бог мой и Господин!
       В сердце моём теперь живёт любовь!
       Ангелы на небесах трубят, 
       чтобы узнала земля Тебя!
       Чтобы узнала, что нет других богов!

2. Времени нет, скоро рассвет, 
и тьма уйдёт совсем во свете дня!
Слово Твоё верных спасёт, 
и в небеса их вознесёт хвала!

Бр. Огнём гори, сердце моё!Огнём любви, сердце моё!";;;;
0419;419;Хвалят Господа с небес (Пс. 148);Огненный ветер;Am;3;;4/4;;;V1 C V2 V3;Огненный ветер (аккорды);;;;;"
1.Хвалят Господа с небес, хвалят Ангелы Его!
Хвалят воинства Его, звёзды света!
Хвалят солнце и луна! Хвалят небеса небес!
Хвалят реки и моря, и все бездны!

Пр. Всей душой восхвалю имя Господа Христа!
       Сердцем всем восхвалю я Его!
       Крепость жизни моей – Он! И сила моя!
       Драгоценнее нет ничего!

2. Хвалит Господа огонь! Снег, туман и сильный град!
Хвалит Господа небес бурный ветер!
Хвалят горные хребты и высокие холмы!
И плоды Его дерев, и все кедры!

3. Хвалят Господа цари! И Израиля земля!
Наполняет небеса слава Бога!
В славословиях своих пусть поют «аллилуйя!»
Все святые избранного народа!";"{title: Хвалят Господа с небес (Пс. 148)}
{key: Am}
{capo: +3}


1.Хвалят [Am]Господа с небес, хвалят [G]Ангелы Его!
Хвалят в[F]оинства Его, звёзды св[E]ета!
Хвалят солнце и луна! Хвалят небеса небес!
Хвалят реки и моря, и все бездны!

Пр. Всей душ[Dm]ой восхвал[G]ю имя [C]Господа Христ[Am]а!
       Сердцем [Dm]всем восхвал[E]ю я [Am]Его!
       Крепость жизни моей – Он! И сила моя!
       Драгоценнее нет ничего!

2. Хвалит Господа огонь! Снег, туман и сильный град!
Хвалит Господа небес бурный ветер!
Хвалят горные хребты и высокие холмы!
И плоды Его дерев, и все кедры!

3. Хвалят Господа цари! И Израиля земля!
Наполняет небеса слава Бога!
В славословиях своих пусть поют «аллилуйя!»
Все святые избранного народа!";;;;
0420;420;А у меня есть руки!;Огненный ветер;Am;3;;4/4;;;V1 V2 V3;Огненный ветер (аккорды);;;;;"
1.Победивший смерть, и проливший кровь,
Он взошёл на крест с именем ЛЮБОВЬ!
Через боль Свою в муках так страдал!
И в страданьях за нас умирал!

Пр. Восхваляй днём и ночью! Восхваляй «Аллилуйя!»
Бог великий, всемогущий! Иисус Христос воскрес!


2. Агнцем стал для всех в святости Своей 
И помазал нам косяки дверей!
Он восстал, как Лев, против мрака тьмы… 
Ранами Его исцелились мы!

3. Агнцу Божьему слава и хвала!
В Небесах звонят пусть колокола! 
Он единый Царь, да над всей землёй! 
Мы искуплены дорогой ценой!
";"{title: Победивший смерть}
{key: Am}
{capo: +3}


1.Победивш[Am]ий смерть, и проливш[G]ий кровь,
Он взош[F]ёл на крест с им[G]енем ЛЮБ[Am]ОВЬ!
Через б[Am]оль Свою в муках т[G]ак страдал!
И в стр[F]аданьях за н[G]ас умир[Am]ал!

Пр. Восхвал[F]яй днём [Am]и ночью! Восхв[F]аляй «Алл[Am]илуйя!»
Бог вел[F]икий, [G]всемог[Am]ущий! [F]Иисус Хр[Dm]истос в[Em]оскр[Am]ес!


2. Агнцем стал для всех в святости Своей 
И помазал нам косяки дверей!
Он восстал, как Лев, против мрака тьмы… 
Ранами Его исцелились мы!

3. Агнцу Божьему слава и хвала!
В Небесах звонят пусть колокола! 
Он единый Царь, да над всей землёй! 
Мы искуплены дорогой ценой!
";;;;
0421;421;Буду петь Тебе (Ты - любовь моя!);Огненный ветер;Am;0;;4/4;;;V1 V2 V3;Огненный ветер (аккорды);;;;;"
1. Побеждая тьму мы идём вперёд, 
Сердце из огня нас ведёт!
Сквозь туман и мглу светит слава нам! 
А в устах хвала – как фимиам! 

Пр. Разливается рекой любовь Твоя! 
       Омывается душа слезами!
       Слово чистое Твоё во свете дня
       Нежной музыкой звучит над нами…

2. Ветер и огонь пронесутся вновь, принесут хвалу и любовь!
Страх неведом тем, кто войной пропах, 
в ком молитвы звук на устах…

3. Побеждая тьму мы идём вперёд:
Полночь позади, впереди – восход!
Через боль и крест мы познали путь, 
И с пути любви нам не свернуть!

Восходит солнца свет! Встречают все рассвет!
И рассыпаясь в прах, уходит страх…                                                                                           
";"{title: Побеждая тьму}
{key: Am}
{capo: +0}


1. Побежда[Am]я тьму мы идём впер[C]ёд, 
Сердце из огн[Dm]я нас вед[E]ёт!
Сквозь туман и мгл[Am]у светит слава [C]нам! 
А в устах хвал[Dm]а – как фими[E]ам! 

Пр. Разливается рек[Am]ой люб[Dm]овь Тво[E]я! 
       Омывается душ[F]а слез[Dm]ам[E]и!
       Слово чистое Тв[Am]оё во [Dm]свете дн[E]я
       Нежной музыкой звучит [F]над [Dm]нам[E]и…

2. Ветер и огонь пронесутся вновь, принесут хвалу и любовь!
Страх неведом тем, кто войной пропах, 
в ком молитвы звук на устах…

3. Побеждая тьму мы идём вперёд:
Полночь позади, впереди – восход!
Через боль и крест мы познали путь, 
И с пути любви нам не свернуть!

Восходит солнца свет! Встречают все рассвет!
И рассыпаясь в прах, уходит страх…                                                                                           
";;;;
0422;422;Господь Бог, Ты царствуешь! (Пс.92, 95);Огненный ветер;Am;3;;4/4;;;V1 C;Огненный ветер (аккорды);;;;;"
1.По белу свету ходит      прекрасная Невеста!
Людей заблудших ищет,     хоть ноги все в крови!
И даже в пекло ада       Она спуститься может
Во имя безграничной      спасающей любви!

Пр. Дышать хочу надеждой!       Дышать хочу любовью!
       Тебя, как было прежде,     я встречу  хлебом с солью!
       Среди темноты тебе прокричу, и в тучах осенних тебя отыщу!
       Пусть будет с надрывами встреча с тобой и болью! 
       (Пусть будет счастливою встреча моя с тобою!)

2. Пастух под звёздным небом овец заблудших ищет!
В пустыне Его голос услышится вдали!
Найдёт пастух и нежно прижмёт к себе овечку, 
И тихо успокоит на любящей груди!

3. Ну сколько может стоить душа моя живая?
Она была ненужной, в кармане без гроша …
И только в снах счастливых я видел небо светлым!
И только Богу верил, что Он найдёт меня…

4. Полна надеждой церковь, живёт она в служении
Бездомным и ненужным без веры и мечты!
И ад не одолеет Прекрасную Невесту!
Она стоит на камне небесной красоты!";"{title: По белу свету}
{key: Am}
{capo: +3}


[Am]1.По белу свету ход[Dm]ит      [E]прекрасная Нев[Am]еста!
[Am]Людей заблудших [Dm]ищет,     [F]хоть н[Dm]оги все в кров[E]и!
[Am]И даже в пекло [Dm]ада       [E]Она спуститьс[Am]я может[F]
Во имя безгран[Dm]ичной      [F]сп[Dm]асающей любв[E]и!

[Am]Пр. Дышать хочу н[Dm]адеждой[Am]!       Дышать хочу л[Dm]юбовью![G]
       Тебя, как было пр[C]ежде,     [F]я встречу  хлебом с [Dm]солью![E]
       Ср[Am]еди темноты т[Dm]ебе прокричу, и в [G]тучах осенних [C]тебя отыщу!
       Пусть б[F]удет с надрывами встр[Dm]еча с тобой и б[E]олью! 
       (Пусть б[F]удет счастливою встр[Dm]еча моя с тоб[E]ою!)

2. Пастух под звёздным небом овец заблудших ищет!
В пустыне Его голос услышится вдали!
Найдёт пастух и нежно прижмёт к себе овечку, 
И тихо успокоит на любящей груди!

3. Ну сколько может стоить душа моя живая?
Она была ненужной, в кармане без гроша …
И только в снах счастливых я видел небо светлым!
И только Богу верил, что Он найдёт меня…

4. Полна надеждой церковь, живёт она в служении
Бездомным и ненужным без веры и мечты!
И ад не одолеет Прекрасную Невесту!
Она стоит на камне небесной красоты!";;;;
0423;423;Имя Бога;Огненный ветер;Am;3;;4/4;;;V1 C V2 V3;Огненный ветер (аккорды);;;;;"
1.Подарю любовь Тебе! 
Подарю любовь Тебе!
Подарю любовь Тебе!     Сердце чистое! 
Нахожу в Тебе покой! Нахожу в Тебе огонь!
Нахожу я лишь в Тебе слово верное!

Пр. Слава! Слава! Слава!      Слава! Аллилуйя!
       Слава! Слава! Слава! Лишь Тебе! (Иисус!)

2.Воспою Тебе, мой Бог! -3р. Песню новую!
Пусть польётся как ручей, 
Пусть польётся как елей
Уст моих Тебе хвала, песней звонкою!";"{title: Подарю любовь}
{key: Am}
{capo: +3}


[Am]1.Подарю люб[Dm]овь Тебе! 
[G]Подарю любовь [C]Тебе!
[F]Подарю люб[Dm]овь Тебе!     [E]Сердце чисто[Am]е! 
Нахожу в Тебе покой! Нахожу в Тебе огонь!
Нахожу я лишь в Тебе слово верное!

[Am]Пр. Слава! Слава! [Dm]Слав[G]а!      Слава! Алл[C]илуйя!
  [F]     Слава! Слава! [Dm]Слава! [E]Лишь Тебе! (И[Am]исус!)

2.Воспою Тебе, мой Бог! -3р. Песню новую!
Пусть польётся как ручей, 
Пусть польётся как елей
Уст моих Тебе хвала, песней звонкою!";;;;
0424;424;Дух Господень на мне (Ис. 61);Огненный ветер;Am;3;;4/4;;;V1 C V2 V3;Огненный ветер (аккорды);;;;;"
1.Позади сожжённый город…
Позади мой грех и слёзы
Позади….позади…
Не вернусь к своим потерям, 
Я в обман теперь не верю…
Верю я лишь Тебе!
Пр. В огне Твоей любви сгорели все мосты
       Назад дороги нет и возвращенья!
       Любовью неземной, мой Бог, встречаешь Ты
       Своих детей и даришь      им спасенье!
       (Встречаешь нас и даришь нам спасенье!)

2.Позади мои тревоги…
Впереди – моя дорога
Крестный путь! Крестный путь!
Не уйти теперь от Бога! 
Помоги мне  с той дороги
Не свернуть! Не свернуть!

3. Впереди Небесный город! 
Для меня стал очень дорог
Мой Иисус! Мой Иисус!
Из огня теперь мой ветер…
Позади лишь дым и пепел…
Я туда не вернусь!!!
";"{title: Позади}
{key: Am}
{capo: +3}


1.П[Am]озади сожж[E]ённый город…
[Am]Позади мой грех и слёзы
[Dm]Позад[E]и….п[Am]озади…
Не вернусь к своим потерям, 
Я в обман теперь не верю…
Верю я лишь Тебе!
Пр. [A7]В огне Твоей любв[Dm]и сгорели [G]все мост[C]ы
       Назад дор[F]оги [Dm]нет и возвращ[E]енья!
  [A7]     Любовью неземн[Dm]ой, мой Бог, встреч[G]аешь Т[C]ы
       Своих дет[F]ей и [Dm]дариш[E]ь      им сп[Am]асенье!
       (Встречаешь нас и даришь нам спасенье!)

2.Позади мои тревоги…
Впереди – моя дорога
Крестный путь! Крестный путь!
Не уйти теперь от Бога! 
Помоги мне  с той дороги
Не свернуть! Не свернуть!

3. Впереди Небесный город! 
Для меня стал очень дорог
Мой Иисус! Мой Иисус!
Из огня теперь мой ветер…
Позади лишь дым и пепел…
Я туда не вернусь!!!
";;;;
0425;425;В псалме воскликнет Богу вся земля! (Пс. 99);Огненный ветер;Am;2;;4/4;;;V1 C V2 V3 V4;Огненный ветер (аккорды);;;;;"
1. Позади - война, впереди - победа! 
           Dm                       EПо часам небес время нам сверять!
Мы кричим во сне, но в лучах рассвета
Господа Христа будем прославлять!

Пр.  Если Бог за нас, то кто же против нас?
        Его победа нам навек принадлежит!
        Он смертью смерть попрал и от грехов нас спас!
        И как Иудин лев он на врага рычит…

2. Слово Бога – щит, имя Бога – знамя!
В сердце нет преград, оно огнём горит!
Вера как броня! Сила Бога с нами
Словно сталь огнём душу закалит!
Бр. Мы за Христом вперёд идём! 
       И побеждаем каждым днём!
       В устах – хвала, и в сердце – свет,                              E
       Мы будем жить, мы – не умрём!";"{title: Позади – война}
{key: Am}
{capo: +2}


1. Позад[Am]и - война, вперед[F]и - победа! 
           Dm                       EПо часам небес время нам сверять!
Мы крич[Am]им во сне, но в луч[F]ах рассвета
Господ[Dm]а Христа будем пр[E]ославлять!

Пр.  Если [Am]Бог за нас, то кто же пр[C]отив нас?
        Его поб[G]еда нам навек прин[E]адлежит!
        Он смертью см[Am]ерть попрал и от грех[C]ов нас спас!
        И как И[G]удин лев он на враг[E]а рычит…

2. Слово Бога – щит, имя Бога – знамя!
В сердце нет преград, оно огнём горит!
Вера как броня! Сила Бога с нами
Словно сталь огнём душу закалит!
Бр. Мы за Христ[Am]ом вперёд идём! 
       И побежд[C]аем каждым днём!
       В устах – хвал[Dm]а, и в сердце – свет,                              E
       Мы будем жить, мы – не умрём!";;;;
0426;426;Величайте Господа со мною! (Пс. 33);Огненный ветер;Am;3;;4/4;;;V1 C V2 V3;Огненный ветер (аккорды);;;;;"
1.Под зонтом святых молитв изумрудный город наш!
Узких улиц фонари, 
От рассветов на заре начинается рассказ 
До заката на Томи…

Пр. Колокольный звон, да на горе частокол,
       Звонкий детский смех у фонтана!
       Песни у реки, открытых ставен узор,
       Тополиный пух из тумана…

2. Любят в радости гулять, мёдом терпким угощать,
Любят землю и сады!
Любят всех гостей встречать и улыбки раздавать
Из сибирской теплоты…


";"{title: Под зонтом святых молитв}
{key: Am}
{capo: +3}


1.Под зонт[Dm]ом святых молитв из[Am]умрудный город наш!
Узких [E]улиц фонар[Am]и, 
От рассв[Dm]етов на заре начин[Am]ается рассказ 
До зак[E]ата на Том[Am]и…

Пр. Колок[Dm]ольный зв[G]он, да на гор[C]е часток[F]ол,
       Звонкий [Dm]детский [E]смех у ф[Am]онтана![A7]
       Песни [Dm]у рек[G]и, открытых ст[C]авен уз[F]ор,
       Топол[Dm]иный [E]пух из тум[Am]ана…

2. Любят в радости гулять, мёдом терпким угощать,
Любят землю и сады!
Любят всех гостей встречать и улыбки раздавать
Из сибирской теплоты…


";;;;
0427;427;Без любви каждый день;Огненный ветер;Am;2;;4/4;;;V1 C V2 C;Огненный ветер (аккорды);;;;;"
1. По земле идут дожди! Пробуждения дожди!
По земле! По земле! По земле!
Их пустыня долго ждёт и в отчаянии зовёт: 
«Помоги! Помоги! Помоги!»

Пр. Города от стыда стонут! 
       Во грехах их сердца тонут!
       Их спасёт только вкус хлеба! 
       Ты пошли им его с Неба!

2. Плачешь Ты, желая знать: «Кто пойдёт? Кого послать?
Для Меня? Для Меня? Для Меня?
Кто войдёт в огонь и боль? Кто возьмёт Мой свет и соль
Через кровь! Через Кровь! Через кровь!»

3. «Я пойду, мой Царь и Бог! Понесу твою Любовь
По земле! По земле! По земле!
Я войду в Твои дожди, благодатные дожди!
Чтоб спасти! Чтоб спасти всех людей!»
";"{title: По земле идут дожди}
{key: Am}
{capo: +2}


1. [Am]По земле ид[E]ут дожди! [Am]Пробуждения [F]дожди!
[Dm]По земле! [E]По земле! [Am]По земле![E]
Их пустыня долго ждёт и в отчаянии зовёт: 
«Помоги! Помоги! Помоги!»

Пр. [Dm]Города [E]от стыда [Am]стонут! [F]
       [Dm]Во грехах [E]их сердц[Am]а тонут![A7]
       [Dm]Их спасёт [G]только вкус [C]хлеба! [F]
       [Dm]Ты пошли [E]им его с [Am]Неба!

2. Плачешь Ты, желая знать: «Кто пойдёт? Кого послать?
Для Меня? Для Меня? Для Меня?
Кто войдёт в огонь и боль? Кто возьмёт Мой свет и соль
Через кровь! Через Кровь! Через кровь!»

3. «Я пойду, мой Царь и Бог! Понесу твою Любовь
По земле! По земле! По земле!
Я войду в Твои дожди, благодатные дожди!
Чтоб спасти! Чтоб спасти всех людей!»
";;;;
0428;428;О, Всемогущий Господь!;Огненный ветер;Am;2;;4/4;;;V1 C V2;Огненный ветер (аккорды);;;;;"
1. Пой, Курский соловей! Пой! Бог видит всех людей боль! 
Он плачет над землёй, над чёрной их бедой!

Пр. Кто ответит за грехи? Кто ответит за боль?
       За потерю жизни людей во тьме ночной?
       Это тот, кто живёт во лжи, и без любви,
      Против Бога войну ведёт он на крови…

2. Мы видим, как идёт враг! Но  будет у него крах! 
Бог верных защитит! Смерть жизнью победит!

3. Пой, Курский соловей! Пой! Пой радость и любовь! Пой! 
Пой о конце войны! Пой! Пусть летит хвала над землёй!
";"{title: Пой, Курский соловей}
{key: Am}
{capo: +2}


1. П[Am]ой, Курский соловей! Пой! [F]Бог видит всех людей боль! 
[Dm]Он плачет над землёй, н[F]ад чёрной их бед[E]ой!

[Am]Пр. Кто ответит [Dm]за грехи? [F]Кто [-]отв[E]етит [-]за [Am]боль?
[Am]       За потерю ж[Dm]изни людей [F]во [-]тьм[E]е н[-]очн[Am]ой?
[Am]       Это тот, кто жив[Dm]ёт во лжи, [F]и без любв[E]и,
      Против Бога войн[Dm]у ведёт [F]он на кров[E]и…

2. Мы видим, как идёт враг! Но  будет у него крах! 
Бог верных защитит! Смерть жизнью победит!

3. Пой, Курский соловей! Пой! Пой радость и любовь! Пой! 
Пой о конце войны! Пой! Пусть летит хвала над землёй!
";;;;
0429;429;У сердца спроси;Огненный ветер;Am;3;;4/4;;;V1 C V2;Огненный ветер (аккорды);;;;;"
1. У сердца спроси, как жить без любви? 
Как можно ночами не спать?
Без Бога все дни – печальные дни, 
Не знают они благодать!

Пр. Переверни страницу свою! 
       Ошибки свои зачеркни!
       Стучится Иисус с любовью к тебе, 
       Ты дверь перед Ним отвори!

2. Он хочет с тобой сейчас вечерять! 
Он хочет тебя исцелять…
И лучше Него на грешной земле 
Не встретишь ты друга себе!
";"{title: У сердца спроси}
{key: Am}
{capo: +3}


1. У с[Am]ердца спроси, как жить [G]без любви? 
Как м[F]ожно ночами не сп[E]ать?
Без Б[Am]ога все дни – печал[G]ьные дни, 
Не зн[H7]ают они благод[Em]ать!

Пр. [Em]Переверни стран[Am]ицу св[H7]ою! 
       Ош[Am]ибки сво[C]и зачеркн[H7]и!
       Стуч[Em]ится Иисус с люб[Am]овью к теб[H7]е, 
       Ты [Am]дверь перед [H7]Ним отв[Em]ори![E]

2. Он хочет с тобой сейчас вечерять! 
Он хочет тебя исцелять…
И лучше Него на грешной земле 
Не встретишь ты друга себе!
";;;;
0430;430;Как желаю я с Богом встретиться!;Огненный ветер;Am;3;;4/4;;;V1 C V2 V3;Огненный ветер (аккорды);;;;;"
1. Пойте Господу!        Пойте Господу!
Пойте Господу!     Хвалу Небес!
Пойте Господу!         Пойте Господу!
Пойте Господу     что Он воскрес!

Пойте Господу!       Пойте Господу!
Пойте Господу     своей судьбы!
Пойте Господу!       Пойте Господу!
Пойте Господу      о любви!

2. Слава Господу – 3р. за Дух Святой!
Слава Господу – 3р. что Он со мной!
Слава Господу – 3р. за плоть и кровь!
Слава Господу – 3р. за любовь!

";"{title: Пойте Господу!}
{key: Am}
{capo: +3}


1. Пойте [Am]Господу! [Dm]       П[E]ойте Г[Am]осподу![Dm]
П[E]ойте Г[Am]осподу!     [G]Хвалу Н[Am]ебес![E]
Пойте [Am]Господу!  [Dm]       П[E]ойте Г[Am]осподу![Dm]
П[E]ойте [Am]Господу     [G]что Он в[Am]оскрес![F#]

Пойте [Hm]Господу! [Em]      П[F#]ойте [Hm]Господу![Em]
П[F#]ойте Г[Hm]осподу     [A]своей судьб[Hm]ы!
Пойте [Hm]Господу! [Em]      П[F#]ойте [Hm]Господу![Em]
П[F#]ойте [Hm]Господу      [A]о л[Hm]юбви![E]

2. Слава Господу – 3р. за Дух Святой!
Слава Господу – 3р. что Он со мной!
Слава Господу – 3р. за плоть и кровь!
Слава Господу – 3р. за любовь!

";;;;
0431;431;Иисус Спаситель души моей!;Огненный ветер;Am;3;;4/4;;;V1 C V2 V3;Огненный ветер (аккорды);;;;;"1.Пойте Господу новую песнь!
Пусть возвысит свой голос земля!
Воздадут Ему славу и честь     горы, реки и все острова! -2р

Пр. Моё имя – Господь! Моё имя – Иисус!
      Моей славы иному не дам!
      Я призвал тебя в правду и буду держать!
(С)
      Твою руку держать буду Сам!

2. Пойте Господу новую песнь,
Пока суд не пройдёт по земле!
Пока Бог открывает глаза у слепых, чтобы видели свет!

3. Пойте Господу новую песнь о Его неизвестных путях!
Там, где мрак станет светом и в страшном стыде
Обратятся  безумные вспять!";"
[Am]1.Пойте Госпо[G]ду новую [Am]песнь!
[F]Пусть возвысит свой[G] голос земля![Am]
[F]Воздадут Ему с[G]лаву и чес[Am]ть   [F]  горы, реки [Dm]и все ос[Em]трова! -2р[Am]

[F]Пр. Моё имя – Господь! Моё имя –[Am] Иисус!
[G]      Моей славы иному [Am]не дам!
[F]      Я призвал тебя в правду и[Am] буду держать!
[G](С)[Em][Am]
      Твою руку держать буду Сам!

2. Пойте Господу новую песнь,
Пока суд не пройдёт по земле!
Пока Бог открывает глаза у слепых, чтобы видели свет!

3. Пойте Господу новую песнь о Его неизвестных путях!
Там, где мрак станет светом и в страшном стыде
Обратятся  безумные вспять!

";;;;
0432;432;Какие закаты!;Огненный ветер;Am;3;;4/4;;;V1 C V2;Огненный ветер (аккорды);;;;;"
1.Поклоняюсь я Тебе, на Твоей Святой горе
Божьего величия и славы!
Наполняюсь я Тобой, Твоей дивной красотой!
Исцеляешь, Ты, Господь, мои раны!

Пр. Иисус! Твоя любовь несёт земле 
       Дождь пробуждения!
       Иисус! Стою я на вершине славы поклонения!
       Лишь Тебе мои уста поют хвалу из сердца чистого!
       По земле хочу пройти я в вихре танца 
       Ветра быстрого!

2. Я хвалу Тебе пою, посвящая жизнь свою
Поклонению Тебе навеки!
В духе истины стою! Духом истины горю!
Пусть наполнятся хвалой Твои реки!";"{title: Поклоняюсь я Тебе}
{key: Am}
{capo: +3}


1.П[Am]оклон[E]яюсь я Т[Am]ебе, на Твоей Святой г[Dm]оре
Б[E]ожьего величия и [Am]славы![E]
Наполняюсь я Тобой, Твоей дивной красотой!
Исцеляешь, Ты, Господь, мои раны!

Пр. [Am]Иис[Dm]ус! Твоя люб[E]овь несёт земле 
       Дождь пробужд[Am]ени[E]я!
       [Am]Иис[Dm]ус! Стою я [E]на вершине славы покл[Am]онения!
       Л[F]ишь Т[Dm]ебе мои уст[E]а поют хвалу из сердца [Am]чистого!
       [F]По з[Dm]емле хочу пройти [E]я в вихре танца 
       Ветра б[Am]ыстрого!

2. Я хвалу Тебе пою, посвящая жизнь свою
Поклонению Тебе навеки!
В духе истины стою! Духом истины горю!
Пусть наполнятся хвалой Твои реки!";;;;
0433;433;К тебе взываю я в сердце своём (Пс. 14,15);Огненный ветер;Am;3;;4/4;;;V1 V2 V3 B;Огненный ветер (аккорды);;;;;"

1. Половинкой Твоей судьбы стать возможно не всем, не каждому:
Очень трудно нести кресты, не фальшивые, не бумажные… 
Очень трудно найти друзей, не богатых, но очень преданных,
И держаться Твоих корней даже зимами, даже летами…  

Пр. Ну и что мне, что я живу не всегда с победами,  
       От себя я не убегу, - и бежать мне некуда!
       Моя жизнь стала, словно ткань на ветру с морозами,
       Словно поле, где по краям вышито берёзами…


2. Я с Тобою, мой Бог, пройду меж врагов своих, словно посуху…
Ноги раненые оботру Твоей милостью кровеносною.
Мне не надо жалеть годов, на страданиях настоявшихся,
Всё равно больше двух берегов не бывает у рек разгулявшихся!


3. У любви много есть свечей, зажигают их Божьи Ангелы!
Ни в одном из Твоих путей нет камней, рождённых преградами!
Они все для меня - полоса, не широкая, узкая, взлётная,
Я взлетать хочу к Небесам, и погоду прошу полётную!
";"{title: Половинкой Твоей судьбы}
{key: Am}
{capo: +3}



1. Полов[Am]инкой Твоей судьб[Dm]ы стать возм[E]ожно не всем, не [Am]каждому:
Очень [Am]трудно нести кр[Dm]есты, не фальш[E]ивые, не бум[Am]ажные… 
Очень [Am]трудно найти друз[Dm]ей, не бог[G]атых, но очень пр[C]еданных,
И держ[F]аться Твоих корн[Dm]ей даже з[E]имами, даже л[Am]етами…  

Пр. Ну и [Am]что мне, что я ж[Dm]иву не вс[G]егда с [C]победами,  
       От себ[F]я я не убег[Dm]у, - и беж[E]ать мне н[Am]екуда!
       Моя [Am]жизнь стала, словно [Dm]ткань н[G]а ветр[C]у с морозами,
       Словно [F]поле, где по кр[Dm]аям выш[E]ито бер[Am]ёзами…


2. Я с Тобою, мой Бог, пройду меж врагов своих, словно посуху…
Ноги раненые оботру Твоей милостью кровеносною.
Мне не надо жалеть годов, на страданиях настоявшихся,
Всё равно больше двух берегов не бывает у рек разгулявшихся!


3. У любви много есть свечей, зажигают их Божьи Ангелы!
Ни в одном из Твоих путей нет камней, рождённых преградами!
Они все для меня - полоса, не широкая, узкая, взлётная,
Я взлетать хочу к Небесам, и погоду прошу полётную!
";;;;
0434;434;Господня земля (Пс. 23);Огненный ветер;Am;5;;4/4;;;V1 C V2 C;Огненный ветер (аккорды);;;;;"
1. Полон чистый родник, источник воды живой,
Это Твоя любовь, это - Твой Дух Святой!
Это – Слово Твоё! Это – Голгофский крест! 
Это – радость во всём! Это простор небес!

Пр. Я восхвалю Тебя! Имя Твоё, Иисус!
       Я пред Тобой стою, в славе из облаков!
       Дух мой с Тобой – одно! Пью святое вино:
       Словно свободу пью неба без берегов!

2. Святость я сберегу, словно жемчуг морской,
Бог за неё платил самой большой ценой:
Сына отдал на смерть, сердце Своё порвал…
Путь для меня открыл славою в тронный зал!";"{title: Полон чистый родник}
{key: Am}
{capo: +5}


1. [Am]Полон чистый родн[Dm]ик, ист[E]очник воды ж[Am]ивой,
[Am]Это Твоя люб[Dm]овь, [E]это - Твой Дух Св[Am]ятой!
[F]Это – Слово Тв[Dm]оё! [G]Это – Голг[E]офский [Am]крест! 
[F]Это – радость во [Dm]всём! [E]Это простор н[Am]ебес!

Пр. [A7]Я восхвалю Т[Dm]ебя! [G]Имя Твоё, Иис[C]ус!
       [F]Я пред Тобой [Dm]стою, в сл[E]аве из облак[Am]ов!
       Дух мой с Тобой – одно! Пью святое вино:
       Словно свободу пью неба без берегов!

2. Святость я сберегу, словно жемчуг морской,
Бог за неё платил самой большой ценой:
Сына отдал на смерть, сердце Своё порвал…
Путь для меня открыл славою в тронный зал!";;;;
0435;435;Друг мой милый;Огненный ветер;Am;2;;4/4;;;V1 C V2;Огненный ветер (аккорды);;;;;"
1. Попадая прямо в цель, разрушая страшный мрак,
Слово Божие зовёт к покаянию!
О свободе говорит, смело поднимает флаг,
Шансов не даёт беде и отчаянию…

Пр. Ты истина моя, спасение моё!
       Ты свет моей стезе, Слово Божие!
       Пришло Ты во плоти меня усыновить,
       А смерть Твоею силой уничтожена!

2. Не подвластно никому, и исполнено любви,
Перед ним падут суды лицемерия…
Слово – Дух, и Слово – жизнь! 
Его святость на крови!
Слово, полное огня и доверия!";"{title: Попадая прямо в цель}
{key: Am}
{capo: +2}


1. Попад[Am]ая прямо в цель, разруш[G]ая страшный мрак,
Слово Б[F]ожие зовёт к пок[E]аянию!
О свободе говорит, смело поднимает флаг,
Шансов не даёт беде и отчаянию…

Пр. [Dm]Ты истин[G]а моя, [C]спасени[F]е моё!
       Ты св[Dm]ет моей стез[F]е, Слово [E]Божие!
       Пришло Ты во плоти меня усыновить,
       А смерть Твоею силой уничтожена!

2. Не подвластно никому, и исполнено любви,
Перед ним падут суды лицемерия…
Слово – Дух, и Слово – жизнь! 
Его святость на крови!
Слово, полное огня и доверия!";;;;
0436;436;Я хочу Тебе рассказать;Огненный ветер;Am;3;;4/4;;;V1 C V2 V3;Огненный ветер (аккорды);;;;;"1. Я хочу Тебе рассказать о своей нелёгкой судьбе:
Без любви, тепла и добра – трудно мне! Так холодно мне…


Пр. Только Ты, Иисус! Только Ты
       Мне любовь Свою подарил!
       Только Ты, Иисус! Только Ты
       Для меня Своё сердце открыл!


2. Я хочу Тебе подарить свои ночи, все свои дни!
Я хочу Тебе посвятить свою радость, слёзы мои!

3. Я хочу Тобою дышать! Лишь Твоей судьбой дорожить!
Обо всём, что в сердце живёт, я хочу с Тобой говорить…";"
[Am]1. Я хо[E]чу Тебе расск[Am]азать о своей нелёгкой[E] судьбе:[Am]
[Dm]Без любви, [E]тепла и д[Am]обр[F]а – трудно мне![Dm] Так холодн[E]о мне…[Am]


[Am]Пр. Только Ты, И[Dm]исус! Толь[E]ко Ты[Am][F]
[Dm]       Мне л[E]юбовь Свою[Am] подарил!
[Dm]       Толь[E]ко Ты, Иисус! Тол[Am]ько Ты[F]
[Dm]       Для ме[E]ня Своё сердце [Am]открыл!


2. Я хочу Тебе подарить свои ночи, все свои дни!
Я хочу Тебе посвятить свою радость, слёзы мои!

3. Я хочу Тобою дышать! Лишь Твоей судьбой дорожить!
Обо всём, что в сердце живёт, я хочу с Тобой говорить…";;;;
0437;437;Ради имени Твоего (Пс.24);Огненный ветер;Am;2;;4/4;;;V1 C V2;Огненный ветер (аккорды);;;;;"

1. Ради имени Твоего, Господь, Ты прости
Согрешения велики мои пред Тобой!
Укажи, Господь, мне пути Твои! Научи
Всем стезям Твоим, чтобы свет горел предо мной!

Пр. На Тебя уповаю я, да не постыжусь! 
       Очи к Господу моему всегда!
       Благ и праведен наш Господь! 
       С Ним врага я не убоюсь!
       Не оставит меня Господь никогда!


2. Кто есть человек, что боится так Господа?
Он укажет путь, самый узкий путь в Небеса!
Милость Господа, Его истина – на века!
Тайна Господа открывается в чудесах…";"{title: Ради имени Твоего (Пс.24)}
{key: Am}
{capo: +2}



1. Ради [Am]имени Твоего, Господь, Ты прост[Dm]и
Согреш[E]ения велики мои пред Т[Am]обой![E]
Укаж[Am]и, Господь, мне пути Твои! На[Dm]учи
Всем стез[E]ям Твоим, чтобы свет горел предо [Am]мной![E]

Пр. На Т[Am]ебя уповаю я, [Dm]да не постыжусь! 
       Очи к [E]Господу моему [Am]всегда![E]
       Благ и [Am]праведен наш Господь! 
       С Ним вр[Dm]ага я не убоюсь!
       Не ост[F]авит меня Госп[Dm]одь никогд[E]а!


2. Кто есть человек, что боится так Господа?
Он укажет путь, самый узкий путь в Небеса!
Милость Господа, Его истина – на века!
Тайна Господа открывается в чудесах…";;;;
0438;438;Я хочу спросить тебя;Огненный ветер;Em;3;;4/4;;;V1 V2 V3 V4;Огненный ветер (аккорды);;;;;"1. Я хочу спросить тебя       о небесной жизни,
С    H7
Ты ответь, сердечный друг, где моя Отчизна?
С     H7 Em  H7
Ты ответь, сердечный друг, где моя Отчизна?

2. Приведёт на Небеса узкая дорога!
Будет там светиться храм в ярких красках Бога!

3. Агнец Божий – храм и свет!
Он – любовь и радость!
Он даёт сердцам ответ, в чём найти нам благость?

4. Будет небо свет дарить, тьмы уже не зная,
И всегда звучать хвала вечно молодая!

Пока большой ? (мне Em+6 (Am+1))";"
[Em]1. Я хочу с[H7]просить [Em]теб[H7]я       о[Em] небесной ж[H7]изн[Em]и,
[Am]С    H7[H7][Am]
Ты ответь, сердечный друг, где моя Отчизна?
[Am]С     H7 Em  H7[H7]
Ты ответь, сердечный друг, где моя Отчизна?

2. Приведёт на Небеса узкая дорога!
Будет там светиться храм в ярких красках Бога!

3. Агнец Божий – храм и свет!
Он – любовь и радость!
Он даёт сердцам ответ, в чём найти нам благость?

4. Будет небо свет дарить, тьмы уже не зная,
И всегда звучать хвала вечно молодая!

Пока большой ? (мне Em+6 (Am+1))";;;;
0439;439;Окна будут из рубинов (Ис.54);Огненный ветер;Am;5;;4/4;;;V1 C V2;Огненный ветер (аккорды);;;;;"
1. По пыльным тропам шагаем вместе, 
Шагаем смело,     огнём горя!
В Иерусалиме святые песни 
Желает слышать Твоя земля!

       Am (F, Dm)          Em        Am                  Em 
Пр. Красные маки – 3р. В пустыне цветут!
       Красные маки – 3р. Героев ждут!

2. Как капли крови цветы роняют 
Свою одежду на мёртвый грунт!
Из мира лести нас вызывают, 
Кричащей болью к себе зовут…

3. В душе молчащей нет правды жизни! 
Она украла Твою хвалу!
Прости нас, Боже! Прости, Спаситель!  
Хотим быть снова в Твоём строю!

Пр. Красные маки – 3р. В пустыне цветут!
       Красные маки – 3р. Тебя здесь ждут!";"{title: По пыльным тропам}
{key: Am}
{capo: +5}


1. По [Am]пыльным тропам шаг[G]аем вместе, 
Шаг[F]аем смело,     [G]огн[Am]ём горя![G]
В Иер[F]усалиме свят[Am]ые песни 
Жел[G]ает слышать Тв[Am]оя земля![G]

       Am (F, Dm)          Em        Am                  Em 
Пр. Красные маки – 3р. В пустыне цветут!
       Красные маки – 3р. Героев ждут!

2. Как капли крови цветы роняют 
Свою одежду на мёртвый грунт!
Из мира лести нас вызывают, 
Кричащей болью к себе зовут…

3. В душе молчащей нет правды жизни! 
Она украла Твою хвалу!
Прости нас, Боже! Прости, Спаситель!  
Хотим быть снова в Твоём строю!

Пр. Красные маки – 3р. В пустыне цветут!
       Красные маки – 3р. Тебя здесь ждут!";;;;
0440;440;Каждый день приходит;Огненный ветер;Am;4;;4/4;;;V1 C V2 V3;Огненный ветер (аккорды);;;;;"
1. После дождя деревья расцветают,
Пробуждения ждёт Твоя земля!
Словно птица я ввысь стрелой взлетаю,
В синеве небес - любовь Твоя!

Пр. Вверх посмотрю, а там – сияют звёзды!
       Вниз посмотрю, а там – бежит река!
       Птицам парящим очень нужен воздух,- 
       Это для них - Твоей любви рука!

2. Стаи летят из птиц по разным странам!
Песни свои поют, взмывая вверх!
Бога хвалить и петь не перестану,
Только в хвале - единство всех!

Бр. Песни летят, к трону летят!
Птицей кружатся, звездою горят!
Там, где Господь… там, где любовь,
В славу из славы возносятся вновь!


";"{title: После дождя}
{key: Am}
{capo: +4}


1. [Am]После дождя дер[G]евья расцвет[Am]ают,
Пр[F]обуждения ждёт Тво[G]я земля!
Сл[Am]овно птица я вв[G]ысь стрелой взлет[Am]аю,
В [F]синеве небес - люб[G]овь Тв[E]оя!

Пр. Вв[Dm]ерх посмотрю, а там – сияют зв[C]ёзды!
       Вн[C]из посмотрю, а там – бежит рек[G]а!
       Пт[Dm]ицам парящим очень нужен [C]воздух,- 
       [C]Это для них - Твоей любви рук[G]а!

2. Стаи летят из птиц по разным странам!
Песни свои поют, взмывая вверх!
Бога хвалить и петь не перестану,
Только в хвале - единство всех!

Бр. Песни летят, к трону летят!
Птицей кружатся, звездою горят!
Там, где Господь… там, где любовь,
В славу из славы возносятся вновь!


";;;;
0441;441;Что смущаешься, моя душа? (Пс.41);Огненный ветер;Am;4;;4/4;;;V1 C V2 V3;Огненный ветер (аккорды);;;;;"1. Что смущаешься, моя душа?
Пусть враги и говорят: «Где Бог твой?»
Лучше на Него ты уповай!   Не забыл тебя Господь мой!

Пр. Буду славить Бога! Петь и наслаждаться!
       Песней радости в ночи смеяться!
       Сердце было в бездне, слёзы были хлебом,
       Но пришло моё спасенье с неба!

2. Свет пошли и истину Свою! –
Возношу к Тебе молитву.
Ко святой горе Твоей стремлюсь,
Ко врагам спешу на битву!

3. Исцеляется моя душа Божьей милостью во славе!
Мой Заступник не забыл меня!
Он моею жизнью правит!";"
[Am]1. Что смущаешься, мо[G]я душа?[F]
[Dm]Пусть враги и говоря[Em]т: «Где Бог твой?»[Am]
[Dm]Лучше на Него ты у[G]повай!   Не за[C]был [F]те[Dm]бя Господь мой![Em][Am]

[Am]Пр. Буду славить Бога! Петь и [G]наслаждаться!
[F]       Песней радости в ночи смеяться![Am]
[Dm]       Сердце было в бездне, слёзы был[C]и хлебом,
[Dm]       Но пришло моё спасенье с неба![E]

2. Свет пошли и истину Свою! –
Возношу к Тебе молитву.
Ко святой горе Твоей стремлюсь,
Ко врагам спешу на битву!

3. Исцеляется моя душа Божьей милостью во славе!
Мой Заступник не забыл меня!
Он моею жизнью правит!";;;;
0442;442;Боже отмщений, Господи! (Пс. 93);Огненный ветер;Am;4;;4/4;;;V1 C V2;Огненный ветер (аккорды);;;;;"
1.Посреди больших огней города
Расточил имение я своё…
И моей душе стало холодно,
Словно сердце стало вдруг не моё!

Пр. А вдали той земли слышен крик:
      «Где Мой сын? Где Мой сын? Он погиб!»
      Знай, тебя твой Отец ждёт домой!
      «Отзовись! Где же ты, Мой родной?!»

2. И пронзила сердце мысль, как стрела:
«Предал ты Небесный дом и Отца!»
Все растаяли мечты, словно дым…
«Будешь совестью своей ты судим!»

3.Может, ты был, как и я, - блудный сын?
Где б ни жил ты на земле, - был один…
Разменял, растратил жизнь на гроши?
Может хватит дальше жить и грешить?

Пр.  Возвратись в Отчий дом и скажи:
«О, Отец, я был мёртв и ожил!
Я упал до корыта свиней,
Но спасён я любовью Твоей!» ";"{title: Посреди больших огней}
{key: Am}
{capo: +4}


1.П[Am]осреди больших огней гор[Dm]ода
Р[E]асточил имение я св[Am]оё…[E]
[Am]И моей душе стало [Dm]холодно,
Сл[E]овно сердце стало вдруг не [Am]моё![E]

Пр. [Am]А вдали той земли [Dm]слышен крик:
      «Гд[G]е Мой сын? Где Мой сын? [C]Он погиб!»[E]
      Зн[Am]ай, тебя твой Отец [Dm]ждёт домой!
      «[E]Отзовись! Где же ты, М[Am]ой родной?!»

2. И пронзила сердце мысль, как стрела:
«Предал ты Небесный дом и Отца!»
Все растаяли мечты, словно дым…
«Будешь совестью своей ты судим!»

3.Может, ты был, как и я, - блудный сын?
Где б ни жил ты на земле, - был один…
Разменял, растратил жизнь на гроши?
Может хватит дальше жить и грешить?

Пр.  Возвратись в Отчий дом и скажи:
«О, Отец, я был мёртв и ожил!
Я упал до корыта свиней,
Но спасён я любовью Твоей!» ";;;;
0443;443;Первая любовь;Огненный ветер;Am;3;;4/4;;;V1 C V2;Огненный ветер (аккорды);;;;;"
1.Потерпи, родная! Потерпи! 
Ничего не бойся, просто жди!
Ты коснись рукою сердца Моего! 
Враг не сможет сделать ничего!

Пр. Доченька моя родная! 
      Сердцем всем люблю тебя Я!
      По долине смерти крестной 
      Мы пройдём с тобою вместе!

2.Просто жизнь такая у тебя! 
Но избрал тебя Я для Себя!
Чтоб тебя утешить и простить! 
Вечною любовью возлюбить!

3.Ты не плачь, родная, просто верь! 
Скоро распахнётся счастья дверь!
Ты войдёшь с букетом алых роз! 
И тогда мгновенно всё поймёшь!
";"{title: Потерпи, родная}
{key: Am}
{capo: +3}


1.П[Am]отерпи, родн[E]ая! Потерп[Am]и! 
Н[Dm]ичего не [E]бойся, просто жд[Am]и!
[Dm]Ты коснись рук[F]ою сердца М[E]оего! 
[Dm]Враг не сможет сд[E]елать ничег[Am]о!

Пр. [Am]Доченька моя родн[F]ая! 
      С[G]ердцем всем люблю теб[C]я Я!
      [F]По долине смерти кр[Dm]естной 
      М[Em]ы пройдём с тобою вм[Am]есте!

2.Просто жизнь такая у тебя! 
Но избрал тебя Я для Себя!
Чтоб тебя утешить и простить! 
Вечною любовью возлюбить!

3.Ты не плачь, родная, просто верь! 
Скоро распахнётся счастья дверь!
Ты войдёшь с букетом алых роз! 
И тогда мгновенно всё поймёшь!
";;;;
0444;444;Воспрянь, псалтырь и гусли (Пс. 107);Огненный ветер;Am;3;;4/4;;;C V1 V2;Огненный ветер (аккорды);;;;;"
1. Потерялся важный смысл, и утрачена цена
В моей жизни без Тебя, Мой Иисус!
Всё, чем жил я, чем дышал - вдруг исчезло без следа,
Словно лёг на сердце вдруг - тяжкий груз…

Пр. Как мне найти Тебя на войне чужой?
       Как мне найти Тебя, чтобы быть с Тобой?  
       Только Твоя любовь сердце мне спасёт   
       От непрогладной тьмы, позовёт в полёт!

2. Ангел с неба мне принёс о Тебе Благую весть,
Как глоток живой воды я испил…
За Собою Ты позвал и велел нести свой крест 
Мне небесную любовь подарил!

3. Чтобы свет пришёл во тьму, новой жизнью воссиял,
Ты любовью победил смерти тень,
Чтобы Словом Дух Святой моё сердце очищал,
Чтобы стала ночь светла, словно день!
";"{title: Потерялся важный смысл}
{key: Am}
{capo: +3}


1. Потер[Am]ялся важный смысл, и утр[G]ачена цена
В моей ж[F]изни без Тебя, Мой Иис[G]ус!
Всё, чем [Am]жил я, чем дышал - вдруг исч[G]езло без следа,
Словно [F]лёг на сердце вдруг - т[G]яжкий груз…

Пр. К[Am]ак мне найти Тебя на войне чуж[G]ой?
       К[G]ак мне найти Тебя, чтобы [F]быть с Тобой[E]?  
       Т[Am]олько Твоя любовь сердце мне спас[G]ёт   
       [G]От непрогладной тьмы, позов[F]ёт в полёт![E]

2. Ангел с неба мне принёс о Тебе Благую весть,
Как глоток живой воды я испил…
За Собою Ты позвал и велел нести свой крест 
Мне небесную любовь подарил!

3. Чтобы свет пришёл во тьму, новой жизнью воссиял,
Ты любовью победил смерти тень,
Чтобы Словом Дух Святой моё сердце очищал,
Чтобы стала ночь светла, словно день!
";;;;
0445;445;Там, высоко-высоко;Огненный ветер;Am;3;;4/4;;;V1 C V2;Огненный ветер (аккорды);;;;;"1. Там, высоко-высоко святость и нежность живёт!
Там, далеко-далеко, верность Твоя меня ждёт!
Там отдыхает любовь от темноты и скорбей!
Там – всюду запах цветов, как после летних дождей!

Пр. Небеса! Небеса! Любви полнота!
       Небеса! Небеса     в объятиях Отца!

2. Ангелы там, в Небесах, вечную славу поют!
Радость в присутствии Отца детям Его раздают!
Там высыхает слеза от всеобъятной любви,
Там столько ласковых слов! Там столько лиц дорогих!";"
[Am]1. Там, высоко-высоко свят[Dm]ость[E] и нежность живёт![Am]
[Am]Там, далеко-далеко, верн[Dm]ость[E] Твоя меня ждёт![Am]
[A7]Там отдыхает любовь от темн[Dm]оты [G]и скорбей![C]
[F]Там – всюду запах цветов, как после л[Dm]етни[E]х дождей![Am]

[Am]Пр. Небеса[G]! Небеса! Люб[F]ви полнота![Am7]
[Dm]       Небе[F]са![E] Небеса     в объятиях От[Am]ца!

2. Ангелы там, в Небесах, вечную славу поют!
Радость в присутствии Отца детям Его раздают!
Там высыхает слеза от всеобъятной любви,
Там столько ласковых слов! Там столько лиц дорогих!";;;;
0446;446;Даруй царю Твой суд! (Пс.71);Огненный ветер;Am;3;;4/4;;;V1 C V2 V3;Огненный ветер (аккорды);;;;;"
1.Почему скрываешь Ты Своё лицо?
Почему не слышу я Тебя, Иисус? 
Прежней жизни время для меня прошло,
И уже туда  я не вернусь…

Пр. Иисус, Иисус! Прости меня! 
       Иисус, Иисус! Люблю Тебя!

2. Пусть из сердца навсегда уходит ночь!
Пусть наступит в нём твоей любви рассвет!
Всем сомненьям говорю теперь я: «прочь!»
Ты мой Бог! В Тебе неправды нет!
";"{title: Почему скрываешь Ты}
{key: Am}
{capo: +3}


[Am]1.Почему скрываешь Ты [Dm]Своё лицо?
[Am]Почему не слышу я Теб[E]я, Иисус? 
[Am]Прежней жизни время для [Dm]меня прошло,
[Am]И уже туда  я не верн[E]усь…

Пр. Иис[Am]ус, Иис[Dm]ус! Прост[E]и м[Am]еня! [E]
       Иис[Am]ус, Иис[Dm]ус! Любл[E]ю Т[Am]ебя!

2. Пусть из сердца навсегда уходит ночь!
Пусть наступит в нём твоей любви рассвет!
Всем сомненьям говорю теперь я: «прочь!»
Ты мой Бог! В Тебе неправды нет!
";;;;
0447;447;Ты возлюбил мирскую ложь (Неемия 13);Огненный ветер;Am;3;;4/4;;;V1 C V2;Огненный ветер (аккорды);;;;;"
1. Ты возлюбил мирскую ложь и в сеть попал к врагу!
Испорчен стал твой хлеб, елей и ладан!
Река течёт как прежде, но с тобой на берегу
Нет тех, кто служит Богу свято!

Пр. Не надо слов пустых, когда твой дух молчит!
       Когда огонь забыт и первая любовь!
       Пусть сердце закричит в прощении обид
       Всех тех, кто станет другом вновь!

2. Зачем оставлен нами храм, дом Божий навсегда?
Зачем не очищали комнат Бога?
Мы были, как пустой сосуд и мёртвая вода,
Избрав себе удобную дорогу!";"{title: Ты возлюбил мирскую ложь (Неемия 13)}
{key: Am}
{capo: +3}


1. Ты [Am]возлюбил мирск[G]ую ложь и в [Dm]сеть попал к враг[E]у!
Исп[Dm]орчен стал твой хл[E]еб, елей и [Am]ладан![E]
Рек[Am]а течёт как пр[G]ежде, но с тоб[Dm]ой на берег[E]у
Нет т[Dm]ех, кто служит Б[E]огу [Am]свято!

Пр. Не [Dm]надо слов пустых, когд[C]а твой дух молчит!
       Когда [E]огонь забыт и п[F]ервая люб[E]овь!
       Пусть с[Dm]ердце закричит в прощ[C]ении обид
       Всех т[Dm]ех, кто станет др[E]угом вн[Am]овь!

2. Зачем оставлен нами храм, дом Божий навсегда?
Зачем не очищали комнат Бога?
Мы были, как пустой сосуд и мёртвая вода,
Избрав себе удобную дорогу!";;;;
0448;448;Бог великий;Огненный ветер;Am;3;;4/4;;;V1 C V2;Огненный ветер (аккорды);;;;;"
1.Предваряю рассвет и взываю! Я на Слово Твоё уповаю!
Углубляться хочу только в Слово Твоё! 
По суду оживишь Ты меня!
Не забуду закон откровений Твоих!
Для меня – это милость Твоя! – 2р.

2.Отврати мои очи от мира! 
Прилеплюсь к откровеньям Твоим я!
Как люблю я, Господь, повеленья Твои!
Путь закона всегда предо мной! – 2р.
Возжелал я его сердцем бедным моим,
Чтобы быть мне навеки с Тобой! – 2р.

3. Благо мне, что немного страдал я, 
Чтобы мне научиться уставам!
Тает сердце моё о спасении  Твоём, уповая на Слово Твоё!
Будет милость Твоя утешеньем моим!
Отвращая от истины зло! – 2р.

4. Твоё Слово – ноге как светильник, 
И как свет для стези Твоё Слово!
Откровенья Его вразумляют простых, 
Потому и душа их хранит!
Слово чисто Твоё, возлюбил я Его!
Ты – покров мой и истины щит! – 2р.";"{title: Предваряю рассвет (Пс. 118)}
{key: Am}
{capo: +3}


1.Предв[Am]аряю рассвет и взыв[E]аю! Я на [Dm]Слово Тво[E]ё уп[Am]оваю!
Углубл[Dm]яться хочу только в Сл[Am]ово Твоё! 
По суд[E]у оживишь Ты м[Am]еня!
Не заб[Dm]уду закон откров[Am]ений Твоих!
Для мен[G]я – это м[E]илость Тв[Am]оя! – 2р.

2.Отврати мои очи от мира! 
Прилеплюсь к откровеньям Твоим я!
Как люблю я, Господь, повеленья Твои!
Путь закона всегда предо мной! – 2р.
Возжелал я его сердцем бедным моим,
Чтобы быть мне навеки с Тобой! – 2р.

3. Благо мне, что немного страдал я, 
Чтобы мне научиться уставам!
Тает сердце моё о спасении  Твоём, уповая на Слово Твоё!
Будет милость Твоя утешеньем моим!
Отвращая от истины зло! – 2р.

4. Твоё Слово – ноге как светильник, 
И как свет для стези Твоё Слово!
Откровенья Его вразумляют простых, 
Потому и душа их хранит!
Слово чисто Твоё, возлюбил я Его!
Ты – покров мой и истины щит! – 2р.";;;;
0449;449;Голосом моим к Господу воззвал (Пс. 141);Огненный ветер;Am;3;;4/4;;;V1 C V2 B;Огненный ветер (аккорды);;;;;"
1. Предо мною узкие пути, кто подскажет – как по ним идти?
Как идти по ним туда, где только    небо?
Разучились мы с тобой летать, и не сможет нам никто сказать –
Как попасть туда, где никогда я не был…

Пр. Помоги мне, Бог, с Тобой взлететь!  
 Покажи небесную дорогу!
 Без Твоей любви, вера просто медь,
 Люди без любви летать не могут!

2. Надо всем сейчас быстрей вставать!
Научиться в небесах летать!
Вспомнить первую свою любовь 
И верность!
Смерть шагает по следам слепых! 
И пытается найти глухих…
Но в полёте будет смерти страх 
Низвергнут!

Бр. Летай! В небесах всегда летай! 
В облаках всегда летай!
Летай в полёте веры!";"{title: Предо мною узкие пути}
{key: Am}
{capo: +3}


1. Предо мн[Am]ою узкие пути, кто подск[G]ажет – как по ним идти?
Как [F]идти по ним туда, где только    [Am]небо?[E]
Разучились мы с тобой летать, и не сможет нам никто сказать –
Как попасть туда, где никогда я не был…

Пр. Помог[F]и мне, [E]Бог, с Тоб[F]ой взлет[E]еть!  
 Покаж[Dm]и небесную дор[E]огу!
 Без Твоей любви, вера просто медь,
 Люди без любви летать не могут!

2. Надо всем сейчас быстрей вставать!
Научиться в небесах летать!
Вспомнить первую свою любовь 
И верность!
Смерть шагает по следам слепых! 
И пытается найти глухих…
Но в полёте будет смерти страх 
Низвергнут!

Бр. Лет[F]ай! В небес[E]ах всегда лет[F]ай! 
В облак[E]ах всегда лет[F]ай!
Лет[Dm]ай в полёте [E]веры!";;;;
0450;450;Стопы благовестника на горах (Наум 1);Огненный ветер;Em;2;;4/4;;;V1 C V2;Огненный ветер (аккорды);;;;;"Вст. Em G Am H7 Em C Am H7
Там-та-да-ра-дам

1. Стопы благовестника на горах
Возвещают мир и праздники!
Благ Господь, велик могуществом,
Долготерпелив и милостив!

Пр. Перед Ним трепещут горы!
       Тают перед Ним холмы!
       Шествует Он в вихре бури!
       Блекнут перед Ним цветы!
       Гнев Его колеблет землю
       И вселенной небеса!
       Высыхают волны в море
       И смолкают голоса!

2. Пред негодованием Его
Устоять не может человек!
Скалы распадаются перед Ним!
Гнев же разливается в огне!";"
Вст. Em G Am H7 Em C Am H7
Там-та-да-ра-дам

[Em]1. Стопы благовестника на горах
[Am]Возвещают мир и праздники![H7]
[Em]Благ Господь, велик могуществом,[G]
[Am]Долготерпелив и милостив![H7]

[Em]Пр. Перед Ним трепещут горы![G]
[Am]       Тают перед Ним холмы![H7]
[Em]       Шествует Он в вихре бури![C]
[Am]       Блекнут перед Ним цветы![H7]
[Em]       Гнев Его колеблет землю[G]
[Am]       И вселенной небеса![H7]
[Em]       Высыхают волны в море[C]
[Am]       И смолкают голоса![H7]

2. Пред негодованием Его
Устоять не может человек!
Скалы распадаются перед Ним!
Гнев же разливается в огне!";;;;
0451;451;Ты мой Бог!;Огненный ветер;Am;3;;4/4;;;C V1 V2;Огненный ветер (аккорды);;;;;"Пр. Ты мой Бог! Ты мой Бог!
       Ты мой Бог! Ты мой Царь!
       Ты мой Бог! Иисус! Ты мой Бог! Ты мой Царь!

1.Склонюсь пред Тобою, упав на колени,
Сосуд разбиваю я в скорби своей,
И миром помажу усталые ноги:
Его я хранила для свадьбы моей.
Прощается много тому, кто был грешен,
Тому, кто возлюбит Тебя, как Царя!
Ты – Бог исцеленья, Ты – Бог воскресения,
Возлюбленный мой и Надежда моя!

2.Тебя я целую, Тебя я обнимаю!
Слезами омою я ноги Твои!
И вижу, как скоро с Тобой я расстанусь,
Как скоро наступят последние дни!
Хочу приготовить Тебя к погребенью,
Хоть смерть и не властна над жизнью Твоей!
Прощается много тому, кто возлюбит
И примет Тебя, как Царя всех царей!";"
[Am]Пр. Ты мой Бог! [Dm]Ты мой Бог!
[G]  [E]     Ты мой Бог! [Am]Ты мой Цар[E]ь!
[Am]       Т[Dm]ы мой Бог! Иисус[G]! [E]Ты мой Бог! Ты[Am] мой Царь!

[Am]1.Склонюсь пред Тобою, [Dm]упав на колени,
[G]Сосуд разбиваю[E] я в скорби [Am]своей,[E]
[Am]И миром помажу усталые[Dm] ноги:
[G]Его я хранила дл[E]я свадьбы мое[Am]й.[E]
[Am]Прощается много тому, кто был [Dm]грешен,
[G]Тому, кто возлюбит Тебя, как Ц[C]аря![E]
[Am]Ты – Бог исцеленья, Ты – Бог воскре[Dm]сения,
[G]Возлюбленный [E]мой и Наде[Am]жда моя!

2.Тебя я целую, Тебя я обнимаю!
Слезами омою я ноги Твои!
И вижу, как скоро с Тобой я расстанусь,
Как скоро наступят последние дни!
Хочу приготовить Тебя к погребенью,
Хоть смерть и не властна над жизнью Твоей!
Прощается много тому, кто возлюбит
И примет Тебя, как Царя всех царей!";;;;
0452;452;Птицей в Небеса взлетаю;Огненный ветер;Am;3;;4/4;;;V1 C V2 B;Огненный ветер (аккорды);;;;;"1. Птицей в Небеса взлетаю,
Там, где все невзгоды тают,
Там, где ожидает счастье, там – всё моё!
Столько бед земля сулила,        только сердце не остыло,
И не перестало верить    в Любовь!

Пр. Я с Тобою, мой Бог, в Небесах отдыхаю!
       Я с Тобою, мой Бог, в Небе птицей летаю!
       Потерялись часы моей памяти серой!
       Я вхожу в Небеса лишь любовью и верой!

2. Вы меня простите, люди!
Вы – мне не враги, не судьи!
Вы - мои родные братья! Я вам всем желаю счастья!
Сложно мне на части рваться,
В грязном омуте купаться…
Сердце ожидало крыльев и дождалось!

Бр. Крылья мои - крылья Твои! Крылья из перьев белых!
     Крылья мои - крылья Твои! Крылья любви и веры!";"
[Am]1. Птицей в Небеса взлетаю,[Dm][E][Am]
[Dm]Там, где[G] все невз[C]годы тают,
[F]Там, где ожидает сча[Dm]стье, там – всё [E]моё![Am]
[Dm]Столько б[E]ед зем[Am]ля сулила,        только серд[Dm]це не[G] остыло[C],
[F]И не п[Dm]ерестало верить    в[E] Любовь!

[Dm]Пр. Я с Тобою,[E] мой Бог, в Небес[F]ах отдыхаю![E]
[Dm]       Я с Тоб[E]ою, мой Бог, в Небе п[F]тицей летаю![E]
[Dm]       Потеря[E]лись часы мое[F]й памяти сер[E]ой!
[Dm]       Я вхожу [E]в Небеса лишь любов[F]ью и верой![E]

2. Вы меня простите, люди!
Вы – мне не враги, не судьи!
Вы - мои родные братья! Я вам всем желаю счастья!
Сложно мне на части рваться,
В грязном омуте купаться…
Сердце ожидало крыльев и дождалось!

[Dm]Бр. Крылья мои - кр[Am]ылья Твои! Крылья из [E]перьев белых![Am]
[Dm]     Крылья[G] мои [C]- крылья Твои![F] Крылья л[Dm]юбви и веры![E][Am]";;;;
0453;453;Возвеселится пустыня (Ис. 35);Огненный ветер;Am;3;;4/4;;;V1 C V2 V3;Огненный ветер (аккорды);;;;;"
1.Преломляя Твой хлеб на Твоих Небесах,
Я вхожу во Святое Святых!
Причащаясь крови, вечной жизни Христа,
Я хочу быть в объятьях Твоих!

Пр. Ты пролил Свою кровь, подарил нам любовь
       Проклят был на кресте, Божий Сын!
       Алой кровью святой был пропитан крест Твой,
       Навсегда изменив мою жизнь!

2.Как могли мы, скажи, в Твоё сердце плевать?
Сладострастно Тебя распинать?
Как мы можем сейчас Твоих ран благодать
Через хлеб и вино принимать?

3.Только Ты, Иисус, в этом мире греха
Свою святость сберёг до конца!
Чтоб сегодня я мог ею сердце омыть
И попасть на Твои Небеса!";"{title: Преломляя Твой хлеб}
{key: Am}
{capo: +3}


1.Преломл[Am]яя Твой [Dm]хлеб на Тво[G]их Небес[C]ах,
Я вхож[F]у во Св[E]ятое Св[Am]ятых![E]
Причащ[Am]аясь кр[Dm]ови, вечной [G]жизни Хр[C]иста,
Я хоч[F]у быть в [E]объятьях [Am]Твоих![A7]

Пр. Ты прол[Dm]ил Свою кр[G]овь, подар[C]ил нам люб[F]овь
       Проклят [Dm]был на кр[E]есте, Божий [Am]Сын![A7]
       Алой кр[Dm]овью свят[G]ой был проп[C]итан крест Тв[F]ой,
       Навс[Dm]егда измен[E]ив мою [Am]жизнь!

2.Как могли мы, скажи, в Твоё сердце плевать?
Сладострастно Тебя распинать?
Как мы можем сейчас Твоих ран благодать
Через хлеб и вино принимать?

3.Только Ты, Иисус, в этом мире греха
Свою святость сберёг до конца!
Чтоб сегодня я мог ею сердце омыть
И попасть на Твои Небеса!";;;;
0454;454;Приди ко мне, Иисус;Огненный ветер;Em;0;;4/4;;;V1 V2 V3 V4;Огненный ветер (аккорды);;;;;"

1. Разлилась в берега Твоей славы река!
Принесла чудеса исцелений река!
В ней любви через край, ты её выпивай!
Белых птиц посчитай, счастья им пожелай! 

Пр. Вей, вей, ветерок! Вей, вей по реке!
       У реки путь глубок! Пойду по воде!

  2. Солнце смотрит с небес, у него интерес:
Сколько будет чудес? Исцелений чудес?
Белые облака отражает река! 
Радостью свысока отражает река! 

3. Как живая вода не приносит вреда, - 
Так и будет всегда: нам беда – не беда!
Пусть холодный денёк! 
Пусть и путь наш далёк!
Принесёт огонёк для тебя ветерок! ";"{title: Разлилась в берега}
{key: Am}
{capo: +3}



1. Разлил[Am]ась в берег[G]а Твоей сл[F]авы рек[E]а!
Прин[Dm]есла чудес[F]а исцел[E]ений р[Am]ека!
В ней любв[Am]и через кр[G]ай, ты [F]её вып[E]ивай!
Белых [Dm]птиц посчит[F]ай, счастья [E]им пожел[Am]ай! 

Пр. Вей, [Am]вей, ветер[G]ок! Вей, [F]вей по р[E]еке!
       У рек[Dm]и путь глуб[F]ок! Пойд[E]у по в[Am]оде!

  2. Солнце смотрит с небес, у него интерес:
Сколько будет чудес? Исцелений чудес?
Белые облака отражает река! 
Радостью свысока отражает река! 

3. Как живая вода не приносит вреда, - 
Так и будет всегда: нам беда – не беда!
Пусть холодный денёк! 
Пусть и путь наш далёк!
Принесёт огонёк для тебя ветерок! ";;;;
0455;455;Твой Друг;Огненный ветер;Am;3;;4/4;;;V1 C V2 V3;Огненный ветер (аккорды);;;;;"
1. Твой Друг станет с тобой в круг! 
Твой Друг будет с тобой всегда!
Круг дней будет ещё злей, 
Но знай – в небе взойдёт звезда!

Пр. Другом назвал тебя Бог, ветвью Своей виноградной!
       Другом назвал тебя Бог, чтобы служить!
       Не изменяй Ему! И в темноте беспощадной
       Надо звездой гореть, надо любить!

2. Твой враг не попадёт в такт, 
Там, где Богу поют хвалу!
Он – враг! Он пред тобой наг! 
Нет в нём силы развеять мглу!

3. Будь с Ним, Другом всегда твоим! 
Верь в Него, в дружбу Его с тобой!
Ты Им, Богом Твоим любим! 
Пой Ему! Славную песню пой! ";"{title: Твой Друг}
{key: Am}
{capo: +3}


1. Тв[Am]ой Др[G]уг станет с тоб[F]ой в [Am]круг! 
Тв[Dm]ой Др[F]уг будет с тоб[E]ой всегда!
Кр[Am]уг дн[G]ей будет ещ[F]ё [Am]злей, 
[Dm]Но зн[F]ай – в небе взойд[E]ёт звезда!

Пр. Другом назв[Dm]ал тебя [G]Бог, ветвью Сво[C]ей виногр[F]адной!
       Другом назв[Dm]ал тебя Б[F]ог, чтобы служ[E]ить!
       Не измен[Dm]яй Ем[G]у! И в темнот[C]е беспощ[F]адной
       Надо звезд[Dm]ой гор[F]еть, надо люб[E]ить!

2. Твой враг не попадёт в такт, 
Там, где Богу поют хвалу!
Он – враг! Он пред тобой наг! 
Нет в нём силы развеять мглу!

3. Будь с Ним, Другом всегда твоим! 
Верь в Него, в дружбу Его с тобой!
Ты Им, Богом Твоим любим! 
Пой Ему! Славную песню пой! ";;;;
0456;456;Сердце Моё;Огненный ветер;Am;5;;4/4;;;V1 C V2 C V3 C;Огненный ветер (аккорды);;;;;"1. Сердце Моё, сердце Моё, сердце Моё  стучит!
Сердце Моё, сердце Моё, сердце Моё  кричит:
Сердце Моё, сердце Моё, сердце Моё  стучит!
Сердце Моё, сердце Моё, сердце Моё  кричит:

Спасите скорей, спасите скорей, спасите Моих детей!
Спасите скорей, спасите скорей, спасите Моих детей!
Спасите скорей, спасите скорей, спасите Моих детей!
Спасите скорей, спасите скорей, спасите Моих детей!

Пр. Спасите! Спасите! Спасите скорей!
       Спасите! Спасите! Спасите детей!

2. Я скоро гряду! Я скоро гряду! Я скоро приду опять!
Я скоро гряду! Я скоро гряду! Я скоро приду опять!
Я очень люблю! Я очень люблю! Я очень люблю всех вас!
Я очень люблю! Я очень люблю! Я очень люблю всех вас!

Пр. Скоро! Скоро! Скоро гряду! Очень! Очень! Очень люблю!

3. Танцует земля! Танцует земля! Танцует земля и поёт:
Танцует земля! Танцует земля! Танцует земля и поёт:
Слава Тебе! Слава Тебе! Слава Тебе, мой Бог!
Слава Тебе! Слава Тебе! Слава Тебе, мой Бог!

Пр. Слава! Слава! Слава Тебе!
       Слава! Слава! Слава Тебе!";"
[Am]1. Сердце Моё, сердце Моё, сердце Моё  стучит!
[F]Сердце Моё, сердце Моё, сердце Моё  кричит:
[Dm]Сердце Моё, сердце Моё, сердце Моё  стучит!
[Dm]Сердце Моё, сердце Моё, сердце Моё  крич[F]ит:[E]

Спасите скорей, спасите скорей, спасите Моих детей!
Спасите скорей, спасите скорей, спасите Моих детей!
Спасите скорей, спасите скорей, спасите Моих детей!
Спасите скорей, спасите скорей, спасите Моих детей!

[Am]Пр. Спасите! [F]Спасите! Спаси[Dm]те скорей![Am]
[Am]       Спасит[F]е! Спасите! Сп[Dm]асите де[Am]тей![E]

2. Я скоро гряду! Я скоро гряду! Я скоро приду опять!
Я скоро гряду! Я скоро гряду! Я скоро приду опять!
Я очень люблю! Я очень люблю! Я очень люблю всех вас!
Я очень люблю! Я очень люблю! Я очень люблю всех вас!

Пр. Скоро! Скоро! Скоро гряду! Очень! Очень! Очень люблю!

3. Танцует земля! Танцует земля! Танцует земля и поёт:
Танцует земля! Танцует земля! Танцует земля и поёт:
Слава Тебе! Слава Тебе! Слава Тебе, мой Бог!
Слава Тебе! Слава Тебе! Слава Тебе, мой Бог!

Пр. Слава! Слава! Слава Тебе!
       Слава! Слава! Слава Тебе!";;;;
0457;457;Слышать голос Ангелов;Огненный ветер;Am;3;;4/4;;;V1 C V2 C V3 C;Огненный ветер (аккорды);;;;;"1. Слышать голос Ангелов, Божье откровение
Нам дано от Господа святостью Его!
Это Божья музыка! Это вдохновение!
И в сердца разлитое терпкое вино!

Пр. Терпкое, терпкое, терпкое вино!
       Терпкое, терпкое, терпкое вино! – 2p.

2. Слушать Слово Господа, Им произнесённое,
Это как дыхание, это как полёт!
Срочное послание, кровью опалённое
Слушать очень сладостно! Сладостно, как мёд!

Пр. Сладостно, сладостно, сладостно, как мёд!

3. Танцевать пред Господом вместе очень весело,
В хороводах с братьями радостно плясать!
Реками и водами полными и светлыми
Душу посвящённую песней наполнять!

Пр. Песнею, песнею, песней наполнять!";"

[Am]1. Слышать голос Анге[Dm]лов, Божье отк[E]ровение[Am]
[Am]Нам дано от Госпо[Dm]да святостью Е[E]го![Am][E]
[Am]Это Божья музыка[Dm]! Это вдох[E]новение![Am]
[F]И в сердца разлитое тер[Dm]пкое вин[E]о![Am]

[Am]Пр. Терпкое,[Dm] терпкое, т[E]ерпкое вино![Am]
[F]       Терпко[Dm]е, терпкое, [E]терпкое вино! –[Am] 2p.

2. Слушать Слово Господа, Им произнесённое,
Это как дыхание, это как полёт!
Срочное послание, кровью опалённое
Слушать очень сладостно! Сладостно, как мёд!

Пр. Сладостно, сладостно, сладостно, как мёд!

3. Танцевать пред Господом вместе очень весело,
В хороводах с братьями радостно плясать!
Реками и водами полными и светлыми
Душу посвящённую песней наполнять!

Пр. Песнею, песнею, песней наполнять!
";;;;
0458;458;О, Божий Дух Святой;Огненный ветер;Hm;3;;4/4;;;V1 C V2 C;Огненный ветер (аккорды);;;;;"
1. Приходите в мой дом со своими друзьями -
Посидеть за столом,        что накрыт пирогами.
Мне неважно кто ты, как ты жил и что делал, 
Я тебя не спрошу    –    где ты был и где не был…

Пр. Я расстоплю твой лёд любви словами!
       Пусть в этот вечер Ангел будет с нами,
       Он будет говорить тебе о Боге,
       К Нему Он знает все пути-дороги…

2. Не спеши отвергать дружбу с истиной верной,
Не спеши уходить от нелестных ответов,
Лучше в небо взлетать без греха искушений,
Чем во лжи умирать и в своих наслажденьях…";"{title: Приходите в мой дом}
{key: Hm}
{capo: +3}


1. Приходите в мой [Hm]дом со своими друзь[E]ями -
Посидеть за стол[Am]ом, [G]       что накрыт пирог[F]ами.[F#]
Мне неважно кто [Hm]ты, как ты жил и что [E]делал, 
Я тебя не спрош[AmG]у    –    где ты был и где [F]не был…[E]

Пр. Я [Am]расстоплю твой лёд любви сл[Dm]овами!
       Пусть в [E]этот вечер Ангел будет с [Am]нами,
       Он б[F]удет говорить тебе о [Dm]Боге,
       К Нем[Dm]у Он знает все пути-дор[E]оги…[F#]

2. Не спеши отвергать дружбу с истиной верной,
Не спеши уходить от нелестных ответов,
Лучше в небо взлетать без греха искушений,
Чем во лжи умирать и в своих наслажденьях…";;;;
0459;459;Словом Господа (Пс.32);Огненный ветер;Am;2;;4/4;;;V1 C V2 V3;Огненный ветер (аккорды);;;;;"1. Словом Господа сотворены небеса,
И духом уст Его - всё воинство их:
Он собрал, как груды, воды морей,
Положил все бездны в хранилищах.

Пр. Веселятся о Нём наши сердца
       И на имя Его уповают все!
       Будут славить народы в Доме Отца,
       Тех, кого Он избрал в наследие Себе!

2. С высоты небес призирает Господь,
Видит Он сынов человеческих!
Он создал сердца всех живущих людей,
И вникает Он в страдания их.

3. Не спасётся царь многим воинством;
Не защитит и сильных сила их!
Ненадежен конь для спасения!
Уповайте все лишь на милость Его!";"
[Am]1. Слов[F]ом Господа сотво[G]рены небе[Am]са,
[F]И духом уст Его - всё [G]воинство их:[Am]
[Am]Он собрал, к[F]ак груды,[G] воды морей[Am],
[F]Положил все бездны в хранилищах.[G][Am][(G)]

[F]Пр. Веселятся о Нём [G]наши сердца[C]
[Dm]       И на имя Е[Em]го упова[Am]ют все!
[F]       Будут славить народы [G]в Доме Отца,[C]
[Dm]       Тех, кого Он избрал в[Em] наследие Се[Am]бе!

2. С высоты небес призирает Господь,
Видит Он сынов человеческих!
Он создал сердца всех живущих людей,
И вникает Он в страдания их.

3. Не спасётся царь многим воинством;
Не защитит и сильных сила их!
Ненадежен конь для спасения!
Уповайте все лишь на милость Его!";;;;
0460;460;Славьте Господа! (Пс.32);Огненный ветер;Am;3;;4/4;;;C V1 V2 V3;Огненный ветер (аккорды);;;;;"Пр.: Най най най най най! Най най най най най!
        Най най най най най! Най най най най най!

1. Славьте Господа, пойте Господу!
Пойте новую песнь с восклицанием!
Ибо все дела Господа верны!
Наполняется милостью земля!

2. Будет Божий страх да на всей земле!
Вся вселенная будет в трепете!
Ибо Он сказал, - тут же сделалось!
Повелел Господь, - и явилось всем!

3. Наш Господь – есть Бог! И блажен народ!
Уповаем все мы на Господа!
Восхваляйте все, праведные Его!
Радуйтесь вовек вы о Господе!";"
[Am]Пр.: Най най най най най![G] Най на[F]й най най най![E]
[Am]        Най най най най н[G]ай! Най[F] най най най [G]най![Am]

[Am]1. Славьт[Dm]е Господа, п[Am]ойте Гос[E]поду![Am]
[Am]Пойте н[Dm]овую песнь с восклица[Am]нием![E][Am]
[Am]Ибо в[G]се дела Госпо[F]да верны[E]![Am]
[Am]Наполня[G]ется милос[F]тью земля![E][Am]

2. Будет Божий страх да на всей земле!
Вся вселенная будет в трепете!
Ибо Он сказал, - тут же сделалось!
Повелел Господь, - и явилось всем!

3. Наш Господь – есть Бог! И блажен народ!
Уповаем все мы на Господа!
Восхваляйте все, праведные Его!
Радуйтесь вовек вы о Господе!

";;;;
0461;461;Ветром обниму тебя;Огненный ветер;Am;3;;4/4;;;V1 C V2 V3;Огненный ветер (аккорды);;;;;"
1. Прольётся прозрачный летний дождь!
Забьётся любовью сердце вновь…
За поворотом боли ждёт тебя дорога,
Исцеленьем станет тёплый дождь!

Пр. Прольются дожди исцеленьем!
       Подарят восторга мгновенья!
       Ты будешь их помнить как чудо!
       Ты их никогда не забудешь!

2. Пусть Ангел слова молитв возьмёт
И к трону пред Богом принесёт!
Пусть Бог тебя услышит, даст Своё дыхание
Твою боль из сердца заберёт…

";"{title: Прольётся прозрачный летний дождь}
{key: Am}
{capo: +3}


1. Проль[Am]ётся прозрачный [Dm]летний [E]дождь!
Забь[F]ётся любовью [E]сердце вновь…
За повор[Dm]отом боли ждёт теб[F]я дорога,
Исцел[Dm]еньем станет [E]тёплый дождь!

Пр. Проль[Am]ются дожд[Dm]и исцел[E]еньем!
       Под[Am]арят вост[Dm]орга мгнов[E]енья!
       Ты б[Dm]удешь их п[F]омнить как ч[E]удо!
       Ты [Dm]их никогд[F]а не заб[E]удешь!

2. Пусть Ангел слова молитв возьмёт
И к трону пред Богом принесёт!
Пусть Бог тебя услышит, даст Своё дыхание
Твою боль из сердца заберёт…

";;;;
0462;462;Я всё могу! (Фил. 4);Огненный ветер;Am;3;;4/4;;;V1 C V2;Огненный ветер (аккорды);;;;;"1. Я всё могу в укрепляющем меня Иисусе Христе!
Я всё могу! Быть довольным тем, что есть в богатстве и нужде!
Я всё могу! Он превращает бури в штиль и шторм в покой!
Я всё могу, когда мой Бог всегда, всегда со мной!

Пр. Чему мы научились? Что приняли и слышали?
       Чему мы научились? Что очи наши видели?
       Мы будем исполнять Его святую волю!
       Бог мира, с нами будь! Тебя мы ждём и молим!

2. Я говорю: Радуйтесь всегда вы в Господе Христе!
Я говорю: не заботьтесь ни о чём! Пребудьте в чистоте!
Я говорю: откройте перед Ним желания свои!
И Божий мир да соблюдёт сердца в покое с Ним!";"
[Am]1. Я всё могу [Dm]в укрепляющем м[E]еня Иисусе Христе![Am]
[Am]Я всё могу! Б[Dm]ыть довольным тем, что ест[E]ь в богатстве и нужде![Am][F#]
[Hm]Я всё могу! Он прев[Em]ращает бури в штил[F#]ь и шторм в покой![Hm][G]
[Em]Я всё могу, когда м[F#]ой Бог всегда, всегда со мной![Hm][E]

[F]Пр. Чему мы науч[G]ились? Что приняли и с[C]лышали?[Am]
[F]       Чему мы н[G]аучились? Что очи н[Em]аши видели?[Am]
[F]       Мы будем исполнять Его [G]святую волю!
[Dm]       Бог мира, с нами будь! Теб[Em]я мы ждём и молим!

2. Я говорю: Радуйтесь всегда вы в Господе Христе!
Я говорю: не заботьтесь ни о чём! Пребудьте в чистоте!
Я говорю: откройте перед Ним желания свои!
И Божий мир да соблюдёт сердца в покое с Ним!
";;;;
0463;463;Буду я хвалиться Богом моим!;Огненный ветер;Am;3;;4/4;;;V1 C V2 V3;Огненный ветер (аккорды);;;;;"
1. Прости меня, и буду я прощён! 
Ты исцели, и буду исцелён!
Ты оживи меня, я буду жить!
Я буду жить и Господу служить!  -2р.

Пр. Я буду жить!    Я буду жить! 
       Не превратится в темноту Твой яркий свет!
       Тебе служить! Тебе служить! 
       Греху и смерти навсегда скажу я «нет!» 

2. Хвала моя – Господь мой сильный Бог! 
Я без хвалы Твоей прожить не смог!
Всегда входить в присутствие Твоё!
И наполняться жизнью до краёв!";"{title: Прости меня}
{key: Am}
{capo: +3}


1. Пр[Am]ости м[Dm]еня, и [E]буду я прощ[Am]ён! 
Ты [F]исцел[Dm]и, и [E]буду исцел[Am]ён!
Ты [Am]ожив[Dm]и мен[E]я, я буду [Am]жить!
Я б[F]уду ж[Dm]ить и Г[E]осподу служ[Am]ить!  -2р.

Пр. Я буду [Am]жить!    [G]Я буду ж[F]ить! [E]
       Не [Dm]превратится в [E]темноту Твой [Am]яркий свет!
       Т[Am]ебе служ[G]ить! Теб[F]е служ[E]ить! 
       Грех[Dm]у и смерти [E]навсегда ск[Am]ажу я «нет!» 

2. Хвала моя – Господь мой сильный Бог! 
Я без хвалы Твоей прожить не смог!
Всегда входить в присутствие Твоё!
И наполняться жизнью до краёв!";;;;
0464;464;Я невеста твоя драгоценная!;Огненный ветер;Am;3;;4/4;;;V1 C V2 V3;Огненный ветер (аккорды);;;;;"Свадебные приготовления. Приготовленная Невеста плачет от счастья, что Он грядёт!
1. Я невеста Твоя драгоценная, и себя украшаю я,
И я буду стоять пред Тобою для Тебя вся  украшенная.
Посмотри, у меня есть смирение, приготовленное для Тебя!
И вот здесь посмотри, мудрость есть у меня,
Потому что готовилась я!

Пр. Руки чистые, руки чистые: ничего на них нет своего!
       Я стою пред Тобой, чтоб войти мне в шатёр!
       Жду я брачного пира с Тобой!

2. А ещё посмотри, как пою я Тебе и танцую, Иисус дорогой!
Я веками ждала и училась вот так танцевать и Тебя восхвалять!
Посмотри же скорей Ты на руки мои, они полностью исцелены,
Я ходила в страданьях, где только могла,
Исцелилась же я для Тебя!

3. Посмотри, на главе есть венец золотой,
Потому что он дан мне Тобой!
Рождена для Тебя, отдана для Тебя! Это - сердца мечта моя!";"
Свадебные приготовления. Приготовленная Невеста плачет от счастья, что Он грядёт!
[Am]1. Я невес[Dm]та Твоя драг[E]оценн[Am]ая, и себ[F]я украшаю я,[G][Am]
[Am]И я буду с[Dm]тоять пред Тобою [EAm]для Тебя вся  [F]украшенная.[G][Am]
[Am]Посмотри, [Dm]у меня есть смире[E]ние,[Am] приготовлен[F]ное для Тебя[G]![Am]
[Am]И вот здесь пос[Dm]мотри, мудрость есть [E]у меня,[Am]
[F]Потому что го[G]товилась я![Am]

[Am]Пр. Руки чистые, рук[G]и чистые: ничего на [F]них нет своего![G]
[Am]       Я стою пред Тобой, чтоб войти м[G]не в шатёр!
[F]       Жду я [G]брачного пира[Am] с Тобой!

2. А ещё посмотри, как пою я Тебе и танцую, Иисус дорогой!
Я веками ждала и училась вот так танцевать и Тебя восхвалять!
Посмотри же скорей Ты на руки мои, они полностью исцелены,
Я ходила в страданьях, где только могла,
Исцелилась же я для Тебя!

3. Посмотри, на главе есть венец золотой,
Потому что он дан мне Тобой!
Рождена для Тебя, отдана для Тебя! Это - сердца мечта моя!

";;;;
0465;465;Пленила сердце моё невеста! (Песн. 4);Огненный ветер;Am;2;;4/4;;;V1 V2 V3;Огненный ветер (аккорды);;;;;"
1.Прошу одного у Господа я и лишь одного ищу,
Чтоб пребывать мне в Доме Его
Все дни и всю жизнь мою!
Чтоб созерцать  Его красоту и видеть Его дела,
Ибо от бед и горького зла спасёт Он всегда меня!

Пр. Научи меня, Господи, пути Твоему!
       Наставь меня, Господи, на правды стезю!
       Не предай меня, Господи, злому врагу,
       Ибо я верую в благость Твою!

2.Сердце во мне кричит от Тебя: «Ищи Моего лица!»
Я не устрашусь и не убоюсь войны и угроз врага!
Надежда моя всегда на Тебя:
Ты – крепость и жизнь моя!
Я буду всегда Тебя воспевать, лица Твоего искать!";"{title: Прошу одного (Пс. 20)}
{key: Am}
{capo: +2}


1.Прош[Am]у одного у Г[G]оспода я и л[F]ишь одного ищу,[E]
Чт[Am]об пребывать мне в [G]Доме Его
Все [Dm]дни и всю ж[E]изнь м[Am]ою!
Чтоб созерцать  Его [G]красоту и вид[F]еть Его дела,[E]
[Am]Ибо от бед и [G]горького зла сп[Dm]асёт Он всегд[E]а м[Am]еня!

Пр. Научи меня, Господи, пут[Dm]и Твоему!
       Наст[E]авь меня, Господи, на [Am]правды стезю![E]
       Не пред[Am]ай меня, Господи, зл[Dm]ому врагу,
       [E]Ибо я верую в [Am]благость Твою!

2.Сердце во мне кричит от Тебя: «Ищи Моего лица!»
Я не устрашусь и не убоюсь войны и угроз врага!
Надежда моя всегда на Тебя:
Ты – крепость и жизнь моя!
Я буду всегда Тебя воспевать, лица Твоего искать!";;;;
0466;466;Если тебя не любят;Огненный ветер;Am;3;;4/4;;;V1 C V2 B;Огненный ветер (аккорды);;;;;"
1. Птицей в Небеса взлетаю,    
Там, где все невзгоды тают,
Там, где ожидает счастье, там – всё моё!
Столько бед земля сулила,        только сердце не остыло,
И не перестало верить    в Любовь!

Пр. Я с Тобою, мой Бог, в Небесах отдыхаю!
       Я с Тобою, мой Бог, в Небе птицей летаю!
       Потерялись часы моей памяти серой!
       Я вхожу в Небеса лишь любовью и верой!

2. Вы меня простите, люди! 
Вы – мне не враги, не судьи!
Вы - мои родные братья! Я вам всем желаю счастья!
Сложно мне на части рваться, 
В грязном омуте купаться…
Сердце ожидало крыльев и дождалось!

Бр. Крылья мои - крылья Твои! Крылья из перьев белых!
     Крылья мои - крылья Твои! Крылья любви и веры!";"{title: Птицей в Небеса взлетаю}
{key: Am}
{capo: +3}


[Am]1. Птицей в Небес[Dm]а взлета[E]ю,    [Am]
Там, где все н[Dm]евзгоды [G]тают,[C]
Там, где ожид[F]ает счастье, [Dm]там – всё [E]моё![Am]
Столько бед земл[Dm]я сулил[E]а,   [Am]     только сердце [Dm]не ост[G]ыло,[C]
И не перестал[F]о вер[Dm]ить    в Люб[E]овь!

Пр. Я с Тоб[Dm]ою, мой Б[E]ог, в Небес[F]ах отдых[E]аю!
       Я с Тоб[Dm]ою, мой Б[E]ог, в Небе пт[F]ицей лет[E]аю!
       Потер[Dm]ялись час[E]ы моей п[F]амяти с[E]ерой!
       Я вх[Dm]ожу в Небес[E]а лишь люб[F]овью и [E]верой!

2. Вы меня простите, люди! 
Вы – мне не враги, не судьи!
Вы - мои родные братья! Я вам всем желаю счастья!
Сложно мне на части рваться, 
В грязном омуте купаться…
Сердце ожидало крыльев и дождалось!

Бр. Крыль[Dm]я мои - крыль[Am]я Твои! Крыль[E]я из перьев бел[Am]ых!
     Кр[Dm]ылья мои [G]- кр[C]ылья Тво[F]и! Кр[Dm]ылья любв[E]и и [Am]веры!";;;;
0467;467;Трудно жить в одиночку;Огненный ветер;Am;3;;4/4;;;V1 C V2;Огненный ветер (аккорды);;;;;"1. Трудно жить в одиночку, трудно плакать, смеяться,
Когда в клетке тюремной мне и выхода нет…
Был я пойман коварно на уловки лукавых,
Чтобы жить мне без Бога до скончания лет!

Пр. За всё золото мира мне не выкупить душу!
       Кто назначит мне цену, чтобы жить для любви?
       Божий Сын, Божий Агнец стал моим искуплением!
       Он назначил мне цену Своей чистой крови!

2. В один миг, в одночасье, я прозрел и всё понял:
Я нуждаюсь в спасении от греха и от лжи!
Из глубин страшных ада я воззвал к Иисусу:
«О, мой Бог и Спаситель! Мне ожить помоги!»";"
[Am]1. Трудно жить в одиночку, трудно пл[Dm]акать, смеяться,[Am]
[E]Когда в клетке тюремной мне и выхо[Am]да нет…
[Am]Был я пойман коварно на уловк[Dm]и лукавых,[Am]
[E]Чтобы жить мне без Бога до ско[Am]нчания лет!

[Am]Пр. За всё золото мира мне [Dm]не выкупить душу![Am]
[E]       Кто назначит мне цену, чтобы жить[Am] для любви?
[Am]       Божий Сын, Божий Агнец стал мои[Dm]м искуплением![Am]
[E]       Он назначил мне цену Своей чи[Am]стой крови!

2. В один миг, в одночасье, я прозрел и всё понял:
Я нуждаюсь в спасении от греха и от лжи!
Из глубин страшных ада я воззвал к Иисусу:
«О, мой Бог и Спаситель! Мне ожить помоги!»";;;;
0468;468;Этот день!;Огненный ветер;C;3;;4/4;;;V1 C V2;Огненный ветер (аккорды);;;;;"1. Этот день! Удивительный день!
Этот день я запомню картиной!
В этот день подарил мне друзей
Мой Господь, мой Любимый!

Пр. Это праздник радости,  это праздник любви!
       И на свой день рождения   ты меня позови!
       Будем вместе смеяться,  хороводы водить,
       В благодати купаться    и подарки дарить…


2. Этот день, словно в календаре
Выделен яркой краской из радуг!
В небесах будет благословен
Этот день для тебя, как награда!";"
[C]1. Этот день! Удивительный день!
[F]Этот день я запомню картино[G]й!
[C]В этот день подарил мне друзей
[F]Мой Господь, мой Любимый[G]!

[F]Пр. Это [G]праздник радости,  это праздник л[C]юб[Am]ви!
       И на свой день рождения   ты меня позови!
       Будем вместе смеяться,  хороводы водить,
       В благодати купаться    и подарки дарить…


2. Этот день, словно в календаре
Выделен яркой краской из радуг!
В небесах будет благословен
Этот день для тебя, как награда!

";;;;
0469;469;День за днём стремится к своей цели;Огненный ветер;Am;3;;4/4;;;V1 C V2 V3;Огненный ветер (аккорды);;;;;"
1.Пусть в жизни этой много бед и поражений!
Не зная Бога, смерть настигнет всех людей…
А Небеса, а Небеса нам открывают
Благую весть, весть о Христе, Царе царей!-2р.

2. Пусть на земле огонь и дым, война и голод,
И враг клевещет и твердит, что всех сильней,
А Небеса, а Небеса поют и славят
Творца земли, Творца любви, Царя царей!-2р

3. Пусть дьявол властью и грехом мир обольщает,
И слышен крик его: «Распни Христа! Убей!»
А в Небесах Голгофа вечно отражает
Тот смертный час, победный час Царя царей!-2р.

4. Мы знаем: дьявол побеждён и обесчещен!
Земля погибнет, и дела сгорят на ней!
А в Небесах, а в Небесах нас ожидает
Прекрасный пир,
Наш брачный пир с Царём царей!-2р.
";"{title: Пусть в жизни этой}
{key: Am}
{capo: +3}


1.Пусть в жизни [Am]этой много бед и пораж[E]ений!
Не зная Б[Am]ога, смерть настигнет всех люд[A7]ей…
А Небес[Dm]а, а Небеса нам открыв[Am]ают
Благую в[E]есть, весть о Христе, Царе ц[Am]арей!-2[A7]р.

2. Пусть на земле огонь и дым, война и голод,
И враг клевещет и твердит, что всех сильней,
А Небеса, а Небеса поют и славят
Творца земли, Творца любви, Царя царей!-2р

3. Пусть дьявол властью и грехом мир обольщает,
И слышен крик его: «Распни Христа! Убей!»
А в Небесах Голгофа вечно отражает
Тот смертный час, победный час Царя царей!-2р.

4. Мы знаем: дьявол побеждён и обесчещен!
Земля погибнет, и дела сгорят на ней!
А в Небесах, а в Небесах нас ожидает
Прекрасный пир,
Наш брачный пир с Царём царей!-2р.
";;;;
0470;470;Я не хочу объяснять;Огненный ветер;Am;3;;4/4;;;V1 C V2;Огненный ветер (аккорды);;;;;"1. Я не хочу объяснять, я не хочу обвинять,
Я не хочу говорить ни о чём ...
Кусочек неба внутри мне не даёт умирать
Мне не даёт уходить от любви!

Пр. Кусочек неба! Кусочек неба!
       Теперь лишь в нём нахожу я любовь!
       Кусочек неба! Кусочек неба!
       Мне подарил мой Господь через кровь!
       (Мне подарил навсегда мой Господь!)

2. Я не забуду Тебя! Я не оставлю Тебя!
Мне без Тебя на земле - прахом быть!
Кусочек неба внутри, как драгоценный билет,
Как самый лучший билет, чтобы жить!

Это - слава, слава небес! Это – слава, слава небес!";"
[Am]1. Я не хочу объяснять, я не хочу[G] обвинять,
[F]Я не хочу говорить ни о чём [E]...
[Am]Кусочек неба внутри мне не даёт[G] умирать
[F]Мне не даёт уходить от любви![E]

[Am]Пр. Кусочек неба! Кус[G]очек неба!
[F]       Теперь лишь в нём на[E]хожу я любовь!
[Am]       Кусочек неба! [G]Кусочек неба!
[F]       Мне подарил мой Господь через кро[E]вь!
       (Мне подарил навсегда мой Господь!)

2. Я не забуду Тебя! Я не оставлю Тебя!
Мне без Тебя на земле - прахом быть!
Кусочек неба внутри, как драгоценный билет,
Как самый лучший билет, чтобы жить!

[Am]Это - слава, слава н[G]ебес! Это – слава, [F]слава небес![G]";;;;
0471;471;Только любовь побеждает страх;Огненный ветер;Am;3;;4/4;;;V1 C V2 V3;Огненный ветер (аккорды);;;;;"1. Только любовь побеждает страх,
Только любовь обнимает нас с тобой на Небесах!
Ты посмотри в её глаза, ты посмотри, что живёт любовь
Всегда в наших сердцах!

Пр. Ясное солнышко быстро прогонит тень!
       С благословением будем мы жить теперь!
       Добрыми, чистыми,     лёгкими, быстрыми,
       Нежными, ясными      станут дни!

2. Только весной тает снег в горах,
Только весной расцветает красный мак в наших лугах!
Боль отойдёт, канет в темноту!
И позовёт на высоту Небес Божья мечта!

3. Только один есть секрет простой –
Как нам прожить эту жизнь в любви с тобой, вместе с тобой!
Будем сердца в чистоте хранить,
Будем беречь их, будем ценить всегда Божью любовь!";"
[Am]1. Только любовь побеждает страх,
[(G)]Только любовь обнимает нас с тобой на Небесах![F][Am]
[Am]Ты посмотри в её глаза, ты посмотри, чт[(G)]о живёт любовь
[F]Всегда в наших сердцах![Am]

[Am]Пр. Ясное солны[Dm]шко быстро прогонит тень![Am]
[E]       С благословением будем[Am] мы жить теперь!
[Dm]       Добры[G]ми, чистыми,     лёгк[C]ими, быстрыми,[F]
[Dm]       Неж[E]ными, ясными   [Am]   станут дни!

2. Только весной тает снег в горах,
Только весной расцветает красный мак в наших лугах!
Боль отойдёт, канет в темноту!
И позовёт на высоту Небес Божья мечта!

3. Только один есть секрет простой –
Как нам прожить эту жизнь в любви с тобой, вместе с тобой!
Будем сердца в чистоте хранить,
Будем беречь их, будем ценить всегда Божью любовь!";;;;
0472;472;Как тогда Россия-мать;Огненный ветер;Am;2;;4/4;;;V1 C V2;Огненный ветер (аккорды);;;;;"
1. Пусть не смущается грехом сомнения без веры сердце твоё!
Ведь Я люблю тебя, как не любил тебя никто никогда!
Иди за Мной, мой друг, смелей шагай за Мной!
Пусть верит сердце твоё!
И ты пойдёшь туда, где будешь вечно жить! Я поведу тебя туда!

Пр. Я буду ждать тебя, Я буду ждать тебя всегда в Небесах!
       Обитель жизни Я с Моим Отцом тебе сотворю! Сотворю!
       Дела твоей любви и твоей веры Я взвешу там на весах!
       Превыше золота и серебра тебя оценю! Оценю!

2. Мир оставляю вам, Мой мир даю Я вам, 
Не так как мир вам даёт!
Я есмь ваш путь и жизнь! Никто как чрез Меня к Отцу не придёт!
Ведь Я в Отце Моём, и Мой Отец во Мне! Едины Мы, как одно!
Кто будет верить Мне, тот в жизнь из смерти сам 
В один миг перейдёт!

3. Ты видишь все дела, которые во Мне Отец с любовью творит!
Просите у Отца, чтоб прославлять всегда вовеки имя Моё!
Ты слышишь все слова, которые во Мне Отец тебе говорит!
Познайте истину, живите в истине, творите всё для неё!

";"{title: Пусть не смущается грехом сомнения}
{key: Am}
{capo: +2}


1. Пусть не см[Am]ущается грехом сомнения без веры [Dm]сердце тво[E]ё!
Ведь Я любл[Am]ю тебя, как не любил тебя н[Dm]икто никогд[E]а!
Иди за Мн[Am]ой, мой друг, смелей шагай за Мной!
Пусть верит [Dm]сердце тво[E]ё!
И ты пойд[Am]ёшь туда, где будешь в[F]ечно жить! Я повед[Dm]у тебя туд[E]а!

Пр. Я буду жд[Am]ать тебя, Я буду ждать тебя всегд[Dm]а в Небес[E]ах!
       Обитель [Am]жизни Я с Моим Отцом тебе сотв[Dm]орю! Сотвор[E]ю!
       Дела тво[Am]ей любви и твоей веры Я взвешу [Dm]там на вес[E]ах!
       Превыше [Am]золота и серебр[F]а тебя оц[Dm]еню! Оцен[E]ю!

2. Мир оставляю вам, Мой мир даю Я вам, 
Не так как мир вам даёт!
Я есмь ваш путь и жизнь! Никто как чрез Меня к Отцу не придёт!
Ведь Я в Отце Моём, и Мой Отец во Мне! Едины Мы, как одно!
Кто будет верить Мне, тот в жизнь из смерти сам 
В один миг перейдёт!

3. Ты видишь все дела, которые во Мне Отец с любовью творит!
Просите у Отца, чтоб прославлять всегда вовеки имя Моё!
Ты слышишь все слова, которые во Мне Отец тебе говорит!
Познайте истину, живите в истине, творите всё для неё!

";;;;
0473;473;Так тяжело разобрать;Огненный ветер;Am;4;;4/4;;;V1 C V2;Огненный ветер (аккорды);;;;;"1. Так тяжело разобрать, где добро, а где злое?
Так нелегко подниматься в бессилии крыл…
И паутиною, кажется, будет былое,
Только я там без любви Божьей вовсе не жил…

Пр. Любовь Твоя спасёт меня!
       Любовь Твоя всегда со мной!
       Пройдут и горе, и беда
       Чужой и дальней стороной…

2. На лицемерных и лживых не надо равняться:
Каждый ответит за то, как он пел и как жил…
Лучше с остатками верных на небо подняться,
Бог тебя с ними надеждою объединил!";"
[Am]1. Так тяжело разобрать, г[G]де добро, а где злое?[Am]
[F]Так нелегко подниматься в бес[G]силии крыл…[Am]
[Dm]И паутиною, кажется,[E] будет былое,[Am][F]
[Dm]Только я там без любви Божьей вов[E]се не жил…[Am]

[Am]Пр. Любовь[G] Твоя спа[F]сёт меня![E]
[Dm]       Л[E]юбовь Тво[Am]я всегда со мной!
[Am]       [G]Пройду[F]т и го[E]ре, и беда
[Dm]       Чужой[E] и дал[Am]ьней стороной…

2. На лицемерных и лживых не надо равняться:
Каждый ответит за то, как он пел и как жил…
Лучше с остатками верных на небо подняться,
Бог тебя с ними надеждою объединил!


";;;;
0474;474;Я хочу испить вино Твоей любви;Огненный ветер;Am;3;;4/4;;;V1 C V2;Огненный ветер (аккорды);;;;;"1. Я хочу испить вино Твоей любви!
Я хочу стряхнуть все тяжести свои,
Чтобы, как Невеста, петь и танцевать,
От восторга пред Тобою ликовать!

Пр. Я люблю, я люблю, я люблю!
       Мой Иисус, как Тебя я люблю!
       От любви я хочу танцевать,
       От восторга хочу ликовать!

2. Я хочу познать все радости Твои!
Чтобы с ними проводить все свои дни,
Чтобы верою сомненья отвергать!
Чтобы в истине свободы побеждать!";"
[Am]1. Я хочу испить вино Твоей любви![Dm]
[E]Я хочу стряхнуть все тяжести свои,[Am]
[F]Чтобы, как Невеста, петь и танцевать,[Dm]
[E]От восторга пред Тобою ликовать![Am]

[A7]Пр. Я люблю, я люблю, я люблю![Dm]
[G]       Мой Иисус, как Тебя я люблю![C]
[F]       От любви я хочу танц[Dm]евать,
[E]       От восторга хочу лико[Am]вать!

[Am]2. Я хочу познать все радости Твои![Dm]
[G]Чтобы с ними проводить все свои дни,[C]
[F]Чтобы верою сомненья отвергать![Dm]
[E]Чтобы в истине свободы побеждать![Am]
";;;;
0475;475;Так мал;Огненный ветер;Am;3;;4/4;;;V1 V2 V3 V4;Огненный ветер (аккорды);;;;;"
1. Так мал времени запас для хвал, чистых как алмаз!
Престол в Божьих Небесах расцвёл славою Отца!

И     здесь, и там - свет звёзд пополам! 
И     здесь, и там - свет звёзд пополам!

2. Текут Божьи ручейки, из слов вяжут узелки, 
Любви нежные цветы растут у речной воды!
И здесь, и там - любовь пополам! 
И здесь, и там - любовь пополам!

3. Петь песнь свитков золотых, 
- не счесть столько слов простых!
Они с Ангелом летят туда, где небесный сад!
И здесь, и там - хвала пополам! 
И здесь, и там – хвала пополам!

4. Любить! Верить и любить! 
И жить! Надо вместе жить!
Спасать тёмные сердца, и ждать милости Отца!
И здесь, и там – верность пополам!
И здесь, и там – верность пополам!";"{title: Так мал}
{key: Am}
{capo: +3}


1. [Am]Так [Dm]мал вр[E]емени з[Am]апас дл[F]я [Dm]хвал, [E]чистых как [Am]алмаз![E]
[Am]Прест[Dm]ол в Б[E]ожьих Неб[Am]есах [F]расцв[Dm]ёл [E]славою [Am]Отца![E]

[Am]И     [Dm]здесь, [E]и [Am]там - св[F]ет [Dm]звёзд [E]попол[Am]ам! [E]
[Am]И     [Dm]здесь, [E]и [Am]там - св[F]ет [Dm]звёзд [E]попол[Am]ам![E]

2. Текут Божьи ручейки, из слов вяжут узелки, 
Любви нежные цветы растут у речной воды!
И здесь, и там - любовь пополам! 
И здесь, и там - любовь пополам!

3. Петь песнь свитков золотых, 
- не счесть столько слов простых!
Они с Ангелом летят туда, где небесный сад!
И здесь, и там - хвала пополам! 
И здесь, и там – хвала пополам!

4. Любить! Верить и любить! 
И жить! Надо вместе жить!
Спасать тёмные сердца, и ждать милости Отца!
И здесь, и там – верность пополам!
И здесь, и там – верность пополам!";;;;
0476;476;Только море и небеса;Огненный ветер;Am;3;;4/4;;;V1 C V2 V3;Огненный ветер (аккорды);;;;;"1. Только море и небеса,
Только волны и чудеса!
Бог зовёт нас на край земли!
Что же ждёт нас впереди?

Пр. Море света, море огня! Это море – Любовь Твоя!
       Искупайся в нём, освятись! Богу истины поклонись!

2. Только вера и благодать!
Бог желает нас наполнять
Свежей песнею волн морских!
Солью истины осолить!

3. Поднимайся, мой друг, скорей!
И с собою зови друзей!
Корабли нас устали ждать,
Мы не можем им отказать…";"

[Am]1. Только море и небес[G]а,
[F]Только волны и чудеса![E]
[Am]Бог зовёт нас на край земли![G]
[F]Что же ждёт нас впереди?[E]

[Am]Пр. Море света, мор[G]е огня! Это[Dm] море – Любовь Твоя![Am]
[F]       Искупайся в нём, осв[Dm]ятись! Богу истины поклонись![E]

2. Только вера и благодать!
Бог желает нас наполнять
Свежей песнею волн морских!
Солью истины осолить!

3. Поднимайся, мой друг, скорей!
И с собою зови друзей!
Корабли нас устали ждать,
Мы не можем им отказать…

";;;;
0477;477;Четыре стороны света;Огненный ветер;Am;3;;4/4;;;V1 C V2;Огненный ветер (аккорды);;;;;"1. Четыре стороны света ждут меня,
Чтоб прилететь мне в гости к Ангелам!
Четыре стороны света ждут огня,
Он осветит сердца мрак факелом!

Пр. Я везу тебе подарки, я везу тебе любовь,
       Я везу тебе свободу, чтобы обновилась кровь!

2. На крыльях Бог принесёт дар Небес,
И ароматы любви пробудят от сна!
По всей земле прокричу: «Иисус воскрес!»
Так просыпайся и ты! Смерть побеждена!";"
[Am]1. Четыре стороны света [G]ждут меня,
[F]Чтоб прилететь мне в гости к [G]Ангелам!
[Am]Четыре стороны света жду[G]т огня,
[F]Он осветит сердца мрак факе[G]лом![Am][G]

[C]Пр. Я везу тебе подарки,[F] я везу [G]тебе любовь,[C]
[Am]       Я везу тебе свобо[F]ду, чтобы о[G]бновилась кровь![Am]

[Am]2. На крыльях Бог принес[G]ёт дар Небес,
[F]И ароматы любви пробудят от с[G]на![Am]
[Am]По всей земле прокричу: «[G]Иисус воскрес!»
[F]Так просыпайся и ты! Смерть побеждена![G][Am][G]

";;;;
0478;478;Половинкой Твоей судьбы;Огненный ветер;Am;3;;4/4;;;V1 C V2 V3;Огненный ветер (аккорды);;;;;"
1. Разорвал тишину сердца Божьего крик, -
Мне б услышать его, чтобы я не погиб!
Только мёртвым я был, был слепым и глухим…
Лишь теперь я ожил, - стал навеки другим!

Пр. «Дьявол, прочь от меня! Я не знаю тебя!
       Кровь Иисуса на мне!
       Грех прибит на кресте!»
       Умер ветхий Адам: стала новой душа
       Для Святого огня, для последнего дня!

2. Сердце было, как медь;
Кровь была словно лёд;
Разум был опьянён; сладок грех был, как мёд!
Плод познанья добра и великого зла
   Дьявол мне предлагал, но Иисус спас меня!";"{title: Разорвал тишину}
{key: Am}
{capo: +3}


1. Разорвал тиш[Am]ину сердца Божьего крик, -
Мне б услышать ег[Dm]о, чтобы я не пог[E]иб!
Только мёртвым я [Am]был, был слепым и глухим…
Лишь теперь я ож[Dm]ил, - стал навеки друг[E]им!

Пр. «Дь[Am]явол, прочь от меня! Я не знаю тебя!
       Кр[G]овь Иисуса на мне!
       Гр[F]ех приб[E]ит на кресте!»
       [Am]Умер ветхий Адам: стала новой душа
       Дл[G]я Святого огня, дл[F]я посл[E]еднего дня!

2. Сердце было, как медь;
Кровь была словно лёд;
Разум был опьянён; сладок грех был, как мёд!
Плод познанья добра и великого зла
   Дьявол мне предлагал, но Иисус спас меня!";;;;
0479;479;Слава и честь! (Откр. 7);Огненный ветер;Am;3;;4/4;;;C V1 V2 V3;Огненный ветер (аккорды);;;;;"Пр. Слава и честь! Слава и честь!
       Иисусу Христу слава и честь!

1. Господу пой! Благословляй имя Его во всех племенах!
Ибо Он Царь! Ибо Он свят! Слава Ему во все времена!

2. После сего взглянул я, и вот, великое множество людей,
Которого никто не мог перечесть, из всех племён и колен…
И пали перед престолом на лица свои,
И поклонились Богу Ангелы сии
И восклицали Богу: слава и честь! Иисусу Христу слава и честь!

3. У нас белые одежды! Откуда мы пришли?
От великой скорби мы пришли!
Чистые одежды у нас отчего? Омыли мы одежды кровью Его!
Сидящий на Престоле обитает в нас!
Ему мы служим днём и в полночный час!
Пасёт нас Божий Агнец, Начало и Конец!
Ему благословение, слава и честь!";"
[Am]Пр. Слава и честь! Слава[G] и честь[Am]!
[F]       Иисусу Христу с[G]лава и честь!

[Am]1. Господу пой! Благос[G]ловляй имя Его во вс[F]ех племенах![G]
[Am]Ибо Он Царь! Ибо Он [G]свят! Слава Ему во все вр[F]емена![G]

[Am]2. После сего взглянул я,[G] и вот, великое множеств[F]о людей,[G]
[Am]Которого никто не мог пер[G]ечесть, из всех племён и колен[F]…[G]
[Am]И пали перед престолом на лица свои,[G]
[F]И поклонились Богу Ангелы сии[G][Am]
[Am]И восклицали Богу: слава и че[G]сть! Иисусу Христу слава и[F] честь![G]

[Am]3. У нас белые одежды![G] Откуда мы пришли?
[F]От великой скорби мы пришли![G][Am]
[Am]Чистые одежды у нас отчего[G]? Омыли мы одежды кровь[F]ю Его![G][Am]
[Am]Сидящий на Престоле обитает в нас![G]
[F]Ему мы служим днём и в полночный час![G][Am]
[Am]Пасёт нас Божий Агнец, Начало и Коне[G]ц!
[F]Ему благословение, слава и честь[G]![Am]";;;;
0480;480;Когда уйдёт печаль;Огненный ветер;Am;3;;4/4;;;V1 C V2;Огненный ветер (аккорды);;;;;"
1.Распространи место твоего шатра
И расширь кров жилища твоего!
Не стесняйся, пусти длинные верви твои,
Даже колья твои утверди!

Пр. Ибо твой Творец – Супруг! Имя Бога – Саваоф!
       Искупитель твой Святой над землёй!

2.Ибо ты распространишься везде,
И сыны завладеют землёй,
И заселишь города опустевшие,
И народы будут вечно с тобой!

3.Не страшись, стыд не будет пред тобой!
Твёрдо верь, - поругание уйдёт!
Ты забудешь посрамление юности твоей
И не будешь вспоминать ты о нём!
";"{title: Распространи место твоего шатра (Ис. 54:2-5)}
{key: Am}
{capo: +3}


1.Распростран[Am]и место тв[G]оего ш[Am]атра
И расш[Am]ирь кров жил[G]ища тво[Am]его!
[A7]Не стесн[Dm]яйся, пуст[G]и длинные [C]верви тв[F]ои,
Даже [Dm]колья тв[E]ои утв[Am]ерди![A7]

Пр. Ибо тв[Dm]ой Творец – Супр[G]уг! Имя [C]Бога – Сав[F]аоф!
       Искуп[Dm]итель твой Свят[E]ой над земл[Am]ёй!

2.Ибо ты распространишься везде,
И сыны завладеют землёй,
И заселишь города опустевшие,
И народы будут вечно с тобой!

3.Не страшись, стыд не будет пред тобой!
Твёрдо верь, - поругание уйдёт!
Ты забудешь посрамление юности твоей
И не будешь вспоминать ты о нём!
";;;;
0481;481;Я скажу Тебе;Огненный ветер;Em;5;;4/4;;;V1 C V2;Огненный ветер (аккорды);;;;;"

1. Я скажу Тебе, мой Друг: «Ангел мой, не уходи!
О значении слов в таинствах любви мне расскажи…» 

Пр. Солнце светит, дует ветер, всё огнём горит!
       В песнях светлых, в танцах летних Ангел говорит
       О любви, что посылает нам Господь с небес!
       О свиданиях и встречах с красотой чудес!

2. Были и прошли снега, - не сумев отнять любовь!
В сердце среди льдов расцвели огнём поля цветов!


Am+0: Am G F G (Am)
";"{title: Я скажу Тебе}
{key: Em}
{capo: +5}



1. [Em]Я скажу Тебе, м[D]ой Друг: «[C]Ангел мой, не ух[D]оди!
[Em]О значении слов в [D]таинствах любви мн[C]е расск[Em]ажи…» 

Пр. [Em]Солнце светит, [D]дует ветер, вс[C]ё огнём гор[H7]ит!
       В [Em]песнях светлых, в [D]танцах летних [C]Ангел гов[Em]орит
       [Em]О любви, что [D]посылает [C]нам Господь с неб[H7]ес!
       [Em]О свидани[D]ях и встречах с кр[C]асотой ч[Em]удес!

2. Были и прошли снега, - не сумев отнять любовь!
В сердце среди льдов расцвели огнём поля цветов!


Am+0: Am G F G (Am)
[Am][E][F][G][Am]";;;;
0482;482;Белый снег;Огненный ветер;Am;3;;4/4;;;V1 C V2;Огненный ветер (аккорды);;;;;"
1. Распускаются цветы небывалой красоты, 
Не в садах, не на полях, а в возлюбленных сердцах!
Распускаются слова из любви, да из добра
В тех, кто хочет в битве биться и отчаянно молиться!

Пр. У любви, у любви на небесах 
       Всё не так, как в садах, всё не так:
       Там цветут не цветы, а хвала!
       Там из сердца текут Тебе слова!

2. Распускается любовь, обновляя жизнью кровь,
В душах Божьих, дорогих, драгоценных и простых… 
Распускается хвала, по земле течёт она,
Летом, осенью, весной славной русскою рекой…";"{title: Распускаются цветы}
{key: Am}
{capo: +3}


[Am]1. Распускаютс[Dm]я цветы [E]небывалой [Am]красоты, 
Не в садах, н[Dm]е на полях, [E]а в возлюбл[Am]енных сердцах!
[A7]Распускаютс[Dm]я слов[G]а из любви, да [C]из добра
[F]В тех, кто хочет в [Dm]битве битьс[E]я и отчаянн[Am]о молиться!

Пр. [Am]У любви, у любв[A7]и на небес[Dm]ах 
       Всё не так, как в сад[G]ах, всё не [C]так:
       Там цветут не цв[F]еты, а хв[Dm]ала!
       Там из сердца [E]текут Тебе сл[Am]ова!

2. Распускается любовь, обновляя жизнью кровь,
В душах Божьих, дорогих, драгоценных и простых… 
Распускается хвала, по земле течёт она,
Летом, осенью, весной славной русскою рекой…";;;;
0483;483;Ибо вот придёт тот день (Мал. 4);Огненный ветер;Am;3;;4/4;;;C B;Огненный ветер (аккорды);;;;;"
1. Расскажи мне, птица белая, как летать по небу чистому?
Как любить без горя  счастливо? Как мне жить по слову верному?

Пр. Я приму от Бога силушку, чтоб взлететь к Нему до небушка,
       Чтоб окрепнуть помолюсь Ему: 
        Дай мне, птичке, бела хлебушка! 

2. Всё ты знаешь, птица смелая, ты летаешь, где захочется!
Ты одета, как невестушка, пьёшь ты с Божьего источника…

Бр. Най-на-най-на-на";"{title: Расскажи мне, птица белая}
{key: Am}
{capo: +3}


1. Расскаж[Am]и мне, птица б[E]ел[Am]ая, как лет[F]ать по небу ч[G]истом[Am]у?
Как люб[Gm]ить без горя  сч[A7]астлив[Dm]о? Как мне ж[Am]ить по слову в[E]ерн[Am]ому?

Пр. Я прим[Am]у от Бога [E]силушк[Am]у, чтоб взл[F]ететь к Нему до [G]небушк[Am]а,
       Чтоб окр[Gm]епнуть помол[A7]юсь Ем[Dm]у: 
        Дай мне, пт[Am]ичке, бела хл[E]ебушк[Am]а! 

2. Всё ты знаешь, птица смелая, ты летаешь, где захочется!
Ты одета, как невестушка, пьёшь ты с Божьего источника…

[Am]Бр. [E]Н[Am]ай[F]-[G]н[Am]а-н[Gm]а[A7]й-[Dm]н[Am]а-н[E]а[Am]";;;;
0484;484;Победивший смерть;Огненный ветер;Am;2;;4/4;;;V1 C V2 V3;Огненный ветер (аккорды);;;;;"
Вст.: | C | G | F-G Am |К: |Am G |F G |F-G-Am |П: |C |G | F  G  C-G |     |C |G | F-G Am |

1. Расставанья-встречи в прошлое уходят!
Наш Господь Иисус грядёт!
Радости-печали больше не заботят, они тают словно лёд…

Пр. Будет от Бога новая жизнь, 
       смерти не будет вовек!
       Будет душа наслаждаться и петь, 
       в радости слышаться смех!

2. Я рассвет встречаю с верой и надеждой,
Что я снова встречусь с Тобой!
Облачён теперь я в светлую одежду! 
Я теперь навеки – живой!";"{title: Расставанья-встречи}
{key: Am}
{capo: +2}


Вст.: | C | G | F-G Am |К: |Am G |F G |F-G-Am |П: |C |G | F  G  C-G |     |C |G | F-G Am |

1. Р[Am]асставанья-встреч[G]и в прошл[F]ое уход[G]ят!
Н[F]аш Господь Иис[G]ус грядёт![Am]
Р[Am]адости-печал[G]и б[F]ольше не забот[G]ят, они [F]тают словно [G]лёд…[Am]

Пр. Б[C]удет от Бога нов[G]ая жизнь, 
       см[F]ерти не буд[G]ет вовек![C-G]
       Б[C]удет душа наслаждатьс[G]я и петь, 
       в р[F]адости слыш[G]аться смех![Am]

2. Я рассвет встречаю с верой и надеждой,
Что я снова встречусь с Тобой!
Облачён теперь я в светлую одежду! 
Я теперь навеки – живой!";;;;
0485;485;Благословение Агнцу на троне (Откр. 5);Огненный ветер;Am;3;;4/4;;;V1 C V2 V3;Огненный ветер (аккорды);;;;;"
1. Рассуди, меня Господи, рассуди! 
Испытай меня, Господи, искуси! 
Сердце также расплавь Ты моё! 
Я предстану на суд пред лицо Твоё!

Пр. Ибо я уповаю лишь на Тебя! 
       Непорочна во мне жизнь моя!
       Ненавижу коварство, зло и ложь, 
       Боже, милость Свою во мне умножь!

2. Я поведаю все чудеса Твои, 
Возвещать буду гласом моей хвалы!
Возлюбил я обитель жилищ Твоих!
Не хочу видеть славу я от других!

Бр. Моей души святой псалом: не погуби души моей!
      Я на твоём пути прямом, в невинности хожу своей! 

";"{title: Рассуди, меня (Пс.25)}
{key: Am}
{capo: +3}


1. Рассуд[Am]и, меня Господи, [Dm]рассуди! 
Испыт[E]ай меня, Господи, [Am]искус[E]и! 
Сердце также расплавь Ты моё! 
Я предстану на суд пред лицо Твоё!

Пр. Ибо [Am]я уповаю лишь на Тебя! 
       Непор[Dm]очна во мне [E]жизнь моя!
       Ненав[Am]ижу коварство, зл[F]о и ложь, 
       Боже, м[Dm]илость Свою во мн[E]е умножь!

2. Я поведаю все чудеса Твои, 
Возвещать буду гласом моей хвалы!
Возлюбил я обитель жилищ Твоих!
Не хочу видеть славу я от других!

Бр. Мо[Am]ей души свят[F]ой псалом: не [Dm]погуби душ[E]и моей!
      Я на твоём пути прямом, в невинности хожу своей! 

";;;;
0486;486;Не погаснет свет в моём окне!;Огненный ветер;Am;3;;4/4;;;V1 C V2;Огненный ветер (аккорды);;;;;"
1. Революция в мыслях! Революция в песнях!
Революция в духе! Революция в сердце!
Революция в слове! Революция в деле!
Революция в жизни! Революция в мире!

Пр. Говори сей горе: «Отойди и исчезни!»
       А для тех, кто во тьме,
       Открывай настежь двери!

2. Частоколом единым
Против тьмы светом встанем!
Облечённый любовью, поднимай выше знамя!
Наш герой – Иисус, свет блистающей славы!
Зажигайся огнём и бери баррикады!";"{title: Революция}
{key: Am}
{capo: +3}


1. Револ[Am]юция в мыслях! Рев[Dm]олюция в песнях!
Револ[E]юция в духе! Револ[Am]юция в сердце!
Револ[F]юция в слове! Револ[Dm]юция в деле!
Револ[E]юция в жизни! Револ[Am]юция в мире!

[Am]Пр. Говори сей гор[Dm]е: «От[E]ойди и исчезни!»
       [Am]А для тех, кто во тьме,
       [Dm]Открывай [E]настежь двери!

2. Частоколом единым
Против тьмы светом встанем!
Облечённый любовью, поднимай выше знамя!
Наш герой – Иисус, свет блистающей славы!
Зажигайся огнём и бери баррикады!";;;;
0487;487;Живущий под кровом Всевышнего (Пс. 90);Огненный ветер;Am;2;;4/4;;;V1 C V2 C;Огненный ветер (аккорды);;;;;"
1.Река любви течёт от трона Господа
Я  кровью ран Твоих исцелён!
И всё внутри поёт ту песню новую,
Что Ангел в сердце мне     с Небес принёс!

Пр. За всё Тебя, мой Бог    Иисус, благодарю!
       Ты утоляешь жажду истиной Своей!
       Прими хвалу мою    из уст текущую, 
       Как сердце растворённое в любви Твоей!

2. В душе слова любви к Тебе рождаются
На непонятном мне языке!
Они как с неба дождь рекой становятся!
Рекой хвалы моей, Иисус, к Тебе!";"{title: Река любви течёт}
{key: Am}
{capo: +2}


1.Река [Am]любви течёт [E]от трона Господ[Am]а
Я  кровью [E]ран Твоих исц[Am]елён!
И всё внутри п[E]оёт ту песню [Am]новую,[F]
Что Ангел [Dm]в сердце мн[E]е     с Небес пр[Am]инёс![A7]

Пр. За всё Т[Dm]ебя, мой Б[G]ог    Иисус, бл[C]агодарю!
  [F]     Ты утол[Dm]яешь жажду [E]истиной Св[Am]оей![A7]
       Прими хв[Dm]алу мо[G]ю    из уст т[C]екущую, [F]
       Как сердце [Dm]растворённ[E]ое в любви Тв[Am]оей!

2. В душе слова любви к Тебе рождаются
На непонятном мне языке!
Они как с неба дождь рекой становятся!
Рекой хвалы моей, Иисус, к Тебе!";;;;
0488;488;Баю-баю, баюшки;Огненный ветер;Am;3;;4/4;;;V1 V2 V3;Огненный ветер (аккорды);;;;;"
1.Рисую образ Твой, не в красках, а в словах!
Он предо мной всегда везде с небесной чистотой!
В крови твоей – судьба всех любящих людей,
Течёт с креста любовь Твоя рекой!

Пр. Люблю Тебя! Ты – истина моя, ты – свет моей души!
       Люблю тебя! Как можно Слово Жизни не любить?

2. В молении святом я руки вознесу 
К Тебе, мой милосердный Бог, воскресший и живой!
Пусть слава и хвала собой наполнят мир,
Пусть обретут сердца в Тебе огонь!
";"{title: Рисую образ Твой}
{key: Am}
{capo: +3}


1.Рис[Am]ую образ Твой, не в кр[Dm]асках, а в словах!
Он пр[G]едо мной всегда везде с неб[C]есной чистот[E]ой!
В кров[Am]и твоей – судьба всех л[Dm]юбящих людей,
Теч[G]ёт с креста любовь Твоя рек[E]ой!

Пр. Любл[Am]ю Тебя! [Dm]Ты – [G]истина моя, ты – св[C]ет моей душ[E]и!
       Любл[Am]ю теб[Dm]я! Как м[G]ожно Слово Жизни не люб[E]ить?

2. В молении святом я руки вознесу 
К Тебе, мой милосердный Бог, воскресший и живой!
Пусть слава и хвала собой наполнят мир,
Пусть обретут сердца в Тебе огонь!
";;;;
0489;489;Кто-то говорит кому-то: «улыбнись!»;Огненный ветер;Am;2;;4/4;;;V1 C V2;Огненный ветер (аккорды);;;;;"
1. Русская душа       очень хороша!     Русская душа    Богу не чужа!
Русская душа       всё обнять сильна:     горы и поля,  реки и моря…

Пр. Натяни гармонь сильнее, будет вместе веселее, 
       Петь плясать для всех не лень нам в русской колыбели.
       Натяни гармонь сильнее,      будет вместе веселее, 
       Петь плясать для всех не лень нам      в русской колыбели.

2. Строим дом большой русскою душой! 
Строим дом большой вместе мы с тобой!
Батюшке-царю строим мы избу! 
В гости пригласим новую судьбу!

Пр. Эх, просторные хоромы! 
       Мы – просторные хоромы!
       Всех принять к себе готовы: 
       И друзей и незнакомых!

3. Ах, поёт душа, хоть и без гроша! 
Радостью полна русская душа!
Наш ответ всегда: «Это не беда!» 
Наша простота – чистая вода!

Пр. Все скорей спешите к водам: 
       К нашим русским чистым водам!
         Пусть запляшут все народы 
          Русским хороводом!
";"{title: Русская душа}
{key: Am}
{capo: +2}


1. [Am]Русская душ[Dm]а       [G]очень хорош[C]а!     [F]Русская душ[Dm]а    Б[E]огу не чуж[Am]а!
[Am]Русская душ[Dm]а       [G]всё обнять сильн[C]а:     [F]горы и пол[DmE]я,  реки и мор[Am]я…

[Am]Пр. Натяни гармонь сильн[Dm]ее, будет вместе весел[Am]ее, 
[Am]       Петь плясать для всех не л[E]ень нам в русской колыбел[Am]и.
[A7]       Натяни гармонь сильн[Dm]е[G]е,      будет вместе весел[C]ее, [F]
       Петь плясать для всех не [Dm]лень нам      [E]в русской колыбел[Am]и.

2. Строим дом большой русскою душой! 
Строим дом большой вместе мы с тобой!
Батюшке-царю строим мы избу! 
В гости пригласим новую судьбу!

Пр. Эх, просторные хоромы! 
       Мы – просторные хоромы!
       Всех принять к себе готовы: 
       И друзей и незнакомых!

3. Ах, поёт душа, хоть и без гроша! 
Радостью полна русская душа!
Наш ответ всегда: «Это не беда!» 
Наша простота – чистая вода!

Пр. Все скорей спешите к водам: 
       К нашим русским чистым водам!
         Пусть запляшут все народы 
          Русским хороводом!
";;;;
0490;490;Только весною;Огненный ветер;Am;3;;4/4;;;V1 C V2 C B;Огненный ветер (аккорды);;;;;"1. Только весною всё расцветает,
Только весною в месяце мае.
Бог красотою мир обновляет,
Истинным Словом жить вдохновляет!

Пр. Март, апрель, а потом месяц май!
       Мы забудем студёный февраль!
       Так и в жизни бывает порой –
       К нам приходит весна за зимой!

2. Будет надежда в сердце сбываться,
Будем весною все наполняться!
Сердце от счастья будет сжиматься,
Будем соседям всем улыбаться!

Пр. Посмотри – сколько света вокруг!
       Издалёка доносится звук
       Песен, созданных сердцем весны!
       Кровью Агнца мы все спасены!

Бр. Вера, надежда, любовь! В сердце волнуется кровь,
      И наступает весна, что нам для жизни дана!";"
[Am]1. Только весною всё рас[G]цветает,
[F]Только весною в месяце мае.[E]
[Am]Бог красотою мир обнов[G]ляет,
[F]Истинным Словом жить вдохновляет![E]

[Dm]Пр. Март, апр[E]ель, а потом мес[Am]яц май!
[Dm]       Мы заб[G]удем студёный фе[C]враль!
[Dm]       Так и[E] в жизни [Am]бывает [F]порой –
[Dm]       К на[(E)]м приходит ве[E(Am)]сна за зимой!

2. Будет надежда в сердце сбываться,
Будем весною все наполняться!
Сердце от счастья будет сжиматься,
Будем соседям всем улыбаться!

Пр. Посмотри – сколько света вокруг!
       Издалёка доносится звук
       Песен, созданных сердцем весны!
       Кровью Агнца мы все спасены!

[Am]Бр. Вера, надежда, любовь! В[G] сердце волн[F]уется кровь,[G]
[Dm]      И наступает весна, [G]что на[F]м для жизни дана![E]
";;;;
0491;491;Не могу без Тебя;Огненный ветер;Am;3;;4/4;;;V1 V2 V3;Огненный ветер (аккорды);;;;;"

1.Свет ярче солнечной зари, свет посреди проклятий тьмы!

Свет что исходит от Отца, он отражается в сердцах!


Пр. Жить хочу теперь во славе Слов Твоих!

       И Твою любовь в душе хранить!  

       Вижу я Твой град из улиц золотых!

       Вечно будем там Тебе служить!

2. Жить, чтоб из уст текла хвала, всем надо вместе и всегда!
Быть чадом света для Отца так, чтоб исчезла темнота… 

Слова Твои и сила! Служение и милость!
В душе зажгут сиянье Твоей любви, Иисус!
Хвала течёт рекою, в ней сердце растворилось!
И вера побеждает сомнений тяжкий груз…
";"{title: Свет ярче солнечной зари}
{capo: +3}



1.Свет ярче солнечной зари, свет посреди проклятий тьмы!

Свет что исходит от Отца, он отражается в сердцах!


Пр. Жить хочу теперь во славе Слов Твоих!

       И Твою любовь в душе хранить!  

       Вижу я Твой град из улиц золотых!

       Вечно будем там Тебе служить!

2. Жить, чтоб из уст текла хвала, всем надо вместе и всегда!
Быть чадом света для Отца так, чтоб исчезла темнота… 

Слова Твои и сила! Служение и милость!
В душе зажгут сиянье Твоей любви, Иисус!
Хвала течёт рекою, в ней сердце растворилось!
И вера побеждает сомнений тяжкий груз…
";;;;
0492;492;Любовь моя;Огненный ветер;Em;2;;4/4;;;V1 C V2 C V3 C V4 C V5 C V6;Огненный ветер (аккорды);;;;;"

1. Святый Господь Всемогущий! Святый Господь!
Бог мой, вовеки живущий, Святый Господь!
Я пред Тобою в молитве во свете стою!
Честь и хвалу, и всю славу Тебе воздаю!

Пр. Слава! Слава! Честь и хвала! 
  Слава! Слава! – славлю Тебя!
    Жертву хвалы моих уст приношу! 
     В свете небесном хвалою я дышу!

2. Бог есть любовь неземная, Слово и жизнь!
Божью любовь понимая, буду служить!
В вечность открыта дорога Сыном Твоим,
И у родного порога встречусь я с Ним!
";"{title: Святый Господь Всемогущий!}
{key: Em}
{capo: +2}



1. Св[Em]ятый Господь Всемог[G]ущий! Св[Am]ятый Госп[Em]одь!
Б[Em]ог мой, вовеки жив[D]ущий, [C]Святый Госп[G]одь!
[Am]Я пред Тобою в мол[H7]итве во свете сто[Em-G]ю!
[Am]Честь и хвалу, и всю сл[Em]аву Теб[H7]е возда[Em]ю!

Пр. Сл[C]ава! Сл[G]ава! Ч[D]есть и хвал[Em]а! 
  Сл[C]ава! Сл[G]ава! – сл[D]авлю Теб[Em]я!
    Ж[Am]ертву хвалы моих [H7]уст принош[Em-G]у! 
     В св[Am]ете небесном хвал[Em]ою [H7]я дыш[Em]у!

2. Бог есть любовь неземная, Слово и жизнь!
Божью любовь понимая, буду служить!
В вечность открыта дорога Сыном Твоим,
И у родного порога встречусь я с Ним!
";;;;
0493;493;В жизни всякое бывает;Огненный ветер;Em;2;;4/4;;;V1 C V2;Огненный ветер (аккорды);;;;;"
1. Семь прекрасных звёзд в руке Твоей! 
И светильники горят огнём!
Золотым огнём, сверкающим 
и любовью наполняющим! 

Пр: Первая любовь, нас не оставляй! 
       У светильника есть место в храме Бога!
       Первая любовь, нас не оставляй!
       К древу жизни нас веди Своей дорогой!

2. Ангел получил письмо Твоё:
В нём слова любви для всех церквей:
Строгие слова, горящие, наставленья приносящие!

3. Свет для мира – мы! И соль земли!
Наш светильник весь из золота!
Золота любви взывающей 
И от смерти исцеляющей!";"{title: Семь прекрасных звёзд (Откр. 1-2)}
{key: Em}
{capo: +2}


1. С[Em]емь прекрасных [Am]звёзд в р[D]уке Тв[G]оей! 
[C]И светильник[Am]и гор[H7]ят огнём!
Золотым огнём, сверкающим 
и любовью наполняющим! 

Пр: [Em]Первая люб[Am]овь, [D]нас не оставл[G]яй! 
       [C]У светильн[Am]ика есть место в [H7]храме Бога!
       Первая любовь, нас не оставляй!
       К древу жизни нас веди Своей дорогой!

2. Ангел получил письмо Твоё:
В нём слова любви для всех церквей:
Строгие слова, горящие, наставленья приносящие!

3. Свет для мира – мы! И соль земли!
Наш светильник весь из золота!
Золота любви взывающей 
И от смерти исцеляющей!";;;;
0494;494;Смерть и жизнь на весах моего языка;Огненный ветер;Am;3;;4/4;;;V1 C V2;Огненный ветер (аккорды);;;;;"1. Смерть и жизнь на весах моего языка,
А любовь в небесах       высока-высока!
Пусть нелегким опять мне покажется бой!
Не хочу проиграть       снова в битве с собой!

Пр. Перестань умирать и начни оживать,
       Пусть молитва твоя        станет флагом опять!
       Пусть молитва зажжёт в сердце жаркий огонь,
       Понесёт тебя вскачь,       словно конь вороной!

2. Я взлетаю, когда Бог приходит ко мне!
Я хочу побеждать и молиться в огне!
Я не буду смотреть на того, кто внизу!
Да, я буду гореть! И уже не умру!";"
[Am]1. Смерть и жизнь на весах моего языка,[Dm][E]
[Dm]А лю[E]бовь в небесах       выс[Am]ока-высока!
[Am]Пусть нелегким опять мне покаж[Dm]ется бой![E]
[Dm]Не хоч[E]у проиграть       снова в битве с [Am]собой!

[Am]Пр. Перестань умирать и начни[Dm] оживать,[Am]
[Dm]   [E]    Пусть молитва твоя        [Am]станет флагом опять!
[Am]       Пусть молитва зажжёт в сердце[Dm] жаркий огонь,[Am]
[Dm]      [E] Понесёт тебя вскачь,       словно[Am] конь вороной!

2. Я взлетаю, когда Бог приходит ко мне!
Я хочу побеждать и молиться в огне!
Я не буду смотреть на того, кто внизу!
Да, я буду гореть! И уже не умру!
";;;;
0495;495;Не смотри на проблемы;Огненный ветер;Am;0;;4/4;;;V1 C V2;Огненный ветер (аккорды);;;;;"Вст. по куплету
1.Сердце будет от Тебя говорить, 
сердце будет от Тебя объяснять,
Чтобы Словом от Тебя дорожить, 
в глубине любовь сохранять!

        C                      Em                          Am,                          G
Пр. Я ищу лица Твоего, мой Бог, в славе быть хочу я Твоей!
Ветер перемен сердцу не помог свет увидеть в сумраке дней! 
C                       Em                        Am,                            G
Я ищу лица Твоего, мой Бог, в славе быть хочу я Твоей!
Исцели меня, чтоб любить я мог! Душу грешную разогрей!

2. Не наступит больше ночь никогда,
Не коснётся сердца боль и беда,
Я теперь в Тебе, Мой Господь, обретаю мир и любовь!
Бр. Ты – есть свет мой, вижу я зарю! 
За спасенье я благодарю!
О любви теперь я буду петь! 
И огнём Твоей любви гореть!
                               ПОВТОР 1 КУПЛЕТА В КОНЦЕ!";"{title: Сердце будет от Тебя}
{key: Am}
{capo: +0}

Вст. по куплету
1.С[Am]ердце будет от Тебя г[F-F-F]оворить, [G]
с[G]ердце будет от Тебя [G-G-G]объяснять,[Am]
Чт[Am]обы Словом от Тебя д[F-F-F]орожить[G], 
в [G]глубине любовь [G-G-G]сохран[Am]ять![G]

        C                      Em                          Am,                          G
Пр. Я ищу лица Твоего, мой Бог, в славе быть хочу я Твоей!
В[Dm]етер перемен [G]сердцу не помог св[F]ет увидеть в сумрак[E]е дней! 
C                       Em                        Am,                            G
Я ищу лица Твоего, мой Бог, в славе быть хочу я Твоей!
[Dm]Исцели меня, чт[G]об любить я мог! Д[F]ушу грешную разогр[E]ей!

2. Не наступит больше ночь никогда,
Не коснётся сердца боль и беда,
Я теперь в Тебе, Мой Господь, обретаю мир и любовь!
Бр. Т[Am]ы – есть свет мой, вижу я зар[G]ю! 
З[F]а спасенье я благ[G]одар[Am]ю!
[Am]О любви теперь я буду п[G]еть! 
[F]И огнём Твоей любв[G]и г[Am]ореть![G]
                               ПОВТОР 1 КУПЛЕТА В КОНЦЕ!";;;;
0496;496;Твоя земля покрыта;Огненный ветер;Am;3;;4/4;;;V1 C V2;Огненный ветер (аккорды);;;;;"1. Твоя земля покрыта морями среди гор,
Полями и лесами, и зеркалом    озёр…
Хочу держаться сердцем Твоих корней
И видеть Твою славу в среде огней!

Пр. Ты – мой Господь! Ты - мой Творец!
       Ты был всегда,   Ты был и есть!
       Твоя любовь меня ведёт
       Всегда на крест! Всегда вперёд!

2. Распятыми руками Ты обнимаешь нас!
И нежными словами даёшь приказ:
«Живи! Дыши! Надейся! Люби и верь!
Молись об излиянии Моих дождей!»";"
[Am]1. Т[E]воя земля покрыта морями ср[Am]еди гор,[Dm]
[G]Полями и лесами, и зеркало[E]м    озёр…
[E]Хочу держаться сердцем Твоих кор[Am]ней[Dm]
[G]И видеть Твою славу в ср[E]еде огней!

[Am]Пр. Ты – мой Госпо[Dm]дь! Ты -[E] мой Творец![Am]
[F]       Ты был вс[Dm]егда,  [E] Ты был и ест[Am]ь!
[Am]       Т[Dm]воя лю[G]бовь меня [C]ведёт
[F]       Всегда [Dm]на крест! [E]Всегда вперёд[Am]!

2. Распятыми руками Ты обнимаешь нас!
И нежными словами даёшь приказ:
«Живи! Дыши! Надейся! Люби и верь!
Молись об излиянии Моих дождей!»
";;;;
0497;497;Если сможешь;Огненный ветер;Am;5;;4/4;;;V1 C V2 V3;Огненный ветер (аккорды);;;;;"
1. Сердце Моё, сердце Моё, сердце Моё  стучит!
Сердце Моё, сердце Моё, сердце Моё  кричит:
Сердце Моё, сердце Моё, сердце Моё  стучит!
Сердце Моё, сердце Моё, сердце Моё  кричит:

Спасите скорей, спасите скорей, спасите Моих детей!
Спасите скорей, спасите скорей, спасите Моих детей!
Спасите скорей, спасите скорей, спасите Моих детей!
Спасите скорей, спасите скорей, спасите Моих детей!

Пр. Спасите! Спасите! Спасите скорей!
       Спасите! Спасите! Спасите детей!

2. Я скоро гряду! Я скоро гряду! Я скоро приду опять!
Я скоро гряду! Я скоро гряду! Я скоро приду опять!
Я очень люблю! Я очень люблю! Я очень люблю всех вас!
Я очень люблю! Я очень люблю! Я очень люблю всех вас!

Пр. Скоро! Скоро! Скоро гряду! Очень! Очень! Очень люблю!

3. Танцует земля! Танцует земля! Танцует земля и поёт:
Танцует земля! Танцует земля! Танцует земля и поёт:
Слава Тебе! Слава Тебе! Слава Тебе, мой Бог!
Слава Тебе! Слава Тебе! Слава Тебе, мой Бог!

Пр. Слава! Слава! Слава Тебе! 
       Слава! Слава! Слава Тебе!";"{title: Сердце Моё}
{key: Am}
{capo: +5}


1. [Am]Сердце Моё, сердце Моё, сердце Моё  стучит!
С[F]ердце Моё, сердце Моё, сердце Моё  кричит:
С[Dm]ердце Моё, сердце Моё, сердце Моё  стучит!
С[Dm]ердце Моё, сердце Моё, с[F]ердце Моё  крич[E]ит:

Спасите скорей, спасите скорей, спасите Моих детей!
Спасите скорей, спасите скорей, спасите Моих детей!
Спасите скорей, спасите скорей, спасите Моих детей!
Спасите скорей, спасите скорей, спасите Моих детей!

Пр. Спас[Am]ите! Спас[F]ите! Спас[Dm]ите скор[Am]ей!
       Спас[Am]ите! Спас[F]ите! Спас[Dm]ите дет[Am]ей![E]

2. Я скоро гряду! Я скоро гряду! Я скоро приду опять!
Я скоро гряду! Я скоро гряду! Я скоро приду опять!
Я очень люблю! Я очень люблю! Я очень люблю всех вас!
Я очень люблю! Я очень люблю! Я очень люблю всех вас!

Пр. Скоро! Скоро! Скоро гряду! Очень! Очень! Очень люблю!

3. Танцует земля! Танцует земля! Танцует земля и поёт:
Танцует земля! Танцует земля! Танцует земля и поёт:
Слава Тебе! Слава Тебе! Слава Тебе, мой Бог!
Слава Тебе! Слава Тебе! Слава Тебе, мой Бог!

Пр. Слава! Слава! Слава Тебе! 
       Слава! Слава! Слава Тебе!";;;;
0498;498;Люди часто прячут неудачи;Огненный ветер;Am;0;;4/4;;;V1 V2 V3 B;Огненный ветер (аккорды);;;;;"1. Сердце моё трепещет, муки схватили меня;
И превратилась в ужас ночь моя!
Взволнован от слов, что слышу, смущён от того, что вижу:
Ибо так сказал мне Господь Судия:

Пр. Пал, пал, пал Вавилон! Пал, пал, пал Вавилон!
       Все идолы богов его разбиты!
       Пал, пал, пал Вавилон! Пал, пал, пал Вавилон!
       Нет больше от богов ему защиты!

2. На страже стоял я днём, и ночью не отдыхал!
И теперь, как лев я хочу кричать:
«О, Господин мой, Царь! Я вижу видение!
И то, что вижу, я возвещаю вам!»

3. Сердце моё трепещет, муки схватили меня;
И превратилась в ужас ночь моя!
Взволнован от слов, что слышу, смущён от того, что вижу:
Ибо так сказал мне Господь Судия!

Бр. Ибо так сказал мне Господь!
      Ибо так сказал мне Господь!
      Ибо так сказал мне Господь Судия!";"
[Am]1. Сердце моё трепещет, муки схват[G]или меня;
[F]И превратилась в ужас ночь моя![E]
[Am]Взволнован от слов, что слышу, смущён от того, [G]что вижу:
[F]Ибо так сказал мне Господь Судия:[E]

[Am]Пр. Пал, пал, пал Вавилон! Пал, пал, [G]пал Вавилон![Am]
[F]       Все идол[Dm]ы богов его разб[E]иты!
[Am]       Пал, пал, пал Вавилон! Пал, пал[G], пал Вавилон[Am]!
[F]       Нет больше от[Dm] богов ему защи[E]ты!

2. На страже стоял я днём, и ночью не отдыхал!
И теперь, как лев я хочу кричать:
«О, Господин мой, Царь! Я вижу видение!
И то, что вижу, я возвещаю вам!»

3. Сердце моё трепещет, муки схватили меня;
И превратилась в ужас ночь моя!
Взволнован от слов, что слышу, смущён от того, что вижу:
Ибо так сказал мне Господь Судия!

[Am]Бр. Ибо так сказал мне Господь!
[G]      Ибо так сказал мне Господь!
[F]      Ибо так сказ[Dm]ал мне Господь Судия![E]";;;;
0499;499;Приходите в мой дом;Огненный ветер;Am;3;;4/4;;;V1 C V2;Огненный ветер (аккорды);;;;;"
1.Сердцем склонюсь пред Тобой! 
Вижу я свет неземной!
Всё, что очищено, всё, что оправдано, 
Всё, что искуплено – 
Принял Ты! (Иисус!)

2.Корня греха больше нет! 
Сердце заполнил Твой свет!
Всё, что очищено, всё, что оправдано, 
Всё, что искуплено –
Принял Ты! (Иисус!)

3.В жертву Тебе, Иисус, 
Я приношу жертву уст!
Всё, что очищено, всё, что оправдано, 
Всё, что искуплено –
Принял Ты! (Иисус!)";"{title: Сердцем склонюсь пред Тобой}
{key: Am}
{capo: +3}


1.Сердцем [Am]склонюсь [G]пред Тобой! [Am]
[Dm]Вижу я св[E]ет неземн[Am]ой!
Вс[F]ё, что оч[G]ищено, вс[F]ё, что опр[G]авдано, 
Вс[F]ё, что иск[G]уплено – [E]
Принял [Am]Ты! ([G]Иисус!)

2.Корня греха больше нет! 
Сердце заполнил Твой свет!
Всё, что очищено, всё, что оправдано, 
Всё, что искуплено –
Принял Ты! (Иисус!)

3.В жертву Тебе, Иисус, 
Я приношу жертву уст!
Всё, что очищено, всё, что оправдано, 
Всё, что искуплено –
Принял Ты! (Иисус!)";;;;
0500;500;В небесах царит любовь!;Огненный ветер;Am;3;;4/4;;;V1 C V2 V3;Огненный ветер (аккорды);;;;;"
1. Силы мне дай, чтоб всех любить! 
«Силы мне дай!» – прошу в молитве
Силы мне дай, чтоб просто жить! 
Силы мне дай в смертельной битве! 
Я не пойду туда, где тьма, я не пойду, хоть будет трудно,  
Я не хочу предать Отца, я не хочу стать сыном блудным!

 Пр. Я не боюсь! Я не боюсь! Я не боюсь, ведь Ты со мною!
        Пойду в огонь, - не обожгусь! Поддержишь Ты Своей рукою!
        Ты укрепишь меня, мой Бог! Закон любви Твоей всё Тот же!
        Лишь только Тот, Кто в нём живёт, 
        Меня спасти от смерти может!

3. Я буду жить! Я буду петь! И не смотреть, что скажут люди…
Мне каждый шаг - в огне гореть! 
Мне каждый шаг – страданием будет!
Даруй мне сил всё претерпеть и не упасть под тяжким гнётом!
В Твоём огне, в Твоей любви силы мне дай служить народам!";"{title: Силы мне дай}
{key: Am}
{capo: +3}


1. Силы мне [Am]дай, чтоб вс[G]ех люб[F]ить! 
«Силы мне д[Dm]ай!» – прошу в мол[G]итве
Силы мне д[C]ай, чтоб просто ж[F]ить! 
Силы мне д[Dm]ай в смертельной б[E]итве! 
Я не пойду туда, где тьма, я не пойду, хоть будет трудно,  
Я не хочу предать Отца, я не хочу стать сыном блудным!

 Пр. Я не бо[Am]юсь! Я не бо[G]юсь! Я не бо[Dm]юсь, ведь Ты со мн[E]ою!
        Пойду в ог[Am]онь, - не обожг[G]усь! Поддержишь [F]Ты Своей рук[E]ою!
        Ты укреп[C]ишь меня, мой Б[F]ог! Закон любв[Dm]и Твоей всё Т[G]от же!
        Лишь только Т[C]от, Кто в нём жив[F]ёт, 
        Меня спаст[Dm]и от смерти мож[G]ет!

3. Я буду жить! Я буду петь! И не смотреть, что скажут люди…
Мне каждый шаг - в огне гореть! 
Мне каждый шаг – страданием будет!
Даруй мне сил всё претерпеть и не упасть под тяжким гнётом!
В Твоём огне, в Твоей любви силы мне дай служить народам!";;;;
0501;501;Призри от святого жилища Твоего (Втор.26:15,16);Огненный ветер;G;3;;4/4;;;V1 C V2 C B;Огненный ветер (аккорды);;;;;"
1.Сквозь тысячелетия, мой любящий Боже,
Меня исцеляют все раны Твои!
И нет ничего, что бы было дороже
Твоей драгоценной пролитой крови!

Пр. Иисус, я славлю: «Осанна! Осанна!»
       Иисус, я славлю, я славлю Тебя! – 2 р.

2. Голгофа взорвала закрытое Небо!
Твой крест яркой славой затмил смертный мрак!
Ты - мой Искупитель и мой Избавитель!
Вовеки нет больше дороги назад!";"{title: Сквозь тысячелетия}
{key: G}
{capo: +3}


[G]1.Сквозь тысячел[D]етия, мой любящий Б[G]оже,
Меня исцел[D]яют все раны Тво[G]и!
И нет нич[D]его, что бы было дор[G]оже
Твоей драгоц[D]енной пролитой кр[G]ови!

Пр. Иисус, [D]я славлю: «Осанна! [G]Осанна!»
       Иисус, я сл[D]авлю, я славлю Теб[G]я! – 2 р.

2. Голгофа взорвала закрытое Небо!
Твой крест яркой славой затмил смертный мрак!
Ты - мой Искупитель и мой Избавитель!
Вовеки нет больше дороги назад!";;;;
0502;502;Не хочу обращаться;Огненный ветер;Am;3;;4/4;;;V1 V2 V3;Огненный ветер (аккорды);;;;;"
Пр. Слава и честь! Слава и честь! 
       Иисусу Христу слава и честь! 

1. Господу пой! Благословляй имя Его во всех племенах!
Ибо Он Царь! Ибо Он свят! Слава Ему во все времена! 

2. После сего взглянул я, и вот, великое множество людей, 
Которого никто не мог перечесть, из всех племён и колен…
И пали перед престолом на лица свои, 
И поклонились Богу Ангелы сии 
И восклицали Богу: слава и честь! Иисусу Христу слава и честь!

3. У нас белые одежды! Откуда мы пришли? 
От великой скорби мы пришли!
Чистые одежды у нас отчего? Омыли мы одежды кровью Его!
Сидящий на Престоле обитает в нас! 
Ему мы служим днём и в полночный час!
Пасёт нас Божий Агнец, Начало и Конец!
Ему благословение, слава и честь!";"{title: Слава и честь! (Откр. 7)}
{key: Am}
{capo: +3}


Пр. [Am]Слава и честь! Сл[G]ава и [Am]честь! 
       Иис[F]усу Христу сл[G]ава и честь! 

1. [Am]Господу пой! Бл[G]агословляй [F]имя Его во [G]всех племенах!
[Am]Ибо Он Царь! [G]Ибо Он свят! Сл[F]ава Ему во [G]все времена! 

2. [Am]После сего взглян[G]ул я, и вот, вел[F]икое множество люд[G]ей, 
Кот[Am]орого никто не [G]мог перечесть, из вс[F]ех племён и кол[G]ен…
И [Am]пали перед престолом на [G]лица свои, 
И п[F]оклонились Богу [G]Ангелы [Am]сии 
И [Am]восклицали Богу: сл[G]ава и честь! Иис[F]усу Христу [G]слава и честь!

3. У нас [Am]белые одежды! [G]Откуда мы пришли? 
[F]От великой скорби [G]мы пр[Am]ишли!
Ч[Am]истые одежды у [G]нас отчего? Ом[F]ыли мы одежды [G]кровью [Am]Его!
Сид[Am]ящий на Престоле обит[G]ает в нас! 
Ем[F]у мы служим днём и в полн[G]очный [Am]час!
Пас[Am]ёт нас Божий Агнец, [G]Начало и Конец!
Ем[F]у благословение, сл[G]ава и [Am]честь!";;;;
0503;503;Буду я снова и снова;Огненный ветер;Am;3;;4/4;;;V1 C V2;Огненный ветер (аккорды);;;;;"
Пр.: Най най най най най! Най най най най най!
        Най най най най най! Най най най най най!

1. Славьте Господа, пойте Господу! 
Пойте новую песнь с восклицанием!
Ибо все дела Господа верны! 
Наполняется милостью земля!

2. Будет Божий страх да на всей земле!
Вся вселенная будет в трепете!
Ибо Он сказал, - тут же сделалось! 
Повелел Господь, - и явилось всем!

3. Наш Господь – есть Бог! И блажен народ!
Уповаем все мы на Господа!
Восхваляйте все, праведные Его! 
Радуйтесь вовек вы о Господе!

";"{title: Славьте Господа! (Пс.32)}
{key: Am}
{capo: +3}


Пр.: [Am]Най най най най [G]най! [F]Най най най [E]най най!
        [Am]Най най най най [G]най! [F]Най най [G]най най [Am]най!

1. Сл[Am]авьте [Dm]Господа, п[Am]ойте Г[E]оспод[Am]у! 
[Am]Пойте [Dm]новую песнь с [Am]восклиц[E]ан[Am]ием!
[Am]Ибо [G]все дела Г[F]оспод[E]а верны[Am]! 
[Am]Наполн[G]яется м[F]илость[E]ю земл[Am]я!

2. Будет Божий страх да на всей земле!
Вся вселенная будет в трепете!
Ибо Он сказал, - тут же сделалось! 
Повелел Господь, - и явилось всем!

3. Наш Господь – есть Бог! И блажен народ!
Уповаем все мы на Господа!
Восхваляйте все, праведные Его! 
Радуйтесь вовек вы о Господе!

";;;;
0504;504;День Господень так придёт;Огненный ветер;Em;5;;4/4;;;V1 C V2;Огненный ветер (аккорды);;;;;"
Пр. Славьте Его,   ибо Он благ! 
       Ибо вовек милость Его! – 2р.

1. Кто возвестит хвалу? Кто воспоёт Ему? Богу великому моему?
Вспомни, Господь, меня! И посети меня в благоволении спасения!

Пр. Видеть хочу благие дни верных твоих, избранных! – 2р.

2. Буду с весельем я славить душой Тебя! 
Народом Твоим всегда хвалиться я!
Провёл через море Ты, явил чудеса Свои! 
Спас от руки врага, избавил их!

Пр.  Ради Себя Ты спас народ, чтобы явить могущество!
        Был страшен гнев Твой за грехи, но Ты явил им милости!

3. Благословен Господь! Боже Израилев! 
От века до века Он благословен!
Да скажет народ: Аминь! И воспоёт земля!
Воскликнем «Аллилуйя» для Царя!

Пр. Славьте Его, ибо Он благ! Ибо вовек милость Его! – 2р


К, П: Em H7 Em Am (С) H7
Am+0: Am E7 Am Dm (F) E7";"{title: Славьте Его, ибо Он благ! (Пс. 105)}
{key: Em}
{capo: +5}


Пр. Славьте [Em]Его,   [H7]ибо Он [Em]благ! 
       Ибо вов[Am]ек милость Ег[H7]о! – 2р.

1. Кт[Em]о возвестит хвал[H7]у? Кто [Em]воспоёт Ему? Б[Am]огу великому моем[H7]у?
Всп[Em]омни, Господь, мен[H7]я! [Em]И посети меня в бл[Am]аговолении спасен[H7]ия!

Пр. Видеть хочу благие дни верных твоих, избранных! – 2р.

2. Буду с весельем я славить душой Тебя! 
Народом Твоим всегда хвалиться я!
Провёл через море Ты, явил чудеса Свои! 
Спас от руки врага, избавил их!

Пр.  Ради Себя Ты спас народ, чтобы явить могущество!
        Был страшен гнев Твой за грехи, но Ты явил им милости!

3. Благословен Господь! Боже Израилев! 
От века до века Он благословен!
Да скажет народ: Аминь! И воспоёт земля!
Воскликнем «Аллилуйя» для Царя!

Пр. Славьте Его, ибо Он благ! Ибо вовек милость Его! – 2р


К, П: Em H7 Em Am (С) H7
Am+0: Am E7 Am Dm (F) E7";;;;
0505;505;Слушай небо и земля! (Вт.32);Огненный ветер;Am;3;;4/4;;;V1 C V2;Огненный ветер (аккорды);;;;;"1. Слушай, небо и земля, говорить вам буду я:
Будет речь моя росой, ливнем летним над травой.
Буду Бога прославлять, Ему славу воздавать!
Он – твердыня и скала! Слушай, небо и земля!

Пр. Наши все дела надменны,
       А у Бога – совершенны!
       Так давайте вместе скажем:
      «Нет неправды в Боге нашем!»

2. Мы имеем дух Христов! Нет других у нас богов!
В озлоблении врагов Наш Заступник не таков,
Смерть и жизнь в руке Его, а отмщенье велико!
Изостряет Он Свой меч, говорит: «Живу вовек!»";"

[Am]1. Слушай, небо и земля, говорит[Dm]ь вам буду я:[E][Am]
[F]Будет речь моя росой, ливнем летним н[Dm]ад травой.[E][Am]
[Dm]Буду Бога просл[E]авлять, Ему славу [Am]воздава[G]ть![F]
[Dm]Он – твердыня и скала![F] Слушай, небо [Dm]и земля![E]

[Dm]Пр. Наши все дел[E]а надменны,
[F]       А у Бога – со[E]вершенны!
[Dm]       Так давайте [F]вместе скажем:
[E]      «Нет неправды в Боге нашем!»

2. Мы имеем дух Христов! Нет других у нас богов!
В озлоблении врагов Наш Заступник не таков,
Смерть и жизнь в руке Его, а отмщенье велико!
Изостряет Он Свой меч, говорит: «Живу вовек!»
";;;;
0506;506;Пришёл твой свет, Иерусалим (Ис. 60);Огненный ветер;Am;3;;4/4;;;V1 C V2 V3 V4 B;Огненный ветер (аккорды);;;;;"
1. Сладостно мне встречать рассвет и в мой дом приглашать!
Имя Господа моего на заре восхвалять!
Откровений поток течёт нескончанием слов,
Исцеляет от прошлого, будит сердце от снов!

Пр. Наполняюсь я радостью от молитвы святой!
Разгорается пламенем в сердце новый огонь!
В ожидании нового растворится душа –
Словно после холодных дней вдруг приходит весна!

2. Я не знаю, где ночь живёт, но я знаю, что день
Сотворил для меня Господь, чтобы песню пропеть!
Я молюсь и Ему пою, пока солнце встаёт
Знаю – Ангел с небес придёт и любовь принесёт…";"{title: Сладостно мне встречать рассвет}
{key: Am}
{capo: +3}


[Am]1. Сладостно мне встреч[Dm]ать рассвет [E]и в мой дом приглаш[Am]ать!
Имя Господа м[Dm]оего [E]на заре восхв[Am]алять!
Откровений пот[Dm]ок течёт [F]нескончанием сл[E]ов,
Исцеляет от пр[Dm]ошлог[F]о, будит сердце от сн[E]ов!

Пр. Наполняюсь я р[Dm]адостью от мол[Am]итвы свят[E]ой![Am]
Разгорается [Dm]пламенем в сердце [Am]новый [E]огонь![Am]
В ожидании н[Dm]ового раствор[Am]ится душ[E]а [Am]–
Словно после хол[Dm]одных дней вдруг прих[Am]одит в[E]есна!

2. Я не знаю, где ночь живёт, но я знаю, что день
Сотворил для меня Господь, чтобы песню пропеть!
Я молюсь и Ему пою, пока солнце встаёт
Знаю – Ангел с небес придёт и любовь принесёт…";;;;
0507;507;Берег правый;Огненный ветер;Em;3;;4/4;;;V1 C V2;Огненный ветер (аккорды);;;;;"1. Берег правый реки большой омывается талой водой,
Берег левый у той реки – всё берёзы и сосняки…
Волны бьются, а в шуме – стон, а в церквях – колокольный звон,
Время голосом их звенит, чтоб Россию пробудить!

Пр. У России столько добрых рук,
Верой мы встаём в надёжный круг!
И молитвой будем защищать нашу Родину – Россию-мать!

2. По просторам струится свет, не боится Россия бед!
Крест спасенья Христом нам дан, а на нём след от Божьих ран.
Слово Божье здесь, на земле, пронесётся по всей стране,
И спасёт нас и исцелит,- так любовь Божья говорит.";"{title: Берег правый}
{key: Em}
{capo: +3}

[V1]
[Em]Берег правый реки большой [C]омывается талой [G]водой, [H7]
[Em]Берег левый у той реки [C]– всё берёзы и [G]сосняки… [H7]
[Am]Волны бьются, а в шуме – [H7]стон, [Am]а в церквях – колокольный [H7]звон,
[Em]Время голосом их зве[C]нит, чтоб Рос[G]сию пробу[H7]дить!

[C]
У Рос[Em]сии столько добрых [C]рук,
Верой [G]мы встаём в надёжный [H7]круг!
И мо[Em]литвой будем защи[C]щать нашу [G]Родину – Россию-[H7]мать!

[V2]
[Em]По просторам струится [C]свет, не бо[G]ится Россия [H7]бед!
[Em]Крест спасенья Христом нам [C]дан, а на [G]нём след от Божьих [H7]ран.
[Am]Слово Божье здесь, на зем[H7]ле, проне[Am]сётся по всей стра[H7]не,
[Em]И спасёт нас и исце[C]лит,- так лю[G]бовь Божья гово[H7]рит.";;;;
0508;508;Святый Господь Всемогущий!;Огненный ветер;Am;2;;4/4;;;V1 C V2;Огненный ветер (аккорды);;;;;"
1. Словно волна Слово Твоё идёт,
силой любви в море нас унесёт,
Где глубина, новый прекрасный мир, 
Где чистота истин Твоих простых!

Пр. Море любви примет любую боль,
      И исцелит, сердцу подарит соль!
       Радость и свет – парусом станут вновь!
       Это – любовь! Это Твоя любовь!   

2.Верой в любовь мы познаём Тебя! 
Только в любви счастье живёт всегда!
Вместе с Тобой мы понесём Твой крест!
Жертвой святой умер Ты и воскрес!";"{title: Словно волна}
{key: Am}
{capo: +2}


1. Сл[Am]овно волна Сл[F]ово Твоё ид[G]ёт,
с[Dm]илой любви в м[F]оре нас ун[G]есёт,
Где [Am]глубина, новый [F]прекрасный [G]мир, 
[Dm]Где чистота ист[F]ин Твоих пр[G]остых!

Пр. М[Am]оре любви пр[F]имет любую б[G]оль,
      [Am]И исцелит, с[F]ердцу подарит с[G]оль!
       Р[Dm]адость и свет – п[F]арусом станут вн[G]овь!
       [Dm]Это – любовь! [F]Это Твоя люб[G]овь!   

2.Верой в любовь мы познаём Тебя! 
Только в любви счастье живёт всегда!
Вместе с Тобой мы понесём Твой крест!
Жертвой святой умер Ты и воскрес!";;;;
0509;509;Божий Ангел в небесах;Огненный ветер;Am;3;;4/4;;;V1 V2 V3;Огненный ветер (аккорды);;;;;"
1. Словно за гранью небес солнечный лучик исчез -
И опускается ночь чёрной тьмою…
Скоро наступит тот час, всем возвестит Божий глас,
И позовёт в Небеса за Собою…

Пр. Встань, кто спит, встань скорее: будет ночь всё темнее!
       Только мы – дети света, не для нас – адский мрак!

       Бог для нас приготовил меч и щит, как для боя,

       Чтоб не смел наслаждаться клеветой Божий враг!

2. Жить не могу без любви, ею Ты благослови 
Сердце моё, чтоб пойти за Тобою!
Буду Тебя восхвалять и как солдат воевать,
Крепостью всею любить и душою!";"{title: Словно за гранью небес}
{key: Am}
{capo: +3}


1. Сл[Am]овно за гранью неб[Dm]ес с[E]олнечный лучик исч[Am]ез -
[F]И опускается [Dm]ночь чёрной тьм[Am]ою…[E]
Скоро наступит тот час, всем возвестит Божий глас,
И позовёт в Небеса за Собою…

Пр. Встань, кто сп[Am]ит, встань скор[F]ее: будет н[G]очь всё темн[Am]ее!
       Только м[F]ы – дети св[Dm]ета, не для н[F]ас – адский мр[E]ак!

       Бог для нас приготовил меч и щит, как для боя,

       Чтоб не смел наслаждаться клеветой Божий враг!

2. Жить не могу без любви, ею Ты благослови 
Сердце моё, чтоб пойти за Тобою!
Буду Тебя восхвалять и как солдат воевать,
Крепостью всею любить и душою!";;;;
0510;510;Чтоб рассказать;Огненный ветер;Am;3;;4/4;;;V1 C V2 V3;Огненный ветер (аккорды);;;;;"1. Чтоб рассказать – жизни не хватит, как я Твоё Слово люблю!
Свет от любви Твоей необъятен! Слово Твоё в сердце храню!

Пр. Там, там - небо в алмазах! Там, там - в золоте трон,
       Свет Ты дал нам, и разум! Словом мир сотворён!

2. Там, где для нас Ты приготовил на небесах обитель любви,
Буду я жить в истинном Слове вместе с Тобой вечные дни!

3. Здесь на земле мало осталось нам познавать тайны Твои!
Слава Твоя с неба спускалась, чтобы покрыть фатою любви!";"
[Am]1. Чтоб рассказать [Dm]– жизни [E]не хватит, как [Am]я Твоё С[F]лово люблю![Dm][E][Am]
Свет от любви Твоей необъятен! Слово Твоё в сердце храню!

[Am]Пр. Там, там - [F]небо в алмазах! Там, там - [G]в золоте трон,[C][E]
[F]       Свет[Dm] Ты дал нам, и разум! Словом [E]мир сотворён![Am]

2. Там, где для нас Ты приготовил на небесах обитель любви,
Буду я жить в истинном Слове вместе с Тобой вечные дни!

3. Здесь на земле мало осталось нам познавать тайны Твои!
Слава Твоя с неба спускалась, чтобы покрыть фатою любви!";;;;
0511;511;Исповедуйте Меня пред людьми;Огненный ветер;Am;2;;4/4;;;V1 C V2;Огненный ветер (аккорды);;;;;"
1. Словом Господа сотворены небеса, 
И духом уст Его - всё воинство их:
Он собрал, как груды, воды морей, 
Положил все бездны в хранилищах.

Пр. Веселятся о Нём наши сердца
       И на имя Его уповают все!
       Будут славить народы в Доме Отца, 
       Тех, кого Он избрал в наследие Себе!

2. С высоты небес призирает Господь, 
Видит Он сынов человеческих!
Он создал сердца всех живущих людей,
И вникает Он в страдания их.

3. Не спасётся царь многим воинством; 
Не защитит и сильных сила их!
Ненадежен конь для спасения! 
Уповайте все лишь на милость Его!";"{title: Словом Господа (Пс.32)}
{key: Am}
{capo: +2}


1. Словом [Am]Господ[F]а сотворен[G]ы неб[Am]еса, 
И духом [F]уст Его - всё [G]воинство [Am]их:
Он собр[Am]ал, как гр[F]уды, [G]воды мор[Am]ей, 
Полож[F]ил все бездны в хр[G]анил[Am]ищах.[G]

Пр. Весел[F]ятся о Нём [G]наши сердц[C]а
       И на [Dm]имя Его упов[Em]ают вс[Am]е!
       Будут сл[F]авить народы в Д[G]оме Отц[C]а, 
       Тех, ког[Dm]о Он избрал в насл[Em]едие Себ[Am]е!

2. С высоты небес призирает Господь, 
Видит Он сынов человеческих!
Он создал сердца всех живущих людей,
И вникает Он в страдания их.

3. Не спасётся царь многим воинством; 
Не защитит и сильных сила их!
Ненадежен конь для спасения! 
Уповайте все лишь на милость Его!";;;;
0512;512;Пламя огня, свежесть дождя;Огненный ветер;Em;3;;4/4;;;V1 C V2 B;Огненный ветер (аккорды);;;;;"Em1. Словом живым сотворил Бог в начале небо и землю,    Am                                  C                           H7Только забыли об этом люди, и стали как черви…   EmХочется им строить планы, в жалкой судьбе лишь копаться     Am                                    C                                H7Стали глаза их слепыми, свет стал от них отдаляться…
      Em2. Бог сотворил человека, дал ему землю и небо,    Am                        C                                             H7Славу Свою приготовил, но был в забвении отвергнут…   EmНебо до времени было грехом в преступленьях закрыто,        Am                                         C                                 H7Не мог человек без Иисуса сойти с планетарной орбиты…
3. Но Бог приготовил надежду, для всех, кто в тюрьме находился,Любовью святой и небесной от Бога Сын Божий родился!Он дал нам ключи жизни вечной, Он крест подарил нам и Слово!Грехи всем простил в благодати и дал нам спасенье Христово!
4. Зачем человеку свобода, если небо закрыто?Зачем человеку богатства, если совесть убита?За грешной спиной в чудном свете растаяло время проклятья!Теперь каждый может подняться к небу, к Богу и счастью… 

1 и 2  куплет: 1 муж голосприпев вместепосле 2 куплета проигрыш
2 припев + 2 посл строки + проигрыш
";"{title: Словом живым сотворил Бог}
{key: Em}
{capo: +3}

Em1. Словом живым сотворил Бог в начале небо и землю,    Am                                  C                           H7Только забыли об этом люди, и стали как черви…   EmХочется им строить планы, в жалкой судьбе лишь копаться     Am                                    C                                H7Стали глаза их слепыми, свет стал от них отдаляться…
      Em2. Бог сотворил человека, дал ему землю и небо,    Am                        C                                             H7Славу Свою приготовил, но был в забвении отвергнут…   EmНебо до времени было грехом в преступленьях закрыто,        Am                                         C                                 H7Не мог человек без Иисуса сойти с планетарной орбиты…
3. Но Бог приготовил надежду, для всех, кто в тюрьме находился,Любовью святой и небесной от Бога Сын Божий родился!Он дал нам ключи жизни вечной, Он крест подарил нам и Слово!Грехи всем простил в благодати и дал нам спасенье Христово!
4. Зачем человеку свобода, если небо закрыто?Зачем человеку богатства, если совесть убита?За грешной спиной в чудном свете растаяло время проклятья!Теперь каждый может подняться к небу, к Богу и счастью… 

[Em]1 и [Am]2  к[C]упл[H7]ет: 1 [Em]муж [Am]гол[C]о[H7]сприпев вместепосле 2 куплета проигрыш
2 припев + 2 посл строки + проигрыш
";;;;
0513;513;Ты – Святый!;Огненный ветер;F;3;;4/4;;;V1 V2 V3 V4 V5;Огненный ветер (аккорды);;;;;"Ты – Святый! – 2 р. Ты живёшь среди славословий!

1. На Тебя уповали отцы и к Тебе взывали они,
На тебя уповали они, Ты спасал их от страшной беды!
Ты – Святый! – 2р.

2. Я как червь, а не как человек, в поношении я у людей,
Все, кто видит, ругаются мне и кивают своей головой,
Но Ты – Святый! – 2р.

3. От утробы оставлен был я, Ты вложил упование в меня!
Ты, мой Бог, не отринешь меня, скорбь близка, а помощника нет,
Но Ты – Святый!- 2р.

4. Тает сердце моё словно воск, Мои кости рассыпались в прах,
я пролился водою пред Тобой, делят ризы мои меж собой,
Но Ты – Святый! – 2р.

5. Но ты сила и слава моя! Восхваляют народы Тебя!
Обратятся к тебе племена, чтобы славить и славить Тебя:
«Ты – Святый!» – 4р.";"
[F]Ты – Святы[G]й! – 2 р. Ты живёшь сре[F]ди славословий![G][Am]

[Am]1. На Те[G]бя уповали [Am]отцы и к Те[F]бе взывали[G] они,[Am]
[Dm]На те[Em]бя уповал[Am-F]и они, Ты сп[Dm]асал их от страш[Em]ной беды![Am]
[F]Ты – Святы[G]й! – 2р.

2. Я как червь, а не как человек, в поношении я у людей,
Все, кто видит, ругаются мне и кивают своей головой,
Но Ты – Святый! – 2р.

3. От утробы оставлен был я, Ты вложил упование в меня!
Ты, мой Бог, не отринешь меня, скорбь близка, а помощника нет,
Но Ты – Святый!- 2р.

4. Тает сердце моё словно воск, Мои кости рассыпались в прах,
я пролился водою пред Тобой, делят ризы мои меж собой,
Но Ты – Святый! – 2р.

5. Но ты сила и слава моя! Восхваляют народы Тебя!
Обратятся к тебе племена, чтобы славить и славить Тебя:
«Ты – Святый!» – 4р.
";;;;
0514;514;Пусть же лобзает Он меня нежно!;Огненный ветер;Am;3;;4/4;;;V1 C V2 V3;Огненный ветер (аккорды);;;;;"
1. Слушай, север и юг! Слушай, запад, восток!
Слушай! Слушай меня, земля!
Скоро, скоро рассвет! Солнце правды взойдёт!
Скоро, скоро Иисус грядёт!

Пр. Славьте, славьте Христа! Славьте, славьте Его!
      Славьте, славьте Христа! Славьте Его Любовь!
      Славьте, славьте Христа! Славьте, славьте Его!
      Славьте, славьте Христа! Славьте Любовь!


2. Песню радости ждут те, кто в битве встают
Против смерти по всей земле!
Реет цвета крови знамя Божьей любви!
Слово Божье огнём горит!

3. Небо в сердце поёт, танцы славят любовь!
Славой земли наполнятся!
Светом сменится тьма! Будет снова земля 
Славу радостно петь Тебе!";"{title: Слушай, север и юг!}
{key: Am}
{capo: +3}


1. Сл[Am]ушай, [G]север и юг! [Am]Слушай, [G]запад, восток!
Сл[F]ушай! [G]Слушай меня, [Am]земля![G]
Ск[Am]оро, ск[G]оро рассвет! С[Am]олнце пр[G]авды взойдёт!
Ск[F]оро, [G]скоро Иисус [Am]грядёт![G]

Пр. Сл[Am]авьте, сл[G]авьте Христа! Сл[F]авьте, сл[G]авьте Его!
      Сл[Am]авьте, сл[G]авьте Христа! Сл[F]авьте [Em]Его Люб[Am]овь![G]
      Сл[Am]авьте, сл[G]авьте Христа! Сл[F]авьте, сл[G]авьте Его!
      Сл[Am]авьте, сл[G]авьте Христа! Сл[F]ав[Em]ьте Люб[Am]овь![E]


2. Песню радости ждут те, кто в битве встают
Против смерти по всей земле!
Реет цвета крови знамя Божьей любви!
Слово Божье огнём горит!

3. Небо в сердце поёт, танцы славят любовь!
Славой земли наполнятся!
Светом сменится тьма! Будет снова земля 
Славу радостно петь Тебе!";;;;
0515;515;Мой рассказ я начну;Огненный ветер;Am;3;;4/4;;;V1 C V2 C;Огненный ветер (аккорды);;;;;"
1. Слушай, земля, Слово с небес! 
Божьи дожди ты принимай!
Столько в тебе грешных сердец 
будут решать – ад или рай?

Пр. Только смотри – не обожгись
 в море огня, в море греха!
 Капли дождя падают вниз, 
 слово любви держит тебя…

2. Божьи пути – не наши пути, 
святость Его белее снегов!
Можешь принять, можешь уйти, 
но не ропщи на Него!

";"{title: Слушай, земля}
{key: Am}
{capo: +3}


1. Сл[Am]ушай, земля, Сл[G]ово с небес! 
Б[Dm]ожьи дожди т[E]ы принимай!
Ст[Am]олько в тебе гр[G]ешных сердец 
б[Dm]удут решать – [F]ад или р[E]ай?

Пр. Т[Am]олько смотри – [G]не обожгись
 в м[F]оре огня, в [G]море грех[Am]а!
 Капли дождя падают вниз, 
 слово любви держит тебя…

2. Божьи пути – не наши пути, 
святость Его белее снегов!
Можешь принять, можешь уйти, 
но не ропщи на Него!

";;;;
0516;516;Церкви из роз;Огненный ветер;Am;3;;4/4;;;V1 C V2 B;Огненный ветер (аккорды);;;;;"1. Церкви из роз подарю букет!
С ней я не расстанусь! Нет, нет, нет!
В церковь Христа позвала любовь!
За неё Господь пролил Свою кровь!

Пр. Дом спасения - церковь моя!
       Дом спасения - храм из огня!
       Дух Святой, сойди на меня
       В этот день любви – День спасения!

2 вариант:
       С днём рождения, церковь моя!
       С днём рождения, храм из огня!
       Дух Святой, сойди на меня
       В этот день любви – День Рождения!

2. Ты воскрес, чтобы жили мы!
Подарил нам Церковь на крови!
В ней  живут, дышат и поют лишь хвалу!
Тебе славу воздают!

Бр. Буду вечно жить! И Тебе служить!
Восхвалять всегда, ожидать Тебя!";"
[Am]1. Церкви из роз подарю букет!
[F]С ней я не расстанусь! Нет, нет, [Dm]нет![E][Am]
В церковь Христа позвала любовь!
За неё Господь пролил Свою кровь!

[C]Пр. Дом спасения - церковь моя!
[F]       Дом спа[Dm]сения - хра[E]м из огня!
       Дух Святой, сойди на меня
       В этот день любви – День спасения!

2 вариант:
       С днём рождения, церковь моя!
       С днём рождения, храм из огня!
       Дух Святой, сойди на меня
       В этот день любви – День Рождения!

2. Ты воскрес, чтобы жили мы!
Подарил нам Церковь на крови!
В ней  живут, дышат и поют лишь хвалу!
Тебе славу воздают!

Бр. Буду вечно жить! И Тебе служить!
Восхвалять всегда, ожидать Тебя!";;;;
0517;517;Душа моя безродная (+2/+4);Огненный ветер;Am;3;;4/4;;;V1 V2 V3;Огненный ветер (аккорды);;;;;"

1. Слушай, небо и земля, говорить вам буду я:
Будет речь моя росой, ливнем летним над травой.
Буду Бога прославлять, Ему славу воздавать!
Он – твердыня и скала! Слушай, небо и земля!

Пр. Наши все дела надменны, 
       А у Бога – совершенны!
       Так давайте вместе скажем: 
      «Нет неправды в Боге нашем!»

2. Мы имеем дух Христов! Нет других у нас богов! 
В озлоблении врагов Наш Заступник не таков,
Смерть и жизнь в руке Его, а отмщенье велико!
Изостряет Он Свой меч, говорит: «Живу вовек!»
";"{title: Слушай небо и земля! (Вт.32)}
{key: Am}
{capo: +3}



1. Сл[Am]ушай, небо и земля, г[Dm]оворить вам б[E]уду [Am]я:
Б[F]удет речь моя росой, л[Dm]ивнем летним н[E]ад трав[Am]ой.
Б[Dm]уду Бога пр[E]ославлять, [Am]Ему сл[G]аву в[F]оздавать!
[Dm]Он – твердыня [F]и скала! [Dm]Слушай, небо [E]и земля!

Пр. Н[Dm]аши все дел[E]а надменны, 
       [F]А у Бога – с[E]овершенны!
       Т[Dm]ак давайте вм[F]есте скажем: 
      «Н[E]ет неправды в Боге нашем!»

2. Мы имеем дух Христов! Нет других у нас богов! 
В озлоблении врагов Наш Заступник не таков,
Смерть и жизнь в руке Его, а отмщенье велико!
Изостряет Он Свой меч, говорит: «Живу вовек!»
";;;;
0518;518;После дождя;Огненный ветер;Am;3;;4/4;;;V1 C V2 B;Огненный ветер (аккорды);;;;;"

1. Слышать голос Ангелов, Божье откровение
Нам дано от Господа святостью Его!
Это Божья музыка! Это вдохновение!
И в сердца разлитое терпкое вино!

Пр. Терпкое, терпкое, терпкое вино!
       Терпкое, терпкое, терпкое вино! – 2p.

2. Слушать Слово Господа, Им произнесённое,
Это как дыхание, это как полёт!
Срочное послание, кровью опалённое
Слушать очень сладостно! Сладостно, как мёд!

Пр. Сладостно, сладостно, сладостно, как мёд!

3. Танцевать пред Господом вместе очень весело,
В хороводах с братьями радостно плясать!
Реками и водами полными и светлыми
Душу посвящённую песней наполнять!

Пр. Песнею, песнею, песней наполнять!
";"{title: Слышать голос Ангелов}
{key: Am}
{capo: +3}



1. Сл[Am]ышать голос [Dm]Ангелов, Б[E]ожье откров[Am]ение
[Am]Нам дано от [Dm]Господа [E]святостью [Am]Его![E]
[Am]Это Божья м[Dm]узыка! [E]Это вдохнов[Am]ение!
[F]И в сердца разл[Dm]итое т[E]ерпкое в[Am]ино!

Пр. Т[Am]ерпкое, т[Dm]ерпкое, т[E]ерпкое в[Am]ино!
       Т[F]ерпкое, т[Dm]ерпкое, т[E]ерпкое вин[Am]о! – 2p.

2. Слушать Слово Господа, Им произнесённое,
Это как дыхание, это как полёт!
Срочное послание, кровью опалённое
Слушать очень сладостно! Сладостно, как мёд!

Пр. Сладостно, сладостно, сладостно, как мёд!

3. Танцевать пред Господом вместе очень весело,
В хороводах с братьями радостно плясать!
Реками и водами полными и светлыми
Душу посвящённую песней наполнять!

Пр. Песнею, песнею, песней наполнять!
";;;;
0519;519;Иисус! Слышу голос Твой!;Огненный ветер;Am;0;;4/4;;;V1 C V2;Огненный ветер (аккорды);;;;;"
1. Слышим Божий глас, с неба глас: 
Кто не против вас, тот за вас!
Вы Христа сыны, вы – Мои! 
Для служения рождены!

Пр. Мы творим чудеса, чудеса, чудеса!
       Именем Иисуса, именем Христа!

2. Чудо для людей мы несём! 
И в служении мы растём!
Слово говорим о любви! 
О кресте поём и крови!

3. Напоить водой так легко! 
Ждёт награда всех высоко!
Хочешь первым быть, так служи! 
Истиной Христа дорожи!

вступление по куплету";"{title: Слышим Божий глас}
{key: Am}
{capo: +0}


1. Сл[Am]ышим Божий глас, с неба гл[C]ас: 
Кто не против [Dm]вас, тот за [E]вас!
В[Am]ы Христа сыны, вы – Мо[C]и! 
Для служен[Dm]ия рожден[E]ы!

Пр. М[Am]ы творим чудеса, ч[F]удеса, чудеса!
       [Dm]Именем Иисуса, [F]именем Христ[E]а!

2. Чудо для людей мы несём! 
И в служении мы растём!
Слово говорим о любви! 
О кресте поём и крови!

3. Напоить водой так легко! 
Ждёт награда всех высоко!
Хочешь первым быть, так служи! 
Истиной Христа дорожи!

вступление по куплету";;;;
0520;520;Любовь, как в небе солнце;Огненный ветер;Em;3;;4/4;;;V1 C V2;Огненный ветер (аккорды);;;;;"
1. Смело шагаем, провозглашая Божью победу и жизнь!
В ней мы окрепли, стали святыми, на небеса поднялись!
Только в единстве – сила любви, 
В нашем спасении – сила крови!
Свет изливают нам небеса, Слово от Бога – словно роса!

Пр. Будем любить, будем служить, Господу верными быть!
       А в небесах Божья весна будет нам солнце дарить!

2. Только не падай на поле битвы, чтоб умереть и не встать!
Бог поднимает и обновляет, чтобы ты мог восхвалять!
Пой, когда трудно петь и любить, 
И невозможно в силе служить!
Церковь живая есть у тебя! Слово от Бога – помощь твоя!

";"{title: Смело шагаем}
{key: Em}
{capo: +3}


1. См[Em]ело шагаем, провозглашая Б[Am]ожью победу и ж[H7]изнь!
В н[Em]ей мы окрепли, стали святыми, [Am]на небеса поднял[H7]ись!
Т[Am]олько в единстве – с[H7]ила любви, 
В [Am]нашем спасении – с[H7]ила крови!
Св[Em]ет излив[C]ают [Am]нам неб[H7]еса, Сл[Am]ово от Бога – сл[H7]овно роса!

Пр. Б[Em]удем любить, будем служить, Г[Am]осподу верными б[H7]ыть!
       [Em]А в небесах Б[C]ожья весна б[Am]удет нам с[H7]олнце дар[Em]ить![H7]

2. Только не падай на поле битвы, чтоб умереть и не встать!
Бог поднимает и обновляет, чтобы ты мог восхвалять!
Пой, когда трудно петь и любить, 
И невозможно в силе служить!
Церковь живая есть у тебя! Слово от Бога – помощь твоя!

";;;;
0521;521;Если завтра будет завтра;Огненный ветер;Em;2;;4/4;;;V1 C V2 V3;Огненный ветер (аккорды);;;;;"
1. Смерти в лицо смеяться         может лишь Бог!
А мне бы не ошибаться        кто бы помог?
Верить врагу, как другу,         может лишь тот,
Кто ослеплённым ходит         в мире врагов!

Пр. Не унывай! Не унывай! 
       На грани сил       придёт победа!
       Не унывай! Не унывай! 
       Взяв крест любви,      за Богом следуй!

2. Как рисовать на карте розу ветров,
Если ветра сменились для дураков?
Если дорог не стало? Сны утекли? 
Если осталось мало сил для войны?

3. Как позабыть, что были светлые дни?
Если покрыты краской чёрной они?
Если рукою друга, предан шутя,
И в один миг чужими стали друзья!";"{title: Смерти в лицо смеяться}
{key: Em}
{capo: +2}


1. [Em]Смерти в лицо см[H7]еятьс[Am]я         может лишь [H7]Бог!
А мн[C]е бы не ошиб[H7]атьс[Am]я        кто бы пом[H7]ог?
[Em]Верить врагу, как др[H7]угу,  [Am]       может лишь т[H7]от,
Кт[C]о ослеплённым [H7]ход[Am]ит         [H7]в мире вр[Em]агов![H7]

Пр. Не уныв[Em]ай! Не ун[Am]ывай! 
       На грани [C]сил[H7]       придёт п[Em]обеда![H7]
       Не уныв[Em]ай! Не уныв[Am]ай! 
       Взяв крест любв[C]и,      [H7]за Богом [Em]следуй![H7]

2. Как рисовать на карте розу ветров,
Если ветра сменились для дураков?
Если дорог не стало? Сны утекли? 
Если осталось мало сил для войны?

3. Как позабыть, что были светлые дни?
Если покрыты краской чёрной они?
Если рукою друга, предан шутя,
И в один миг чужими стали друзья!";;;;
0522;522;Иисус – наш Бог и наш пророк! (Ис. 62);Огненный ветер;Am;3;;4/4;;;V1 C V2;Огненный ветер (аккорды);;;;;"
1. Смерть и жизнь на весах моего языка, 
А любовь в небесах       высока-высока!
Пусть нелегким опять мне покажется бой!
Не хочу проиграть       снова в битве с собой!

Пр. Перестань умирать и начни оживать, 
       Пусть молитва твоя        станет флагом опять!
       Пусть молитва зажжёт в сердце жаркий огонь,
       Понесёт тебя вскачь,       словно конь вороной!

2. Я взлетаю, когда Бог приходит ко мне!
Я хочу побеждать и молиться в огне!
Я не буду смотреть на того, кто внизу!
Да, я буду гореть! И уже не умру!
";"{title: Смерть и жизнь на весах моего языка}
{key: Am}
{capo: +3}


[Am]1. Смерть и жизнь на вес[Dm]ах моего язык[E]а, 
А любовь в небес[Dm]ах       [E]высока-выс[Am]ока!
[Am]Пусть нелегким оп[Dm]ять мне покажется б[E]ой!
Не хочу проигр[Dm]ать       [E]снова в битве с соб[Am]ой!

[Am]Пр. Перестань умир[Dm]ать и начни ожив[Am]ать, 
       Пусть молитва тв[Dm]оя        [E]станет флагом [Am]опять!
       [Am]Пусть молитва зажж[Dm]ёт в сердце жаркий ог[Am]онь,
       Понесёт тебя вск[Dm]ачь,       [E]словно конь ворон[Am]ой!

2. Я взлетаю, когда Бог приходит ко мне!
Я хочу побеждать и молиться в огне!
Я не буду смотреть на того, кто внизу!
Да, я буду гореть! И уже не умру!
";;;;
0523;523;Если устанешь;Огненный ветер;Am;5;;4/4;;;V1 C V2;Огненный ветер (аккорды);;;;;"
1.C миром хочу проститься, с Небом соединиться,
Чтобы облечься свыше     даром Твоей любви!
Это совсем несложно, - всё позабыть, что ложно!
И разорвать все цепи     бывшей златой тюрьмы!

Пр. Освободись!     И сбрось раба одежды! 
       Освободись!      Себе я говорю!
       Любви хочу     и обрести надежду     я так хочу! 
       Я так хочу!

2.Мне бы смириться раньше под Твою руку силы!
Крепкую руку Божью милости для меня!
С Неба пришло спасение, сердце освободило!
В свете Твоей свободы я познаю Тебя!";"{title: С миром хочу проститься}
{key: Am}
{capo: +5}


[Am]1.C м[Dm]иром хочу [E]прост[Am]иться, с [Dm]Небом соед[E]ин[Am]иться,
Чт[Dm]обы обл[G]ечься св[C]ыш[F]е     [Dm]даром Тво[F]ей любв[E]и!
[Dm]Это совс[E]ем несл[Am]ожно, - [Dm]всё позаб[E]ыть, что [Am]ложно!
[Dm]И разорв[G]ать все [C]цеп[F]и     [Dm]бывшей злат[F]ой тюрьм[E]ы!

Пр. Осв[Dm]ободись!     [E]И сбрось раба од[Am]ежды! 
       Осв[Dm]ободись!      [F]Себе я [Dm]говор[E]ю!
       Любв[Dm]и хочу     [E]и обрести над[Am]ежду     [F]я [Dm]так хочу! 
       Я так хоч[E]у!

2.Мне бы смириться раньше под Твою руку силы!
Крепкую руку Божью милости для меня!
С Неба пришло спасение, сердце освободило!
В свете Твоей свободы я познаю Тебя!";;;;
0524;524;О, Иисус, голос Твой;Огненный ветер;Em;2;;4/4;;;V1 C V2 C B;Огненный ветер (аккорды);;;;;"
1.С неба дождь, с неба снег покрывает страшный грех,
Что живёт на земле и приносит боль тебе!
А дома всё молчат и отчаяние хранят
Манекенов-людей в череде печальных дней!

  Пр. Сердце бьётся с ладонь, но внутри него – огонь, 
         Чтоб разжечь ту любовь, что Спаситель нам принёс! 
         Разорви тишину! Принеси свой крик тому,       
         Кто устал от греха, кто испил его до дна!

2. На другой стороне светофоры шлют тебе
Свой сигнал, краткий SOS, словно гром весенних гроз!
Это Бог говорит, - в сердце колокол звенит,
Чтобы ты не молчал, о спасении кричал!";"{title: С неба дождь}
{key: Em}
{capo: +2}


1.С неба [Em]дождь, с неба [Am]снег покрыв[G]ает страшный [H7]грех,
Что жив[Em]ёт на з[Am]емле и прин[G]осит боль т[H7]ебе!
А д[Em]ома всё молч[Am]ат и отч[G]аяние хр[H7]анят
Манек[Am]енов-люд[C]ей в черед[H7]е печальных [Em]дней!

  Пр. Сердце [Em]бьётся с л[Am]адонь, но внутр[G]и него – [H7]огонь, 
         Чтоб разж[Em]ечь ту люб[Am]овь, что Спас[G]итель нам прин[H7]ёс! 
         Разорв[Em]и тиш[Am]ину! Прин[G]еси свой крик т[H7]ому,       
         Кто уст[Em]ал от гр[Am]еха, кто исп[H7]ил его до [Em]дна!

2. На другой стороне светофоры шлют тебе
Свой сигнал, краткий SOS, словно гром весенних гроз!
Это Бог говорит, - в сердце колокол звенит,
Чтобы ты не молчал, о спасении кричал!";;;;
0525;525;Предо мною узкие пути;Огненный ветер;Am;1;;4/4;;;V1 C V2 B;Огненный ветер (аккорды);;;;;"
С Неба послан Божий Ангел, 
Весть благую всем принёс,
Что родится мой Спаситель, 
За грехи мои умрёт!

Пр. Дай- дари-да! Дари-да! Дари-дари!
       Дай-дари-да! Дари-да!

2.Крест Его и Божья сила 
Мне спасение несёт!
Разрывая цепи мира, 
Простираюсь я вперёд!

3.Славой Божьей наполняясь, 
Поднимаюсь над землёй!
Перед троном, поклоняясь, 
Говорю: «Спаситель мой!»

4.Стану голосом я Божьим, 
Вместе с Ангелом пойду!
О Твоей любви бесценной
Всем народам расскажу!";"{title: С Неба послан Божий Ангел}
{key: Am}
{capo: +1}


С Неба [Am]послан [G]Божий [F]Анг[E]ел, 
Весть благую всем принёс,
Что родится мой Спаситель, 
За грехи мои умрёт!

Пр. [Am]Дай- дари-д[G]а! Дари-д[F]а! Дари-д[E]ари!
       [Am]Дай-дари-д[G]а! Дар[Am]и-да!

2.Крест Его и Божья сила 
Мне спасение несёт!
Разрывая цепи мира, 
Простираюсь я вперёд!

3.Славой Божьей наполняясь, 
Поднимаюсь над землёй!
Перед троном, поклоняясь, 
Говорю: «Спаситель мой!»

4.Стану голосом я Божьим, 
Вместе с Ангелом пойду!
О Твоей любви бесценной
Всем народам расскажу!";;;;
0526;526;Я люблю тебя;Огненный ветер;Em;3;;4/4;;;V1 C V2;Огненный ветер (аккорды);;;;;"1.Я люблю тебя, моя родная!
Я люблю! Ну что ещё сказать?
Чтобы жить, невзгод не замечая,
Я хочу тебе себя отдать!

Пр. Ты не бойся, ты не бойся,
       Дорогой мой человек!
       Сам Иисус надел нам кольца
       Не на месяц, а навек!

2. Я люблю тебя, мой самый милый!
Я люблю! Ну что ещё сказать?
И Сам Бог как будто дал мне крылья,
Чтобы я могла с тобой летать!";"
[Em]1.Я люблю тебя, моя родна[Am]я!
[H7]Я люблю! Ну что ещё сказать?[Em][H7]
[Em]Чтобы жить, невзгод не замечая,[Am]
[C]Я хочу тебе себя отдать![H7]

[Em]Пр. Ты не бойся, ты[Am] не бойся,
[D]       Дорогой мой ч[Dm]елов[E]ек!
[Am]       Сам Иисус над[Em]ел нам кольца
[C]       Не на ме[H7(Em)]сяц, а навек!

2. Я люблю тебя, мой самый милый!
Я люблю! Ну что ещё сказать?
И Сам Бог как будто дал мне крылья,
Чтобы я могла с тобой летать!";;;;
0527;527;Ты царь наш! (Пс.44);Огненный ветер;Am;3;;4/4;;;V1 C V2 V3;Огненный ветер (аккорды);;;;;"1. Ты царь наш! Красотой Своей
Затмил весь мир в сиянии огней!
И с неба Бог Тебе даёт елей, -
Он радости струящийся ручей!

Пр. С весельем мы пойдём, наш Бог,
       И с ликованием войдём в чертог!
       Твоей любовью будем  преисполнены!
       Стоять мы будем пред Тобой в офирском золоте!

2.Ты препоясан по бедру мечом!
Ты Сильный царь, Тебе хвалу поём!
Благое слово – есть хвала любви,
Вся слава царская внутри!

3. Невеста-церковь для Христа
Тобой омыта и как снег чиста!
Господь Твой, - Царь Твой и Супруг!
Навеки Он – любимый Друг!";"
[Am]1. Ты царь наш![Dm] Красотой Своей[G]
[F]Затмил весь мир в сиянии огней![G][Am]
И с неба Бог Тебе даёт елей, -
Он радости струящийся ручей!

[F]Пр. С весельем мы пойдём,[E] наш Бог,[Am]
[F]       И с ли[E]кованием войдём в чертог![Am]
[Dm]       Твоей любовью [G]будем  преисполнены![C][F]
[Dm]       Стоять мы буд[E]ем пред Тобой в офирском [Am]золоте!

2.Ты препоясан по бедру мечом!
Ты Сильный царь, Тебе хвалу поём!
Благое слово – есть хвала любви,
Вся слава царская внутри!

3. Невеста-церковь для Христа
Тобой омыта и как снег чиста!
Господь Твой, - Царь Твой и Супруг!
Навеки Он – любимый Друг!";;;;
0528;528;Попадая прямо в цель;Огненный ветер;Am;3;;4/4;;;V1 C V2;Огненный ветер (аккорды);;;;;"
1. Снова кружится хоровод! Снова душа моя поёт
Песню, согретую огнём! Я оживаю только в нём!


Пр. Ла-ла-ла-ла-ла….Am C Dm Em Am F Dm G Em Am

2. Я удивляюсь вновь и вновь, как пишет музыку любовь,
Песни мотив совсем простой, чтобы мне петь её с тобой!

3. Не оставайся в стороне! Лучше танцуй со мной в огне!
Будем Иисуса восхвалять! Бога всем сердцем прославлять!";"{title: Снова кружится хоровод}
{key: Am}
{capo: +3}


[Am]1. Снова кружится [C]хоров[Dm]од! Снов[Em]а душа [Am]моя поёт
П[F]есню, согретую огн[Dm]ём! [G]Я ожив[Em]аю только в [Am]нём!


Пр. Ла-ла-ла-ла-ла….Am C Dm Em Am F Dm G Em Am

2. Я удивляюсь вновь и вновь, как пишет музыку любовь,
Песни мотив совсем простой, чтобы мне петь её с тобой!

3. Не оставайся в стороне! Лучше танцуй со мной в огне!
Будем Иисуса восхвалять! Бога всем сердцем прославлять!";;;;
0529;529;Слушай, земля;Огненный ветер;Am;3;;4/4;;;V1 C V2;Огненный ветер (аккорды);;;;;"
1. Снова слышу я голос Твой! 
Он звучит, как морской прибой!
В сердце он говорит, песней нежной звучит!
Я люблю вместе петь с Тобой!
В сердце он говорит, песней нежной звучит!
Я люблю вместе петь с Тобой!

 Пр. Морской волной исчезает из сердца боль!
        А над землёй я лечу в облаках с Тобой!
        Морской    волной исчезает из сердца боль!
        А над    землёй   я лечу в облаках с Тобой!

2. Перестану смотреть назад! 
Будет снова светиться взгляд!
Улыбнусь и скажу: «Лишь Тобой  я живу! 
Лишь Тобой я дышу, Иисус!»";"{title: Снова слышу}
{key: Am}
{capo: +3}


1. Снова [Am]слышу я г[E]олос Тв[Am]ой! 
Он звуч[Dm]ит, как морск[E]ой приб[Am]ой!
В сердце [Dm]он говорит, песней [Am]нежной звучит!
Я любл[E]ю вместе петь с Тоб[Am]ой!
В сердце [Dm]он говор[G]ит, песней н[C]ежной звуч[F]ит!
Я любл[Dm]ю вместе п[E]еть с Тоб[Am]ой!

 Пр. Морск[Dm]ой волн[Am]ой исчез[E]ает из сердца б[Am]оль!
        А [Dm]над земл[Am]ёй я леч[E]у в облаках с Тоб[Am]ой!
        Морск[DmG]ой    волн[C]ой [F]исч[Dm]езает из с[E]ердца [Am]боль!
        А [Dm]над    [G]земл[C]ёй   [F]я леч[Dm]у в облак[E]ах с Тоб[Am]ой!

2. Перестану смотреть назад! 
Будет снова светиться взгляд!
Улыбнусь и скажу: «Лишь Тобой  я живу! 
Лишь Тобой я дышу, Иисус!»";;;;
0530;530;Ангел мой;Огненный ветер;Am;3;;4/4;;;V1 C V2 C V1;Огненный ветер (аккорды);;;;;"
1. Сны мои словно болью окутаны…
Мысли все в голове перепутаны…
И опоры, как пьяный, качаются! 
Сохрани меня, Бог, от отчаяния!
Под ногами не чувствую твёрдости! 
Слёзы высохли все до чёрствости…
Видно, жизнь не такая уж белая! 
Сохрани меня, Бог, от неверия!

Пр. Как увидеть и понять?         Как в полёте не упасть?
       Как все силы сохранить?         Как поверить и любить?

2. Крылья сняты и в угол поставлены!
В никуда все признания отправлены!
Песни стёрлись на грани рыдания! 
Сохрани меня, Бог, от молчания! 
Слов несказанных рвётся мелодия,
Но приходит поток света Божьего!
И Любовью вдруг всё озаряется! 
Сердце Богом моим наполняется!

Пр. Так приходит Твой ответ! Так врывается рассвет       
       Новой жизни и огня! Мой Господь, люблю Тебя!
";"{title: Сны мои словно болью окутаны}
{key: Am}
{capo: +3}


1. Сны м[Am]ои словно болью [Dm]окутаны…
Мысли вс[E]е в голове переп[Am]утаны…
И оп[F]оры, как пьяный, к[Dm]ачаются! 
Сохран[Dm]и меня, Бог, от отч[E]аяния!
Под ног[Gm]ами не [A7]чувствую [Dm]твёрдости! 
Слёзы в[G]ысохли все до ч[C]ёрствости…
Видно, ж[F]изнь не такая уж [Dm]белая! 
Сохр[Dm]ани меня, Бог, от нев[E]ерия!

Пр. [Am]Как ув[F]идеть [Dm]и пон[E]ять? [Am]        Как в пол[F]ёте не [Dm]упасть?[E]
       [Am]Как все с[F]илы [Dm]сохран[E]ить? [Am]        Как пов[F]ерить и л[Dm]юбить?

2. Крылья сняты и в угол поставлены!
В никуда все признания отправлены!
Песни стёрлись на грани рыдания! 
Сохрани меня, Бог, от молчания! 
Слов несказанных рвётся мелодия,
Но приходит поток света Божьего!
И Любовью вдруг всё озаряется! 
Сердце Богом моим наполняется!

Пр. Так приходит Твой ответ! Так врывается рассвет       
       Новой жизни и огня! Мой Господь, люблю Тебя!
";;;;
0531;531;Я Тебя, мой Бог, благодарю!;Огненный ветер;Am;3;;4/4;;;V1 C V2;Огненный ветер (аккорды);;;;;"1. Я Тебя, мой Бог, благодарю
За любовь и истину Твою,
За слова истории простой,
И за то, что Ты всегда со мной!

Пр. Благодарю, благодарю, Тебя, мой Бог!
       Благодарю, благодарю за всё!
       Как много у меня путей, дорог,
       И я пройду их все! С Тобой пройду!

2. Я Тебя, мой Бог Иисус, люблю!
Лишь Тебе хвалу всегда пою!
Ты Один достоин славы всей,
А она есть ключ от всех дверей!
Всегда радуйтесь! Непрестанно молитесь!C                                Am                         FЗа всё благодарите! Ибо такова о вас воля Божья         G                       Eво Христе Иисусе, Господе нашем!";"
[Am]1. Я Тебя, мой Бог, благодарю[Dm]
[F]За любов[Dm]ь и истину Твою,[E]
За слова истории простой,
И за то, что Ты всегда со мной!

[F]Пр. Благодарю, бла[G]годарю, Тебя, мой [E]Бог!
[F]       Благодарю, [G]благодарю за всё![C]
[F]       Как мно[G]го у мен[E]я путей, дорог,
[F]       И я пройду их вс[G]е! С Тобой про[E]йду!

2. Я Тебя, мой Бог Иисус, люблю!
Лишь Тебе хвалу всегда пою!
Ты Один достоин славы всей,
А она есть ключ от всех дверей!
[F]Всегда радуйтесь! Непрестанно мол[G]итесь!C                                Am                         FЗа всё благодарите! Ибо такова о вас воля Божья         G                       Eво Христе Иисусе, Господе нашем!";;;;
0532;532;Не дано предугадать;Огненный ветер;Am;2;;4/4;;;V1 C V2 B;Огненный ветер (аккорды);;;;;"
1. Сокровища сокрытые все ищут на земле!
Но только в новом сердце мой Господь открылся мне!
На перекрёстке встретились мы с Богом дорогим! 
Он предложил взять крест мне и последовать за Ним!

Пр.  О,   золото, огнём очищено! 
        Даром стала мне вера моя!
        Путь жизненный стал выстланным
        Чистым золотом, огнём горя!

2. Пусть испытает Бог меня, я выйду чище злата!
Теперь не драгоценностями жизнь моя богата!
Исполнить волю Господа – мне стало очень важно!
Пусть к Небесам теперь летит журавлик мой бумажный!";"{title: Сокровища сокрытые}
{key: Am}
{capo: +2}


1. Сокр[Am]овища сокр[Dm]ытые все [E]ищут на земл[Am]е!
Но [F]только в новом [Dm]сердце мой Госп[E]одь открылся [Am]мне!
На перекрёстке встретились мы с Богом дорогим! 
Он предложил взять крест мне и последовать за Ним!

Пр.  [Am]О,   [G]золото, огн[F]ём оч[E]ищено! 
        [Am]Даром [G]стала мне [F]вера м[E]оя!
        [Am]Путь ж[G]изненный ст[F]ал [E]выстланным
        [Am]Чистым [G]золотом, огн[F]ём гор[E]я!

2. Пусть испытает Бог меня, я выйду чище злата!
Теперь не драгоценностями жизнь моя богата!
Исполнить волю Господа – мне стало очень важно!
Пусть к Небесам теперь летит журавлик мой бумажный!";;;;
0533;533;Там, где Я!;Огненный ветер;Am;3;;4/4;;;V1 V2 V3;Огненный ветер (аккорды);;;;;"1.Там, где Я, - и слуга Мой будет!
Там, где Я, - вечность нас рассудит!
Там, где Я – там, всегда весна!
Там, где Я, там, где Я!

Пр: Не собирай сокровищ на земле!
Лучше будь   слугою Мне!
       Не умрёт, кто умер, как зерно:
во сто крат даёт плода оно!

2. Кто со Мной – тот всегда в огне!
Он и в шторм ходит по воде!
И со Мной будет собирать,
там, где Я! Там, где Я!

3. Тот Мне брат, и сестра, и мать –
волю кто будет исполнять
Моего вечного Отца в небесах, в небесах!";"
[Am]1.Там, где Я, - [Dm]и слуга Мой будет![E]
[Am]Там, где Я,[F] - вечн[Dm]ость нас расс[E]удит![Am]
[Dm]Там, где Я [G]– там[F], всегда весна![E]
[Am]Там, где Я,[Dm] та[F]м, где Я![E]

[Dm]Пр: Не со[F]бирай сокровищ на земле[E]!
[Dm]Луч[F]ше будь   слуг[E]ою Мне!
[Dm]       Н[G]е умрёт, кто умер, как [E]зерно:
[F]во сто [Dm]крат даёт плод[E]а оно!

2. Кто со Мной – тот всегда в огне!
Он и в шторм ходит по воде!
И со Мной будет собирать,
там, где Я! Там, где Я!

3. Тот Мне брат, и сестра, и мать –
волю кто будет исполнять
Моего вечного Отца в небесах, в небесах!";;;;
0534;534;Далеко-далёко (+2?);Огненный ветер;Am;3;;4/4;;;V1 V2 V3 V4;Огненный ветер (аккорды);;;;;"
1.Сомнения опутали стеной меня,
Мне не вздохнуть и не достать рукой Тебя!
И свет свечи становится всё холодней!
И грех зовёт, как голос вьюг последних дней…

Пр. Опять кричу я Богу: «Помоги!» 
       И в кровь сбиваю в битве кулаки…
       Опять с любовью борется душа,
       Боясь, что будет сломлена она…

2. Не будет так, как я хочу, как хочет грех!
Придёт мой Бог на помощь мне, спасёт нас всех!
Внутри пройдёт и холод вьюг, и смерти тень!
Я буду жить! Я буду петь! Любить людей…
";"{title: Сомнения опутали}
{key: Am}
{capo: +3}


1.Сомн[Am]ения оп[G]утали [F]стеной мен[E]я,
Мне [Am]не вздохнуть и [G]не достать [F]рукой Теб[E]я!
И св[Dm]ет свечи стан[G]овится всё [F]холодней![E]
И гр[Dm]ех зовёт, как г[F]олос вьюг посл[E]едних дней…

Пр. Оп[Am-G]ять кричу я Богу: «П[F]омоги!» [E]
       И в кр[Am-G]овь сбиваю в битве [F]кулак[E]и…
       Оп[Dm-G]ять с любовью бор[C]ется душ[F]а,
       Бо[Dm-F]ясь, что будет сломлена [E]она…

2. Не будет так, как я хочу, как хочет грех!
Придёт мой Бог на помощь мне, спасёт нас всех!
Внутри пройдёт и холод вьюг, и смерти тень!
Я буду жить! Я буду петь! Любить людей…
";;;;
0535;535;Я в присутствии Твоём;Огненный ветер;Em;3;;4/4;;;V1 C V2;Огненный ветер (аккорды);;;;;"
1. Я в присутствии Твоём, 
Мой Господь и мой Бог,
Поклоняться хочу, наполняться Тобой!
Сердце я не отдам никому никогда,
Я его берегу в Твоих верных руках…

Пр. Я уйти от Тебя никогда не смогу,
    И о жертве святой не смогу позабыть!
    Ты – Единственный мой, 
    Лишь Тебе я служу!
    Слёзы катятся вниз, 
    Сердце хочет любить… 

2. За любовью пойду по земле в небеса,
Там легко будет петь и с Тобою летать!
Голос слышится Твой наяву и во снах!
Остановится вдруг время в Божьих часах!

?Проигрыш: Em D Am Em \ Em D Am Hm Em

В Аm: Am Em Dm Am Am Dm Em Am            Am G F E7 Dm Am Dm E7 Am";"{title: Я в присутствии Твоём}
{key: Em}
{capo: +3}


1. Я в прис[Em]утствии Тв[Hm]оём, 
Мой Госп[Am]одь и мой Б[Em]ог,
Поклон[Em]яться хоч[Am]у, наполн[Hm]яться Тоб[Hm]ой!
Сердце [Em]я не отд[Hm]ам ником[Am]у никогд[Em]а,
Я ег[Em]о берег[Am]у в Твоих [Hm]верных рук[Em]ах…

Пр. Я уйти от Теб[Em]я никогда не смог[D]у,
    И о жертве свят[C]ой не смогу позаб[H7]ыть!
    Ты – Единственный [Am]мой, 
    Лишь Тебе я служ[Em]у!
    Слёзы катятся вн[Am]из, 
    Сердце [H7]хочет люб[Em]ить… 

2. За любовью пойду по земле в небеса,
Там легко будет петь и с Тобою летать!
Голос слышится Твой наяву и во снах!
Остановится вдруг время в Божьих часах!

?Проигрыш: Em D Am Em \ Em D Am Hm Em

В Аm: Am Em Dm Am Am Dm Em Am            Am G F E7 Dm Am Dm E7 Am";;;;
0536;536;На рассвете дня;Огненный ветер;Am;2;;4/4;;;V1 C V2 V3;Огненный ветер (аккорды);;;;;"
1. Сон нарисовать и пока горит 
Тонкая свеча, - успеть его вам рассказать!
В нём сияет свет, в нём тревоги нет,
Страха, пустоты, но есть желанья и мечты!

Пр. Лететь за мечтою   во сне над землёю
       Можно лишь в детстве, не ведая боли!
       Но в жизненном ветре совсем нет ответа,
       Как можно летать, когда крылья из соли? 
       Как можно летать, как можно летать, когда крылья из соли?

2. Просто и легко верить в Небеса!
А вокруг стеной встаёт солёная гора!
Смог лишь только Бог сквозь неё пройти,
Значит надо мне лишь по Его следам идти!

3. Пройден трудный путь, больше нет следов,
По которым мне с дороги надо повернуть…
Впереди лишь старт в Божьи Небеса!
Поднимаю я судьбы солёной два крыла!

Пр. Лететь за мечтою во сне над землёю
       Можно лишь в детстве, не ведая боли!
       Но в жизненном ветре совсем нет ответа,
       Как можно летать, как можно летать, когда крылья из соли? ";"{title: Сон нарисовать}
{key: Am}
{capo: +2}


1. [Am]Сон нарис[Dm]овать [G]и пока гор[C]ит 
Т[F]онкая свеч[Dm]а, - успеть его вам рассказ[E]ать!
В [Am]нём сияет св[Dm]ет, в [G]нём тревоги [C]нет,
Стр[F]аха, пустот[Dm]ы, но есть жел[F]анья и мечт[E]ы!

Пр. Лететь за мечт[Am]ою   [G]во сне над земл[F]ёю[Am]
       Можно лишь в [Dm]детстве, не ведая [E]боли!
       Но в жизненном [Am]ветре [G]совсем нет отв[F]ет[Am]а,
       Как можно лет[Dm]ать, когда крылья из с[E]оли? 
       Как можно летать, как можно летать, когда крылья из соли?

2. Просто и легко верить в Небеса!
А вокруг стеной встаёт солёная гора!
Смог лишь только Бог сквозь неё пройти,
Значит надо мне лишь по Его следам идти!

3. Пройден трудный путь, больше нет следов,
По которым мне с дороги надо повернуть…
Впереди лишь старт в Божьи Небеса!
Поднимаю я судьбы солёной два крыла!

Пр. Лететь за мечтою во сне над землёю
       Можно лишь в детстве, не ведая боли!
       Но в жизненном ветре совсем нет ответа,
       Как можно летать, как можно летать, когда крылья из соли? ";;;;
0537;537;Душа моя без Тебя;Огненный ветер;Am;3;;4/4;;;V1 C V2 V3;Огненный ветер (аккорды);;;;;"
1. Сотни миров я не могу обнять, мне не нужны богатства земли! 
На небесах Ангелы песнь поют о полноте Божьей любви!

Пр. Ты – моя жизнь, я Тобою, мой Бог, дышу!
       Нежность любви для меня Ты открыл,
       Словом Твоим наполняться всегда хочу!
       Вечность Свою Ты мне подарил…

2. В Духе Святом радость живёт и мир! 
Там нахожу я сердцу покой!
Как же светло на небесах Твоих! Как же легко рядом с Тобой!
";"{title: Сотни миров}
{key: Am}
{capo: +3}


[Am]1. Сотни мир[Dm-F]ов я не мог[E]у обнять, мне не н[Dm-E]ужны богатства земл[Am]и! 
На небес[Dm-F]ах Ангелы [E]песнь поют о полн[Dm-E]оте Божьей любв[Am]и![A7]

Пр. Ты – моя ж[Dm]изнь, я Тобою, мой Б[Am]ог, дышу!
       Нежность любв[E]и для меня Ты откр[Am]ыл,
       Словом Тво[Dm]им наполняться всегд[Am]а хочу!
       Вечность Сво[E]ю Ты мне подар[AmA7]ил…

2. В Духе Святом радость живёт и мир! 
Там нахожу я сердцу покой!
Как же светло на небесах Твоих! Как же легко рядом с Тобой!
";;;;
0538;538;Божий ветер;Огненный ветер;Am;3;;4/4;;;V1 C V2;Огненный ветер (аккорды);;;;;"
1. Спасайся от греха, пока есть время!
Спасайся от суда и стен тюремных!
Пусть погибает тот, кто предал Бога!
Ему туда, где тьма, - одна дорога!

Пр. Уходя, уходи! И не смей возвращаться назад!
       Уходя, уходи! Грех ведёт нераскаянных в ад!
       Ты рождён для любви!   Так зачем же тебе умирать!
       Лучше Богом живи!    Он поможет дышать и летать!

2. Увидеть свет во тьме – совсем не сложно!
Отбрось грязь и грех, и всё, что ложно!
Открыть секрет любви поможет Слово!
Готов ли ты, мой друг, для жизни новой?

Пр. Уходя, уходи! И не смей возвращаться назад!
       Уходя, уходи! Грех ведёт нераскаянных в ад!
       Ты рождён для любви! Так зачем же тебе умирать!
       Лучше Богом живи! Он поможет дышать и летать!

 Бр. Уходя, уходи от греха, уходя, уходи от беды!...
       Ждёт Невеста с Небес Жениха
       В беспредельной и вечной любви";"{title: Спасайся от греха}
{key: Am}
{capo: +3}


1. Спас[Am]айся от [Dm]греха, пок[E]а есть [Am]время!
Спасайся от суда и стен тюремных!
[A7]Пусть погибает т[Dm]от, кто пр[G]едал Бог[C]а!
[F]Ему туда, где тьм[Dm]а, - одн[E]а дор[Am]ога!

Пр. Уходя, уход[Dm]и! И не смей возвр[Am]ащаться назад!
       Уходя, уход[E]и! Грех ведёт нераск[Am]аянных в ад!
       Ты рождён для любв[Dm]и!   [G]Так зачем же теб[C]е умирать!
       [F]Лучше Богом жив[Dm]и!    [E]Он поможет дыш[Am]ать и летать!

2. Увидеть свет во тьме – совсем не сложно!
Отбрось грязь и грех, и всё, что ложно!
Открыть секрет любви поможет Слово!
Готов ли ты, мой друг, для жизни новой?

Пр. Уходя, уходи! И не смей возвращаться назад!
       Уходя, уходи! Грех ведёт нераскаянных в ад!
       Ты рождён для любви! Так зачем же тебе умирать!
       Лучше Богом живи! Он поможет дышать и летать!

 Бр. Уходя, [Dm]уходи от [Am]греха, уходя, [E]уходи от [Am]беды!...
       Ждёт Невеста с Небес Жениха
       В беспредельной и вечной любви";;;;
0539;539;Приходит день;Огненный ветер;Am;3;;4/4;;;V1 C V2 V3;Огненный ветер (аккорды);;;;;"
1. Спи, малыш! Скорей усни! Пусть приснятся тебе сны!
Сны цветные из моей любви!

2. Спи, мой маленький! Усни! Бог с тобою во все дни
Тебя миром будет нежно охранять!

3. Пусть к тебе придёт во сне, в твоей маленькой стране
Ангел белый, как пушистый снег!

4. Скоро будут у тебя в жизни разные друзья!
Пусть и их любовью Бог  благословит!

5. Будем вместе мы служить! Будем всех людей любить!
Будем светлою дорогою идти!

6. Спи, малыш мой дорогой! Буду рядом я с тобой!
Будет песня приносить тебе покой!";"{title: Спи, малыш!}
{key: Am}
{capo: +3}


1. Спи, мал[Am]ыш! Скор[E]ей [Am]усни! Пусть присн[Dm]ятся [E]тебе [Am]сны!
Сны цв[Dm]етные из мо[E]ей лю[Am]бви!

2. Спи, мой маленький! Усни! Бог с тобою во все дни
Тебя миром будет нежно охранять!

3. Пусть к тебе придёт во сне, в твоей маленькой стране
Ангел белый, как пушистый снег!

4. Скоро будут у тебя в жизни разные друзья!
Пусть и их любовью Бог  благословит!

5. Будем вместе мы служить! Будем всех людей любить!
Будем светлою дорогою идти!

6. Спи, малыш мой дорогой! Буду рядом я с тобой!
Будет песня приносить тебе покой!";;;;
0540;540;Я узнаю Тебя;Огненный ветер;Am;2;;4/4;;;V1 C V2;Огненный ветер (аккорды);;;;;"1. Я узнаю Тебя     в каждом вздохе осени,
Где все слова Твои    листвой вокруг разбросаны…
Я узнаю Тебя     по ярким краскам песенным
По синеве небес      и облакам из нежности…

Пр. Вдаль уносятся дни,    но живы они
       Нашей первой любви        встречами!
       Зачем грустить и жалеть, когда могу Богу петь
       О днях, что стали в любви бесконечными!

2. Иисус позвал меня в Свою обитель верности,
Там можно вместе жить во свете Божьей вечности!
Как много у любви дыхания небесного,
Пространства высоты и голоса чудесного!";"

[Am]1. Я узнаю Тебя    [Dm] в [E]каждом вздохе осени,[Am]
[Dm]Где[E] все слова Твои    листвой вокруг [Am]разброса[A7]ны…
[Dm]Я у[G]знаю Тебя     по ярким краскам пе[C]сенным[F]
[Dm]По [E]синеве небес      и облакам[Am] из[(A7)] нежности…

[A7]Пр. Вдаль уносятся дни,    но жи[Dm]вы [G]они[C][F]
[Dm]   [E]    Нашей пер[Am]вой[(A7)] любви        встречами!
       Зачем грустить и жалеть, когда могу Богу петь
       О днях, что стали в любви бесконечными!

2. Иисус позвал меня в Свою обитель верности,
Там можно вместе жить во свете Божьей вечности!
Как много у любви дыхания небесного,
Пространства высоты и голоса чудесного!";;;;
0541;541;Словно за гранью небес;Огненный ветер;Am;2;;4/4;;;V1 C V2;Огненный ветер (аккорды);;;;;"
1. Стала общей мечтой – тишина в небесах!
Неба синь, лишь для птиц и для радуг!
Рек глубоких вода, чистой чтобы была,
И земля без смертельных снарядов…

Пр. Мы с тобою, Донбасс! Наш Господь тебя спас!
       Мы в молитве стояли горою…
       Мы с тобою, Донбасс! Мы с тобою не раз
       Будем связаны  песней святою!

2. Из объятий сердец и улыбок детей
Будут сшиты все карты земные!
Словом истины встав, и любовью Своей,
Охраняли вас, как часовые!";"{title: Стала общей мечтой}
{key: Am}
{capo: +2}


1. Стала [Am]общей мечт[G]ой – тишин[F]а в небес[G]ах!
Неба с[F]инь, лишь для пт[G]иц и для [Am]радуг!
Рек глубоких вода, чистой чтобы была,
И земля без смертельных снарядов…

Пр. Мы с тоб[F]ою, Донб[G]асс! Наш Госп[F]одь тебя сп[G]ас!
       Мы в мол[F]итве сто[Dm]яли гор[E]ою…
       Мы с тоб[F]ою, Донб[G]асс! Мы с тоб[F]ою не [G]раз
       Будем св[F]язаны  п[G]есней свят[Am]ою!

2. Из объятий сердец и улыбок детей
Будут сшиты все карты земные!
Словом истины встав, и любовью Своей,
Охраняли вас, как часовые!";;;;
0542;542;На город опустилась;Огненный ветер;Am;3;;4/4;;;V1 C V2 B;Огненный ветер (аккорды);;;;;"
1.Старые пути, мысли и тревоги 
Все исчезли вмиг, все до одного!
Новые пути, новые дороги 
Приготовил Бог тем, кто ждёт Его!

Пр. Новый путь! Новый путь! Новый день!
       Приготовил Иисус для людей!
       По земле всей Невеста пройдёт 
       И детей для Него соберёт!

2. Всё, что обещал любящий Отец 
Тем, кто посвящён сердцем и душой!
Сбудется как дождь, сбудется как свет
В радости святой свадьбы с Женихом!

Пр. Мы идём как один за Тобой!
      По следам дорогим мы идём!
      Чтобы сделать прямыми пути, 
      По которым всем нужно идти!";"{title: Старые пути}
{key: Am}
{capo: +3}


1.Ст[Am]арые пути, м[G]ысли и тревоги 
Вс[F]е исчезли вмиг, вс[E]е до одного!
[Am]Новые пути, новые дороги 
Пр[F]иготовил Бог [G]тем, кто ждёт Его![E]

Пр. Новый [Dm]путь! Новый [Em]путь! Новый [Am]день![F]
       Приг[Dm]отовил И[G]исус для люд[C]ей!
       По земл[F]е всей Нев[G]еста пр[Am]ойдёт [F]
       И дет[Dm]ей для Н[Em]его соб[Am]ерёт!

2. Всё, что обещал любящий Отец 
Тем, кто посвящён сердцем и душой!
Сбудется как дождь, сбудется как свет
В радости святой свадьбы с Женихом!

Пр. Мы идём как один за Тобой!
      По следам дорогим мы идём!
      Чтобы сделать прямыми пути, 
      По которым всем нужно идти!";;;;
0543;543;Между миров, сказок и снов;Огненный ветер;Am;3;;4/4;;;V1 C V2 B;Огненный ветер (аккорды);;;;;"
1. С Тобою собирать,  в единстве быть! 
От мира убегать,  в свободе жить!
Всё древнее прошло,   пришёл Твой свет!
Скажу Иисусу «Да»,    а смерти – «нет!»

Пр. Я буду там, где Ты сегодня и завтра!
       Не искать мосты в чужое государство!
       Я хочу служить всем тем, кто рядом!
       И любовь дарить словом и взглядом!

2. Хвалить Тебя всегда, Тебя любить!
И Слово от Тебя в душе хранить!
Во славе пребывать! Друзей ценить!
Тебя всегда за всё благодарить!

Бр. Смотрите какую любовь дал Бог детям Своим!
      Давайте Ему служить? Идти по следам за Ним?


";"{title: С Тобою собирать}
{key: Am}
{capo: +3}


1. С Тоб[Am]ою собирать,  [G]в единстве [Am]быть! 
От м[F]ира убегать,  [G]в свободе ж[Am]ить!
Всё др[Am]евнее прошл[G]о,   пришёл Твой св[Am]ет!
Скаж[F]у Иисусу «Да»[G],    а смерти – «н[Am]ет!»

Пр. Я буду там, где Т[Dm]ы сегодня и з[Am]автра!
       Не искать мост[Dm-E]ы в чужое госуд[Am]арство!
       Я хочу служ[Dm]ить всем тем, кто р[Am]ядом!
       И любовь дар[Dm-E]ить словом и взгл[Am]ядом!

2. Хвалить Тебя всегда, Тебя любить!
И Слово от Тебя в душе хранить!
Во славе пребывать! Друзей ценить!
Тебя всегда за всё благодарить!

Бр. Смотр[Am]ите какую люб[G]овь дал Б[F-G]ог детям Сво[Am]им!
      Дав[Am]айте Ему служ[G]ить? [F]Идти по сл[G]едам за [Am]Ним?


";;;;
0544;544;У России моей;Огненный ветер;Am;2;;4/4;;;V1 C V2;Огненный ветер (аккорды);;;;;"1. У России моей разноцветна душа!
Как прекрасна она, как она хороша!
В ней любви широта,    веры в ней красота,
Над российской судьбой – синевы высота!

Пр. Подарил для земли гор, лесов и морей
       Своё сердце Господь, чтобы славиться ей!
       Чтоб в просторах небес было легче дышать!
       Чтоб о светлой любви песни Богу слагать!

2. Птицы в небе парят, им свобода нужна!
Безграничный простор – это наша страна!
Много неба у нас, много разных цветов:
И везде слышно песнь из любви голосов…";"
[Am]1. У России мо[Dm]ей разноцветна душа![Am]
[Dm]Как прекрас[F]на она, как она хороша![Am]
[Dm]В н[E]ей любви широта,    веры в не[Am]й кра[F]сота,
[Dm]Над российской судьбой [E]– синевы высота!

[Am-E]Пр. Подарил для земли г[Dm]ор, лесов и морей
[F]       Своё сердце Господь, чтобы сл[E]авиться ей!
       Чтоб в просторах небес было легче дышать!
       Чтоб о светлой любви песни Богу слагать!

2. Птицы в небе парят, им свобода нужна!
Безграничный простор – это наша страна!
Много неба у нас, много разных цветов:
И везде слышно песнь из любви голосов…
";;;;
0545;545;О Тебе слагаю песни я в ночи;Огненный ветер;Em;2;;4/4;;;V1 C V2;Огненный ветер (аккорды);;;;;"
Вст. Em G Am H7 Em C Am H7
Там-та-да-ра-дам

1. Стопы благовестника на горах 
Возвещают мир и праздники!
Благ Господь, велик могуществом, 
Долготерпелив и милостив!

Пр. Перед Ним трепещут горы! 
       Тают перед Ним холмы!
       Шествует Он в вихре бури! 
       Блекнут перед Ним цветы!
       Гнев Его колеблет землю 
       И вселенной небеса!
       Высыхают волны в море 
       И смолкают голоса!

2. Пред негодованием Его 
Устоять не может человек!
Скалы распадаются перед Ним! 
Гнев же разливается в огне! ";"{title: Стопы благовестника на горах (Наум 1)}
{key: Em}
{capo: +2}


Вст. Em G Am H7 Em C Am H7
Там-та-да-ра-дам

1. Стопы бл[Em]аговестника на горах 
[Am]Возвещают мир и пр[H7]аздники!
[Em]Благ Господь, велик мог[G]уществом, 
Д[Am]олготерпелив и м[H7]илостив!

Пр. [Em]Перед Ним трепещут [G]горы! 
       [Am]Тают перед Ним холм[H7]ы!
       [Em]Шествует Он в вихре [C]бури! 
       [Am]Блекнут перед Ним цвет[H7]ы!
       [Em]Гнев Его колеблет земл[G]ю 
       [Am]И вселенной небес[H7]а!
       [Em]Высыхают волны в м[C]оре 
       [Am]И смолкают голос[H7]а!

2. Пред негодованием Его 
Устоять не может человек!
Скалы распадаются перед Ним! 
Гнев же разливается в огне! ";;;;
0546;546;Вот приходит снова час!;Огненный ветер;Am;4;;4/4;;;V1 C V2;Огненный ветер (аккорды);;;;;"
1. Сторож, сколько ночи? Сторож, сколько ночи?
Скоро! Очень скоро рассвет! 
Спят все, почивают, и совсем не знают, 
Что несёт им Божий ответ!

Пр. Как водопад, как летний дождь 
       Придёт с Небес благословение!
       Спасёт Господь народ  и даст 
       Иерусалиму - исцеление!

2. Стен Твоих узоры - каперсы и камни! 
Они Бога тайну хранят! 
Ангелы в воротах, словно неба стражи,
Под покровом ночи не спят!

3. Лишь врата златые тишиной покрыты!
В них Господь с Невестой войдёт! 
Радость всех наполнит и в сиянии молний 
Воздух слава Божья взорвёт! ";"{title: Сторож, сколько ночи?}
{key: Am}
{capo: +4}


1. Сторож, ск[Am]олько ночи? Сторож, ск[G]олько ночи?
Скоро! [F]Очень скоро рассв[E]ет! 
Спят все, [Am]почивают, и совс[G]ем не знают, 
Что нес[F]ёт им Божий отв[Am]ет!

Пр. Как водоп[Am]ад, как летний [Dm]дождь 
       Придёт с Неб[E]ес благослов[Am]ение!
       Спасёт Госп[F]одь народ  и даст 
       Иерусал[E]иму - исцел[Am]ение![E]

2. Стен Твоих узоры - каперсы и камни! 
Они Бога тайну хранят! 
Ангелы в воротах, словно неба стражи,
Под покровом ночи не спят!

3. Лишь врата златые тишиной покрыты!
В них Господь с Невестой войдёт! 
Радость всех наполнит и в сиянии молний 
Воздух слава Божья взорвёт! ";;;;
0547;547;Рисую образ Твой;Огненный ветер;Am;2;;4/4;;;V1 C V2;Огненный ветер (аккорды);;;;;"
1.Стоять у врат Небесного Престола,
Держать в руках одежду жениха,
И слышать песню ангельского хора,
И видеть блеск прекрасного венца!

Пр. Драгоценных камней отражение,
       Драгоценных камней яркий свет
       Подарить для Тебя в поклонении –
       Для меня большей радости нет!

2. Иметь в душе горячее желание
И возноситься песней до Небес,
Чтоб восклицали Ангелы от радости,
Когда иду с Тобою под венец!";"{title: Стоять у врат Небесного Престола}
{key: Am}
{capo: +2}


1.Стоять у [Am]врат Небесного Прест[Dm]ола,
Держать в рук[G]ах одежду жених[C]а,[E]
И слышать [Am]песню ангельского [Dm]хора,
И видеть бл[G]еск прекр[E]асного венц[Am]а![E]

Пр. Драгоц[Am]енных камней отраж[Dm]ение,
       Драгоц[G]енных камней яркий [C]свет[E]
       Подар[Am]ить для Тебя в поклон[Dm]ении –
       Для мен[G]я большей р[E]адости [Am]нет!

2. Иметь в душе горячее желание
И возноситься песней до Небес,
Чтоб восклицали Ангелы от радости,
Когда иду с Тобою под венец!";;;;
0548;548;На перекрёстках встреч неземных;Огненный ветер;Am;0;;4/4;;;V1 C V2;Огненный ветер (аккорды);;;;;"
1. Строить песчаный замок может любой из нас!
Только жить миражами нужно ли нам сейчас?
Может построить башню или надёжный дом
С верою в основании, чтобы в нём жить потом?   

Пр. Слышу я голос Бога близко и далеко:
       «Иго Моё не тяжко, бремя Моё легко!»

2. Войны идут потоком против Царя царей!
Станешь ли вместе с Богом воином  наших дней?
Чтоб побеждённый верой  мир победить не смог?
Чтобы отвергнуть смело славу его дорог!

3. Кто отрешиться сможет от миражей златых?
Кто будет строить Церковь? Дом из камней живых?
Кто по следам Иисуса крест понесёт в любви?
Против греха восстанет  в истине на крови?
";"{title: Строить песчаный замок}
{key: Am}
{capo: +0}


1. Стр[Am]оить песчаный замок [Dm]может любой из [E]нас!
Т[Am]олько жить мираж[F]ами [Dm]нужно ли н[E]ам сейч[Am]ас?[E]
[Am]Может построить башню [Dm]или надёжный [E]дом
С [Am]верою в основ[F]ании, [Dm]чтобы в нём [E]жить п[Am]отом?   [E]

Пр. [Am]Слышу я голос Бога [Dm]близко и далек[E]о:
       [Am]«Иго Моё не т[F]яжко, [Dm]бремя Мо[E]ё л[Am]егко!»

2. Войны идут потоком против Царя царей!
Станешь ли вместе с Богом воином  наших дней?
Чтоб побеждённый верой  мир победить не смог?
Чтобы отвергнуть смело славу его дорог!

3. Кто отрешиться сможет от миражей златых?
Кто будет строить Церковь? Дом из камней живых?
Кто по следам Иисуса крест понесёт в любви?
Против греха восстанет  в истине на крови?
";;;;
0549;549;Всё, что в жизни было;Огненный ветер;Am;3;;4/4;;;V1 V2;Огненный ветер (аккорды);;;;;"
1. Так бывает, что день ото дня отличается славой своей, 
Так бывает, что сила моя отступает на несколько дней…

2. Так бывает, что мне не уснуть от горячих раздумий в ночи,
Так бывает, что мне не вздохнуть от страданий усталой души…

3. Но приходит вдруг Ангел с небес, и с любовью Он мне говорит:
Благодать и спасение здесь, Слово Божье тебя укрепит:

4. «Я услышал молитву твою, я увидел слёзы твои,
В третий день тебя исцелю, ты войдёшь в покои Мои…

5. Не смущайся, мой друг, только верь 
и любовь Мою в сердце впусти!
Посмотри, как льётся елей, исцеляя раны твои!»";"{title: Так бывает, что день ото дня (4Цар.20:5)}
{key: Am}
{capo: +3}


1. Так быв[Am]ает, что д[G]ень ото дн[Am]я отлич[F]ается сл[G]авой сво[Am]ей, 
Так быв[Dm]ает, что сила мо[Am]я отступ[F]ает на н[G]есколько дн[Am]ей…

2. Так бывает, что мне не уснуть от горячих раздумий в ночи,
Так бывает, что мне не вздохнуть от страданий усталой души…

3. Но приходит вдруг Ангел с небес, и с любовью Он мне говорит:
Благодать и спасение здесь, Слово Божье тебя укрепит:

4. «Я услышал молитву твою, я увидел слёзы твои,
В третий день тебя исцелю, ты войдёшь в покои Мои…

5. Не смущайся, мой друг, только верь 
и любовь Мою в сердце впусти!
Посмотри, как льётся елей, исцеляя раны твои!»";;;;
0550;550;Сомнения опутали;Огненный ветер;Em;3;;4/4;;;V1 C V2;Огненный ветер (аккорды);;;;;"
1. Так век за веком, как и день за днём 
В Твоей деснице истончалось время!
И мотыльки летели на огонь, 
И исчезали в сумраке забвенья…

Пр.  Но я смотрю и вижу небеса, 
        Открытые любовью Иисуса!
        Туда ведёт незримая тропа 
        Для всех рождённых от Святого Духа!

2. Никто не знал, не ведал тайны той, 
Что нам принёс Свет, от начала вечный!
Голгофский крест стал истинной чертой,
Там отворились двери в бесконечность…
";"{title: Так век за веком}
{key: Em}
{capo: +3}


1. Так в[Em]ек за веком, как и день за дн[Am]ём [H7]
В Тво[Em]ей деснице истончалось вр[Am]емя![D]
И м[G]отыльки лет[C]ели на ог[Am]онь, [H7]
И [Em]исчезали в [C]сумраке забв[Am]ень[H7]я…

Пр.  Но [Em]я смотрю и вижу небес[Am-H7]а, 
        Откр[Em]ытые любовью Иис[Am]уса![D]
        Туд[Am]а ведёт незримая троп[H7]а 
        Для вс[C]ех рождённых [Am]от Святого [H7]Духа!

2. Никто не знал, не ведал тайны той, 
Что нам принёс Свет, от начала вечный!
Голгофский крест стал истинной чертой,
Там отворились двери в бесконечность…
";;;;
0551;551;Он держит нашу жизнь;Огненный ветер;Am;3;;4/4;;;V1 C V2;Огненный ветер (аккорды);;;;;"
Пр. Так говорит Господь! Так говорит Господь!
       Так говорит Господь! «Покайся!»

       Так повелел Господь! – 3р. «Покайся!»

1. Ибо сей народ ослепил глаза
И не обратит светлый взор к Нему,
И не воззовёт о раскаянии
К Агнцу чистому, Сыну Божьему!

2. Говорит земле, чтобы слышала!
Говорит земле, чтобы видела
Чудеса Его исцеления
От оков греха кровью жертвенной!

3. Говорит для тех, кто, очистившись
От грехов своих, крест возьмёт Его;
Кто пойдёт за Ним в земли дальние
Проповедовать Слово Божие!";"{title: Так говорит Господь}
{key: Am}
{capo: +3}


Пр. Т[Am]ак говорит Госп[G]одь! Т[F]ак говорит Госп[G]одь!
       Т[Am]ак говорит Госп[G]одь! «Пок[Am]айся!»

       Так повелел Господь! – 3р. «Покайся!»

1. Иб[Am]о сей нар[Dm]од ослепил глаз[Am]а
И не [E]обратит светлый [Am]взор к Нему,
И не [Dm]воззовёт о раск[Am]аянии
К Агнцу ч[E]истому, Сыну [Am]Божьему!

2. Говорит земле, чтобы слышала!
Говорит земле, чтобы видела
Чудеса Его исцеления
От оков греха кровью жертвенной!

3. Говорит для тех, кто, очистившись
От грехов своих, крест возьмёт Его;
Кто пойдёт за Ним в земли дальние
Проповедовать Слово Божие!";;;;
0552;552;Час пророчеств настал;Огненный ветер;Am;3;;4/4;;;V1 C V2;Огненный ветер (аккорды);;;;;"1. Час пророчеств настал – всем предстать перед Ним
В откровеньях небес и света!
В Твоём сердце всю жизнь я Тобою храним,
Твоей кровью хвала согрета…

Пр. Восхищаюсь Тобой, Господь мой!
       Наполняюсь Тобой, Господь мой!
       Освящаюсь Твоей чистотою любви…
       Я в Тебя облачён, Господь мой!
       Я Тебя не предам, Господь мой!
       Я искуплен навек ценою крови…

2. Пусть уходят года, их прожил я не зря:
Мы с Тобою навек повстречались!
Был завет заключён в храме у алтаря,
Там с Тобой мы в любви обвенчались!";"
[Am]1. Час пророчеств настал – в[Dm]сем пред[E]стать перед Ним[Am]
[Am]В откровеньях небес и св[Dm]ета![Am][E]
[Am]В Твоём сердце всю жизнь я Тобою х[Dm]раним,[Am]
[Dm]Твоей к[Am]ровью хва[E]ла согрета…

[Am]Пр. Восхищ[Dm]аюсь Тобой, Господь мой!
[Am]       Напо[Dm]лняюсь Тобой, Господь мой!
[E]       Освящаюсь Твоей чистото[Am]ю любви[E]…
[Am]       Я в[Dm] Тебя облачён, Господь мой!
[Am]       Я Те[Dm]бя не предам, Господь мой!
[E]       Я искуплен навек [Am]ценою к[E]рови…

2. Пусть уходят года, их прожил я не зря:
Мы с Тобою навек повстречались!
Был завет заключён в храме у алтаря,
Там с Тобой мы в любви обвенчались!
";;;;
0553;553;Ты – моё дыхание!;Огненный ветер;Am;3;;4/4;;;V1 C V2;Огненный ветер (аккорды);;;;;"1.  Ты – моё дыхание, Бог живой!
     Сердцу - упование, Дух Святой!
     Ты – источник мудрости и любви!
      В откровеньях святости – истины Твои!

Пр. Ты приди, Ты приди, Ты приди ко мне скорей!
       Дай вкусить, дай испить радости Твоей!
       В небесах Божий рай, на земле – моя хвала!
       А внутри всех небес и любви глубина!

2. Ты – сияние радости, свет небес!
Жду огня и пламени, и чудес!
Ты – покой и праведность, мир – души!
В славных восклицаниях Ангел закружит!";"
[Am]1.  Ты – моё дых[F]ание, Бог жи[G]вой![Am]
     Сердцу - упование, Дух Святой!
     Ты – источник мудрости и любви!
[Am]      В откровеньях св[F]ятости – ист[G]ины Твои!

[Am]Пр. Ты приди, Ты[G] приди, Ты приди[F] ко мне скорей![G]
       Дай вкусить, дай испить радости Твоей!
       В небесах Божий рай, на земле – моя хвала!
       А внутри всех небес и любви глубина!

2. Ты – сияние радости, свет небес!
Жду огня и пламени, и чудес!
Ты – покой и праведность, мир – души!
В славных восклицаниях Ангел закружит!";;;;
0554;554;Где-то за морем;Огненный ветер;Am;4;;4/4;;;C V2;Огненный ветер (аккорды);;;;;"
1. Так тяжело разобрать, где добро, а где злое?
Так нелегко подниматься в бессилии крыл…
И паутиною, кажется, будет былое, 
Только я там без любви Божьей вовсе не жил… 

Пр. Любовь Твоя спасёт меня! 
       Любовь Твоя всегда со мной!
       Пройдут и горе, и беда 
       Чужой и дальней стороной…

2. На лицемерных и лживых не надо равняться:
Каждый ответит за то, как он пел и как жил…
Лучше с остатками верных на небо подняться,
Бог тебя с ними надеждою объединил! 


";"{title: Так тяжело разобрать}
{key: Am}
{capo: +4}


1. [Am]Так тяжело разобр[G]ать, где добро, а где зл[Am]ое?
Т[F]ак нелегко подним[G]аться в бессилии [Am]крыл…
[Dm]И паутиною, [E]кажется, будет был[Am]ое, [F]
[Dm]Только я там без любв[E]и Божьей вовсе не [Am]жил… 

Пр. Люб[Am]овь Тво[G]я спас[F]ёт мен[E]я! 
       Любовь Тво[Dm]я всегд[E]а со [Am]мной!
       Пройд[Am]ут и г[G]оре, [F]и бед[E]а 
       Чужой и д[Dm]альней ст[E]орон[Am]ой…

2. На лицемерных и лживых не надо равняться:
Каждый ответит за то, как он пел и как жил…
Лучше с остатками верных на небо подняться,
Бог тебя с ними надеждою объединил! 


";;;;
0555;555;Так приходит новый день;Огненный ветер;Am;3;;4/4;;;V1 C V2 V3;Огненный ветер (аккорды);;;;;"
1. Там, высоко-высоко святость и нежность живёт!
Там, далеко-далеко, верность Твоя меня ждёт!
Там отдыхает любовь от темноты и скорбей!
Там – всюду запах цветов, как после летних дождей! 

Пр. Небеса! Небеса! Любви полнота! 
       Небеса! Небеса     в объятиях Отца!

2. Ангелы там, в Небесах, вечную славу поют!
Радость в присутствии Отца детям Его раздают!
Там высыхает слеза от всеобъятной любви,
Там столько ласковых слов! Там столько лиц дорогих!";"{title: Там, высоко-высоко}
{key: Am}
{capo: +3}


1. [Am]Там, высоко-высок[Dm]о св[E]ятость и нежность жив[Am]ёт!
[Am]Там, далеко-далек[Dm]о, в[E]ерность Твоя меня [Am]ждёт!
Т[A7]ам отдыхает люб[Dm]овь [G]от темноты и скорб[C]ей!
Т[F]ам – всюду запах цвет[Dm]ов, к[E]ак после летних дожд[Am]ей! 

Пр. Небес[Am]а! Небес[G]а! Любв[F]и полн[Am7]ота! 
       Небес[Dm]а! Небес[F]а     [E]в объятиях Отц[Am]а!

2. Ангелы там, в Небесах, вечную славу поют!
Радость в присутствии Отца детям Его раздают!
Там высыхает слеза от всеобъятной любви,
Там столько ласковых слов! Там столько лиц дорогих!";;;;
0556;556;Господи, Боже мой;Огненный ветер;Am;3;;4/4;;;V1 V2 V3;Огненный ветер (аккорды);;;;;"
1.Там, где Я, - и слуга Мой будет!
Там, где Я, - вечность нас рассудит!
Там, где Я – там, всегда весна! 
Там, где Я, там, где Я!

Пр: Не собирай сокровищ на земле! 
Лучше будь   слугою Мне!
       Не умрёт, кто умер, как зерно: 
во сто крат даёт плода оно!

2. Кто со Мной – тот всегда в огне! 
Он и в шторм ходит по воде!
И со Мной будет собирать, 
там, где Я! Там, где Я!

3. Тот Мне брат, и сестра, и мать – 
волю кто будет исполнять 
Моего вечного Отца в небесах, в небесах! ";"{title: Там, где Я!}
{key: Am}
{capo: +3}


1.Т[Am]ам, где Я, - [Dm]и слуга Мой [E]будет!
[Am]Там, где [F]Я, - [Dm]вечность н[E]ас расс[Am]удит!
[Dm]Там, где [G]Я – [F]там, всегда весн[E]а! 
[Am]Там, где [Dm]Я, т[F]ам, где [E]Я!

Пр: Не собир[Dm]ай сокр[F]овищ на земл[E]е! 
Лучше [Dm]будь   [F]слугою [E]Мне!
       Не [Dm]умрёт, [G]кто умер, как з[E]ерно: 
во сто крат д[F]аёт [Dm]плода оно![E]

2. Кто со Мной – тот всегда в огне! 
Он и в шторм ходит по воде!
И со Мной будет собирать, 
там, где Я! Там, где Я!

3. Тот Мне брат, и сестра, и мать – 
волю кто будет исполнять 
Моего вечного Отца в небесах, в небесах! ";;;;
0557;557;Улететь за море синее;Огненный ветер;Am;2;;4/4;;;V1 C V2 V3;Огненный ветер (аккорды);;;;;"1. Улететь за море синее! Посмотреть на церковь сильную!
Радость там во славе стелется, там любовь дарят обильную…

Пр. Очи видят Твою радость! Губы пьют святую сладость!
       Сердца стук сольётся с песней, - с нею мир ещё чудесней!

2. Ночью свет сильнее светится! У дорог ромашки белые…
И луна на небе яркая, с нею звёзды опьянелые…

3. И гостей зовём мы  к Господу разделить любовь и праведность!
Показать красу небесную, чтобы всем она понравилась…";"
[Am]1. Улетет[G]ь за море си[Am]нее! Посмотреть[F] на церковь [G]сильную![Am]
[Am]Радость та[G]м во славе стелет[Am]ся, там любовь[F] дарят обил[G]ьную…[Am]

[Am]Пр. Очи видят Тво[G]ю радость! Губы пьют святу[F]ю сладость![G]
[Am]       Сердца стук сол[G]ьётся с песней, - с нею м[F]ир ещё чудесней![G]

2. Ночью свет сильнее светится! У дорог ромашки белые…
И луна на небе яркая, с нею звёзды опьянелые…

3. И гостей зовём мы  к Господу разделить любовь и праведность!
Показать красу небесную, чтобы всем она понравилась…
";;;;
0558;558;Я вернусь;Огненный ветер;Am;3;;4/4;;;V1 C V2;Огненный ветер (аккорды);;;;;"1. Я вернусь, чтоб поднять в Небеса Твою любовь!
Я вернусь, чтобы ты принял жизнь, принял кровь!
Я вернусь, когда мир изберёт смертный путь,
И в грехе,  и в огне, может вмиг утонуть!

Пр. Но ты воскреснешь, как и Я воскрес!
       И вознесёшься до Моих небес!
       Я обещал: тебя не позабыть!
       Ты воззови ко Мне и будешь жить!

Проигрыш: Am G Em F

2. Я вернусь, чтоб сказать – как люблю Я тебя!
Я вернусь, чтоб спасти твою жизнь из огня!
Я вернусь за тобой, жизнью смерть победив!
Небеса ждут тебя, в вечность дверь отворив!";"
[Am]1. Я в[G]ернусь, чт[Em]об поднять[F] в Небеса Т[Am]вою[G] любовь![F]
[Am]Я верну[G]сь, чтобы[Em] ты при[F]нял жи[Am]знь, при[G]нял кровь![F]
[Am]Я верну[G]сь, ког[Em]да мир и[F]збер[Am]ёт сме[G]ртный п[F]уть,
[Am]И в грехе,[G]  и[Em] в огне,[F] може[Am]т вмиг ут[G]онут[F]ь!

[Am]Пр. Но ты воскреснешь, как[G] и Я в[Em]оскрес![F]
[Am]       И вознесёшь[G]ся до М[Em]оих небе[F]с!
[Am]       Я обещал:[G] тебя не[Em] поз[F]абыть!
[Am]       Ты воззови к[G]о Мне [Em]и будешь жи[F]ть!

Проигрыш: Am G Em F

2. Я вернусь, чтоб сказать – как люблю Я тебя!
Я вернусь, чтоб спасти твою жизнь из огня!
Я вернусь за тобой, жизнью смерть победив!
Небеса ждут тебя, в вечность дверь отворив!";;;;
0559;559;Всегда видел я Господа! (Пс.15:9-11);Огненный ветер;Am;3;;4/4;;;V1 V2 V3;Огненный ветер (аккорды);;;;;"
1. Твои песни льются мёдом, Иерусалим!
И кружатся хороводы,      Иерусалим!
Ароматом винограда цветут сады!
Нежным ветром нас встречают Твои мечты!


Пр. Город света, город счастья – Иерусалим!
       Город боли и страданья  –  Иерусалим!
       Всё в тебе перемешалось: 
       И смех и грусть…
       По твоей земле горячей      ходил Иисус!

2. Не погаснет свет надежды, Иерусалим!
Воссияет твоя слава, Иерусалим!
Зацветут в долинах розы! Придёт рассвет!
И забудутся страданья прошедших лет!

Пр. Город света, город счастья – Иерусалим!
       Мы целуем твои камни, Иерусалим!
       Всё в тебе перемешалось: 
    И смех и грусть…
    По твоей земле горячей идёт Иисус!";"{title: Твои песни льются мёдом}
{key: Am}
{capo: +3}


1. Тв[Am]ои песни льются мёдом, Иерусал[Dm]им!
[E]И кружатся хоровод[Dm]ы,      [E]Иер[Am]усалим![E]
Аром[Am]атом винограда цветут сады![Dm]
Нежн[E]ым ветром нас встречают [Dm]Тв[E]ои м[Am]ечты![G]


Пр. Г[C]ород света, город счастья [A7]– Иерусал[Dm]им!
       [G]Город боли и страданья  [Dm]–  И[E]ерус[Am]алим![G]
       Вс[C]ё в тебе перемешалось: [A7]
       И смех и [Dm]грусть…
       П[G]о твоей земле горячей[Dm]      ход[E]ил Иис[Am]ус![E]

2. Не погаснет свет надежды, Иерусалим!
Воссияет твоя слава, Иерусалим!
Зацветут в долинах розы! Придёт рассвет!
И забудутся страданья прошедших лет!

Пр. Город света, город счастья – Иерусалим!
       Мы целуем твои камни, Иерусалим!
       Всё в тебе перемешалось: 
    И смех и грусть…
    По твоей земле горячей идёт Иисус!";;;;
0560;560;На небесах трубы трубят;Огненный ветер;Am;3;;4/4;;;V1 C V2 V3;Огненный ветер (аккорды);;;;;"
1. Твои слова – зерно отборное, 
Огнём Моим они очищены!
Твои слова в муку промолоты,    чтоб хлебом быть!
Кто примет их, тот примет золото 
Твоей любви и истины!
Тот будет славою Небесною,    как сын покрыт!

Пр. Пусть Ангелы поют на Небесах Моих!
       Тебе они дают касаться крыл своих!
       Любовь в Моих словах, ты слышишь духом их!
       От Слова Моего ты получаешь жизнь!

2. Ты не мечи его пред свиньями, 
Пусть даже свиньями богатыми!
Оно, как жемчуг драгоценнейший, тебе дано!
Ведь кровью за него заплачено, 
Чтоб в Боге стали вы свободными!
Ты больше всех даров блистающих цени его!

3. Враги не входят во святилище 
Огня святого поклонения!
Для них всего лишь это зрелище или кино…
Не бойся стать для всех посмешищем, 
Не слушай речи пустословия!
Храни всё то, что Мной обещано тебе давно!";"{title: Твои слова}
{key: Am}
{capo: +3}


1. Тво[Am]и слова – зерно отб[Dm]орное, 
Огн[E]ём Моим они [Am]очищены!
Тво[F]и слова в муку пром[Dm]олоты,    [E]чтоб хлебом [Am]быть![E]
[Am]Кто примет их, тот примет [Dm]золото 
Тво[E]ей любви и [Am]истины!
Т[F]от будет славою Неб[Dm]есною,    [E]как сын п[Am]окрыт!

[Am]Пр. Пусть [Dm]Ангелы поют на [Am]Небесах Моих!
       Теб[E]е они дают кас[Am]аться крыл своих!
       Люб[Dm]овь в Моих слов[G]ах, ты сл[C]ышишь духом [F]их!
       От [Dm]Слова Моег[E]о ты [Am]получаешь жизнь!

2. Ты не мечи его пред свиньями, 
Пусть даже свиньями богатыми!
Оно, как жемчуг драгоценнейший, тебе дано!
Ведь кровью за него заплачено, 
Чтоб в Боге стали вы свободными!
Ты больше всех даров блистающих цени его!

3. Враги не входят во святилище 
Огня святого поклонения!
Для них всего лишь это зрелище или кино…
Не бойся стать для всех посмешищем, 
Не слушай речи пустословия!
Храни всё то, что Мной обещано тебе давно!";;;;
0561;561;С Тобою собирать;Огненный ветер;Am;3;;4/4;;;V1 C V2 B;Огненный ветер (аккорды);;;;;"
1.Твой Ангел на рассвете меня тихонько будит, 
Чтоб сердце просыпалось от темноты ночной!
Душа, готовясь к славе, ещё нежнее будет!
Рассвет её наполнит кристальною водой!

Пр. Едва земли касаясь, плывёт моя молитва
       И в Небеса взлетает птицей!
       Слезами взор очищу, увижу, что сокрыто…
       И буду продолжать молиться!

2. Тебя стремясь услышать,  я буду ждать свидания!
Я знаю: Ты увидишь мою к Тебе любовь!
Пусть льётся в Небо песня и слов моих признания!
С рассвета до заката дышу я лишь Тобой!


";"{title: Твой Ангел}
{key: Am}
{capo: +3}


1.Твой [Am]Ангел на рас[Dm]свете м[G]еня тихонько [C]будит, 
Чтоб с[F]ердце прос[Dm]ыпалось от [E]темноты ночной!
Душа, готовясь к славе, ещё нежнее будет!
Рассвет её наполнит кристальною водой!

Пр. [Am]Едва земли к[Dm]асаясь, плыв[E]ёт моя м[Am]олитва
       [F]И в Небеса взл[Dm]етает пт[E]ицей!
       Слезами взор очищу, увижу, что сокрыто…
       И буду продолжать молиться!

2. Тебя стремясь услышать,  я буду ждать свидания!
Я знаю: Ты увидишь мою к Тебе любовь!
Пусть льётся в Небо песня и слов моих признания!
С рассвета до заката дышу я лишь Тобой!


";;;;
0562;562;Тебя не ищут те, кто горд;Огненный ветер;Am;3;;4/4;;;V1 C V2 B;Огненный ветер (аккорды);;;;;"
1. Тебя не ищут те, кто горд: дороже неба им земля!
Им незнаком ни Твой огонь, ни запах ветра!
А мне желанней Божий мир, где можно всё начать с нуля,
Где милость Бога обновляется с рассвета…

Пр. Лишь на Тебя надеюсь я! Ты – жизни смысл и бытия!
       И Ты Один – моя надежда, моя сила!
       Я Твоим именем спасусь, на крыльях Духа поднимусь,
       Твоя любовь мне все грехи мои простила!

2. Я за Тобой пойду туда, куда зовёшь, Иисус меня!
И я с Тобою быть хочу, крестом распятый!
Кто не с Тобой, живёт во тьме! Но моя слава – на кресте!
Я Твоим духом, Твоим Словом стал богатый!

Бр. А-а-а-а, а-а-а-а
";"{title: Тебя не ищут те, кто горд}
{key: Am}
{capo: +3}


1. Тебя не [Am]ищут те, кто горд: дороже н[Dm]еба им земл[E]я!
Им незнак[Am]ом ни Твой ог[F]онь, ни запах [G]ветра!
А мне жел[Am]анней Божий мир, где можно вс[Dm]ё начать с нул[E]я,
Где милость Б[Am]ога обновля[F]ется с рассв[G]ета…

Пр. Лишь на Теб[Am]я надеюсь я! Ты – жизни см[G]ысл и бытия!
       И Ты Од[F]ин – моя надежда, моя с[E]ила!
       Я Тво[Am]им именем спасусь, на крыльях Д[G]уха поднимусь,
       Твоя люб[F]овь мне все грехи мои прост[E]ила!

2. Я за Тобой пойду туда, куда зовёшь, Иисус меня!
И я с Тобою быть хочу, крестом распятый!
Кто не с Тобой, живёт во тьме! Но моя слава – на кресте!
Я Твоим духом, Твоим Словом стал богатый!

Бр. [Am]А-а-[G]а-а, [F]а-а-а-[E]а
";;;;
0563;563;Мудростью дом устрояет Господь;Огненный ветер;Am;3;;4/4;;;V1 C V2 V3 B;Огненный ветер (аккорды);;;;;"
1. Твоя благодать покрыла меня, омыла меня кровью Твоей!
И жизнь потекла, как сладостный сок: 
Весь Твой виноград созрел на кресте! 

Пр. Голгофу я вижу в огне! Голгофу!
      Она поселилась во мне распятьем!
      Пусть тысячи лет пронеслось над миром,
      Новое время пришло благодатью!

2. Вот близится час земного конца, но это для тех, кто Бога отверг,
И будет рассвет царства Отца в господстве любви здесь на земле! 
";"{title: Твоя благодать покрыла меня}
{key: Am}
{capo: +3}


1. Тво[Am]я благодать покр[G]ыла меня, ом[F]ыла меня кр[E]овью Твоей!
И ж[Am]изнь потекла, как сл[G]адостный сок: 
Весь Тв[F]ой виноград созр[E]ел на кресте! 

Пр. Голг[Dm]офу я вижу в огне! Голг[Am]офу!
      Он[Dm]а поселилась во мн[F]е расп[E]ятьем!
      Пусть т[Dm]ысячи лет пронеслось над [Am]миром,
      Н[Dm]овое время пришл[F]о благод[E]атью!

2. Вот близится час земного конца, но это для тех, кто Бога отверг,
И будет рассвет царства Отца в господстве любви здесь на земле! 
";;;;
0564;564;За полосою чёрно-белою;Огненный ветер;Am;3;;4/4;;;V1 C V2 B;Огненный ветер (аккорды);;;;;"
1. Твоя земля покрыта морями среди гор, 
Полями и лесами, и зеркалом    озёр…
Хочу держаться сердцем Твоих корней
И видеть Твою славу в среде огней!

Пр. Ты – мой Господь! Ты - мой Творец! 
       Ты был всегда,   Ты был и есть!
       Твоя любовь меня ведёт 
       Всегда на крест! Всегда вперёд! 

2. Распятыми руками Ты обнимаешь нас!
И нежными словами даёшь приказ:
«Живи! Дыши! Надейся! Люби и верь!
Молись об излиянии Моих дождей!»
";"{title: Твоя земля покрыта}
{key: Am}
{capo: +3}


[Am]1. Тв[E]оя земля покрыт[Am]а морями среди гор, [Dm]
Полями и лес[G]ами, и зеркалом    [E]озёр…
Х[E]очу держаться сердц[Am]ем Твоих корней[Dm]
И видеть Твою сл[G]аву в среде огн[E]ей!

Пр. [Am]Ты – мой Госп[Dm]одь! Т[E]ы - мой Твор[Am]ец! 
       Т[F]ы был всегд[Dm]а,   Т[E]ы был и [Am]есть!
       Твоя [Am]любовь [Dm]меня [G]ведёт [C]
       Всегда [F]на крест! [Dm]Всегда [E]вперёд! [Am]

2. Распятыми руками Ты обнимаешь нас!
И нежными словами даёшь приказ:
«Живи! Дыши! Надейся! Люби и верь!
Молись об излиянии Моих дождей!»
";;;;
0565;565;Расскажи мне, птица белая;Огненный ветер;Am;3;;4/4;;;V1 C V2 B;Огненный ветер (аккорды);;;;;"
Твоя святость! 
Твоя святость открывается на Небесах!
Твоя святость! 
Твоя святость отражается в наших сердцах!

Пр. Всегда ты пой, пой и радуйся!
      Всегда ты пой, пой и танцуй!
      Всегда ты пой, пой и радуйся,
      И воздавай хвалу Творцу!

2.Те, кто сердце посвятил Ему; 
Те, кто душу положил;
Те, кто слабым был и бессильным был, 
Во сто крат получит сил!";"{title: Твоя святость}
{key: Am}
{capo: +3}


Твоя св[Am]ятос[Dm]ть! 
Твоя св[G]ят[C]ость открыв[F]ается [E]на Неб[Am]есах!
Твоя [Am]свят[Dm]ость! 
Твоя св[G]ят[C]ость отраж[F]ается в [E]наших сер[Am]дцах!

Пр. Всегда ты [Am]пой, пой и [Dm]радуйся!
      Всегда ты [G]пой, пой [C]и танцуй!
      Всегда ты п[F]ой, пой и [Dm]радуйся,
      И воздав[E]ай хвалу Тв[Am]орцу!

2.Те, кто сердце посвятил Ему; 
Те, кто душу положил;
Те, кто слабым был и бессильным был, 
Во сто крат получит сил!";;;;
0566;566;Благодарим за всё Тебя;Огненный ветер;Am;3;;4/4;;;V1 C V2 B;Огненный ветер (аккорды);;;;;"
1. Тебе, мой Бог, слава и честь! 
Тебе пою     я   новую песнь!
Звучит она в    сердце моём! 
Во тьме и мгле горит огнём!

Пр.  «Свят и велик       мой Бог! 
        Свят и велик     Господь!» -
        На Небесах и на земле 
        Хочу я петь лишь о Тебе! 

2. Ты – Бог богов! Ты - Царь царей! 
Любовь Твоя всего сильней! 
Я не боюсь теперь ничего!
Люблю Тебя! Тебя одного!";"{title: Тебе, мой Бог слава и честь!}
{key: Am}
{capo: +3}


[Am]1. Тебе, мой [Dm]Бог, сл[E]ава и ч[Am]есть! 
Тебе п[Dm]ою     [E]я   новую п[Am]еснь!
Звучит [Dm]она в    [G]сердце м[C]оём! [F]
Во тьме и мгл[Dm]е гор[E]ит [Am]огнём!

Пр.  [A7]«Свят и вел[Dm]ик       [G]мой [C]Бог! [F]
        Свят и вел[Dm]ик     [E]Г[Am]осподь!» -
        На Небесах и на земле 
        Хочу я петь лишь о Тебе! 

2. Ты – Бог богов! Ты - Царь царей! 
Любовь Твоя всего сильней! 
Я не боюсь теперь ничего!
Люблю Тебя! Тебя одного!";;;;
0567;567;Будет ли прощенье между нами;Огненный ветер;Am;4;;4/4;;;V1 C V2 V3;Огненный ветер (аккорды);;;;;"

1. Тебе    сердце отдаю!  Тебе     я хвалу пою!
 Тебе    славу воздаю!  Тебе    Всемогущему!

2. Звезда Вифлеемская светит в сердце у меня!
Славлю моего Царя! Тебе поклоняюсь я!

(проигрыш в фонограмме и в минусе)

3. Ценней ценного дары 
Тебе принесли волхвы!
А я в дар несу его, сердце грешное моё!
(А я в дар несу его, сердце верное моё!)
";"{title: Тебе сердце отдаю}
{key: Am}
{capo: +4}



[Am]1. Т[E]ебе    сердце отд[Am]аю!  Теб[E]е     я хвалу [Am]пою!
 [A7]Теб[Dm]е    сл[G]аву возда[C]ю!  [Am]Теб[H7]е    Вс[E]емогущем[Am]у!

2. Звезда Вифлеемская светит в сердце у меня!
Славлю моего Царя! Тебе поклоняюсь я!

(проигрыш в фонограмме и в минусе)

3. Ценней ценного дары 
Тебе принесли волхвы!
А я в дар несу его, сердце грешное моё!
(А я в дар несу его, сердце верное моё!)
";;;;
0568;568;Чтоб не случилась весной зима;Огненный ветер;Am;3;;4/4;;;V1 C V2;Огненный ветер (аккорды);;;;;"1. Чтоб не случилась весной зима,
Не постучалась в окно беда,
Ты сердца дверь отворяй всегда лишь Богу!
С Ним не страшна в холода метель,
Он есть твой путь и Ему ты верь!
И каждый день чудеса встречай у порога…

Пр. В холод идти ты не спеши, всё, позабыв, Богу отдай!
       Он исцелит раны души, Божью любовь ты принимай!

2. Чтоб не забыть летних радуг дни, и не исчезли во тьме они,
Ты, положив их в конверт, отправь на небо!
Там Будут Ангелы в ряд стоять, и твои письма все принимать,
И отвечать, накормив тебя хлебом…";"
[Am]1. Чтоб не слу[Dm]чилась весной [E]зима,[Am]
[Am]Не постучалас[Dm]ь в окно беда,[G][C]
[F]Ты сердца дверь отво[Dm]ряй всегда лишь Богу![E][Am]
[Am]С Ним не страшна в[Dm] холода мете[E]ль,[Am]
[Am]Он есть твой путь и Е[Dm]му ты вер[G]ь![C]
[F]И каждый день чуде[Dm]са встречай у порога…[E][Am]

[Am]Пр. В холод[G] идт[F]и ты не спе[E]ши, всё, по[Dm]забыв, Бо[F]гу отдай[Dm]![E]
[Am]       Он и[G]сцели[F]т раны души, Б[E]ожью[Dm] любовь ты при[F]нимай![Dm][E]

2. Чтоб не забыть летних радуг дни, и не исчезли во тьме они,
Ты, положив их в конверт, отправь на небо!
Там Будут Ангелы в ряд стоять, и твои письма все принимать,
И отвечать, накормив тебя хлебом…

";;;;
0569;569;Армения;Огненный ветер;Am;3;;4/4;;;V1 C V2 V3;Огненный ветер (аккорды);;;;;"
1. Тебя увижу в Небесах,       когда я песню допою…
Тобой я на земле дышал,        Тебя я в вечности люблю!
Никто из всех моих врагов     меня остановить не смог 
Я жизнь любовью наполнял, 
Как свой последний монолог!

Пр. Прославь, мой Бог, Себя во всём! 
       Прославься даже в моей  смерти!
       Я пел Тебе, и день за днём 
       Я знал, что Твой концерт бессмертен!

2. Мой Бог, я песню записал из звуков жизни и крови!
Я песней грешников спасал, 
Чтоб с Богом встретились они!
Отверг я славу у людей и принял Твой нелёгкий крест!
Мне дорог стал не золотой,  
А Твой, терновый Твой венец! ";"{title: Тебя увижу в Небесах!}
{key: Am}
{capo: +3}


[Am]1. Тебя ув[Dm]ижу в Небес[E]ах[Am],       когда я [Dm]песню допо[G]ю…
[C]Тобой я на земле дыш[F]ал[Dm],        Тебя я в [E]вечности любл[Am]ю!
[Am]Никто из [Dm]всех моих враг[E]ов[Am]     меня ост[Dm]ановить не [G]см[C]ог 
Я жизнь любовью наполн[F]ял, [Dm]
Как свой посл[E]едний мон[Am]олог![G]

Пр. Прославь, мой Б[C]ог, Себя во вс[F]ём! [Dm]
       Прославься [Em]даже в моей  [Am]смерти![G]
       Я пел Теб[C]е, и день за [F]днём [Dm]
       Я знал, что Тв[Em]ой концерт бессм[Am]ертен!

2. Мой Бог, я песню записал из звуков жизни и крови!
Я песней грешников спасал, 
Чтоб с Богом встретились они!
Отверг я славу у людей и принял Твой нелёгкий крест!
Мне дорог стал не золотой,  
А Твой, терновый Твой венец! ";;;;
0570;570;Я в тишине своей души;Огненный ветер;Am;3;;4/4;;;V1 C V2;Огненный ветер (аккорды);;;;;"1. Я в тишине своей души молитву вознесу!
Прими её, как сердца дар величью Твоему!
Во славе Ты, мой Бог и Царь, мне говоришь: Люблю!
И я, молясь, внутри души Твои слова храню!

Пр. Опустится на землю скоро ночь, и звёзды засияют в зеркалах!
       И вижу я любовь, везде Твою любовь,
       Она меня ведёт на небеса!

2.Вот солнца луч под птичий крик молитву осветил
И полились мои слова, и стало больше сил!
Но день пройдёт, и стрелок ход пройдёт сквозь жизнь мою,
Но я хочу сказать Тебе: «за всё благодарю!»";"
[Am]1. Я в тишине своей души молитву во[Dm]знесу![Am]
[F]Прими её, как сер[Dm]дца дар величью Тв[F]оему![E]
[Am]Во славе Ты, мой Бог и Царь, мне говоришь: Люблю[Dm]![Am]
[F]И я, молясь, внутри души Т[Dm]вои слова храню![F][E]

[Am]Пр. Опустится на[Dm] землю скоро ночь, [E]и звёзды заси[Am]яют в зеркала[Dm]х![G][C]
[Dm]       И вижу [E]я любовь, вез[Am]де Твою любовь,[F]
[Dm]       Она ме[E]ня ведёт на небеса[Am(A7)]!

2.Вот солнца луч под птичий крик молитву осветил
И полились мои слова, и стало больше сил!
Но день пройдёт, и стрелок ход пройдёт сквозь жизнь мою,
Но я хочу сказать Тебе: «за всё благодарю!»

";;;;
0571;571;И был вечер;Огненный ветер;Am;3;;4/4;;;V1 C V2 V3;Огненный ветер (аккорды);;;;;"
1. Тебя Я     столетия ждал и в правде Себе обручил,
Своею Невестой назвал! Тебе Я     Себя подарил!

Пр. Утру Своей рукой      слезу с Твоих очей
       И сердце исцелю     любовью Я Своей!
       Все тяжести стряхну,     расторгну бремена!
       От смерти сохраню,     Любимая Моя!

2. Небесной водой окроплю 
Подошвы израненных ног,
Что с вестью благою прошли 
Всю землю, где правит наш Бог!

Пр. Утру Своей рукой слезу с Твоих очей
       И сердце исцелю любовью Я Своей!
       Все тяжести стряхну, расторгну бремена!
       От смерти сохраню, Любимая Моя!
       (Тебя навек люблю, Любимая Моя!)";"{title: Тебя Я столетия ждал}
{key: Am}
{capo: +3}


1. Т[Am]ебя Я     [E]столетия жд[Am]ал и в правде Себе обруч[Dm]ил,
Сво[G]ею Невестой назв[Dm]ал! Теб[G]е Я     [E]Себя подар[Am]ил!

Пр. Утру Сво[Dm]ей рукой      [G]слезу с Тво[C]их очей[F]
       И сердце [Dm]исцел[E]ю     любовью [Am]Я Своей!
       Все тяжест[Dm]и стряхну,     [G]расторгну бр[C]емена![F]
       От смерти [Dm]сохраню,     [E]Любим[Am]ая Моя!

2. Небесной водой окроплю 
Подошвы израненных ног,
Что с вестью благою прошли 
Всю землю, где правит наш Бог!

Пр. Утру Своей рукой слезу с Твоих очей
       И сердце исцелю любовью Я Своей!
       Все тяжести стряхну, расторгну бремена!
       От смерти сохраню, Любимая Моя!
       (Тебя навек люблю, Любимая Моя!)";;;;
0572;572;Бог пишет Свой рассказ;Огненный ветер;Am;2;;4/4;;;V1 C V2;Огненный ветер (аккорды);;;;;"
1. Тень ходит за нами вслед! 
В ней истины только нет!
Но в солнечный летний день 
Вмиг вдруг исчезает тень…

Пр. Надо любить сейчас! Надо любить сейчас! 
       Надо любить сейчас, пока не поздно!
       Словно в последний раз пусть провожают нас, 
       Пусть обжигают нас летние грозы!

2.Всё, что принесла беда, всё, что унесла вода, - 
Вдруг станет пустым сейчас! 
Век вмиг сократится в час!

Пр. Буду любить Тебя! Буду любить Тебя! 
       Буду любить Тебя, пока есть силы!
       Чтобы моя судьба, чтобы Твоя судьба
       В Вечности навсегда стали едины!
";"{title: Тень ходит за нами вслед}
{key: Am}
{capo: +2}


1. [Am]Тень ходит за [Dm]нами вслед! 
В [E]ней истины [Am]только нет![E]
Но в солнечный летний день 
Вмиг вдруг исчезает тень…

Пр. Надо люб[Dm]ить сейч[G]ас! Надо люб[C]ить сейч[F]ас! 
       Надо люб[Dm]ить сейч[E]ас, пока не [Am]поздно!
       Словно в последний раз пусть провожают нас, 
       Пусть обжигают нас летние грозы!

2.Всё, что принесла беда, всё, что унесла вода, - 
Вдруг станет пустым сейчас! 
Век вмиг сократится в час!

Пр. Буду любить Тебя! Буду любить Тебя! 
       Буду любить Тебя, пока есть силы!
       Чтобы моя судьба, чтобы Твоя судьба
       В Вечности навсегда стали едины!
";;;;
0573;573;Жемчугами вновь;Огненный ветер;Em;3;;4/4;;;V1 C V2;Огненный ветер (аккорды);;;;;"
1. Теперь уж будет всё не так – нам шепчет злобно Божий враг, 
Но я смотрю и вижу, как солнце светит!
Всё так же расцветает мак, и нужен кораблям маяк,
Бог знает всё! Он нас ведёт к победе!

Пр. Победа нам принадлежит! Россия в истине стоит!
       В духовной брани меч огнём сияет!
       Все вместе мы несём свой крест, в нём наша сила, наша честь! 
       В последний бой Господь солдат благословляет!

2. Я не хочу смотреть  туда, в грехе где тонут города,
Я их спасти хочу молитвой и хвалою!
Во мне сияет Божий свет, и в сердце я храню завет!
Вставай, мой друг, плечом к плечу со мною!

";"{title: Теперь уж будет всё не так}
{key: Em}
{capo: +3}


1. Т[Em]еперь уж будет всё не так – нам ш[D]епчет злобно Божий враг, 
Но [C]я смотрю и вижу, как солнце св[H7]етит!
Всё [Em]так же расцветает мак, и [D]нужен кораблям маяк,
Бог зн[C]ает всё! Он нас ведёт к поб[H7]еде!

Пр. Победа [Em]нам принадлеж[C]ит! Россия в [Am]истине сто[H7]ит!
       В духовной бр[Em]ани меч огн[C]ём си[H7]яет!
       Все вместе м[Em]ы несём свой кр[C]ест, в нём наша с[Am]ила, наша [H7]честь! 
       В последний б[Em]ой Господь солд[C]ат благословл[H7]яет!

2. Я не хочу смотреть  туда, в грехе где тонут города,
Я их спасти хочу молитвой и хвалою!
Во мне сияет Божий свет, и в сердце я храню завет!
Вставай, мой друг, плечом к плечу со мною!

";;;;
0574;574;На земле будет Твоя воля;Огненный ветер;Am;3;;4/4;;;V1 C V2;Огненный ветер (аккорды);;;;;"
1. Тик-так! За стеной…Тик-тик-так! Ходит сон!
Спи, усни, мой малыш! Милый, дорогой! – 2р.

2. Ночь придёт к малышу! Я её приглашу!
Спи, усни, мой малыш! Милый, дорогой! – 2р.

3. Здесь – ночь! Там – день! Ходит сон, как тень…
Спи, усни, мой малыш! Милый, дорогой! – 2р.

4. Всех людей Бог хранит! Мой малыш мирно спит!
Спит, уснул мой малыш! Милый, дорогой! – 2 р.";"{title: Тик-так…}
{key: Am}
{capo: +3}


1. [Am]Тик-так! За стеной…Тик-тик-так! Ходит сон!
[Dm]Спи, усни, мой малыш! [Am]Милый, [E]дор[Am]огой! – 2р.

2. Ночь придёт к малышу! Я её приглашу!
Спи, усни, мой малыш! Милый, дорогой! – 2р.

3. Здесь – ночь! Там – день! Ходит сон, как тень…
Спи, усни, мой малыш! Милый, дорогой! – 2р.

4. Всех людей Бог хранит! Мой малыш мирно спит!
Спит, уснул мой малыш! Милый, дорогой! – 2 р.";;;;
0575;575;Твоя благодать покрыла меня;Огненный ветер;Em;2;;4/4;;;V1 C V2;Огненный ветер (аккорды);;;;;"
1. То ли  счастье, то ли радость мне укажет вектор к Богу!
Я иду, но холод мра------ка      преграждает мне доро--гу…

Пр. Разве может так случиться, что цветы цвести уста--ли?
       Разве может обратиться сердце к тем, кто в смерть упали?
       Разве может остановка стать судьбой никчемной жизни?
       Переходы, перелёты людям мёртвым ненавистны!

2. Я иду средь боли мрака, я иду навстречу буре!
Ну и что, что всё в заплатах… Ну и что, что все уснули 

Пр. Чувства в сердце осязанья искренней любви и дружбы…
       Я иду вперёд и знаю – Бог Любви мне очень нужен!
       Я не буду обращаться за советом к плоти с кровью!
       Лучше к Небу прикасаться в исцелении любовью!

3. Разве цель моя пропала без ответа и надежды?
Нет! Она яснее стала без обманчивой одежды!

Пр. Берег левый, берег правый мне совсем уже не нужен!
       Мне нужна река без мели, мне её движенье нужно!
       К Небу огненной пустыней не могу не прикоснуться!
       Это - больно! Но любовью буду жить! И это чудно!";"{title: То ли счастье}
{key: Em}
{capo: +2}


1. То ли  [Em]счастье, то ли [Am]рад[H7]ость мне ук[Em]ажет вектор к [Am]Бог[H7]у!
Я [Em]иду, но холод мр[Am]а----[H7]--к[Em]а      [C]прегражда[Am]ет мне дор[H7]о--г[Em]у…[H7]

Пр. Разве [Em]мож[Am]ет так случ[Em]итьс[Am]я, что цв[C]еты цвести [Am]уст[H7]а--ли?
       Разве [Em]мож[Am]ет обрат[Em]итьс[Am]я сердце к т[C]ем, кто в смерть [H7]упал[Em]и?[H7]
       Разве [Em]мож[Am]ет ост[Em]ановк[Am]а стать судьб[C]ой никчемной [Am]жизн[H7]и?
       Пер[Em]еход[Am]ы, пер[Em]елёт[Am]ы людям [C]мёртвым нен[H7]авис[Em]тны![H7]

2. Я иду средь боли мрака, я иду навстречу буре!
Ну и что, что всё в заплатах… Ну и что, что все уснули 

Пр. Чувства в сердце осязанья искренней любви и дружбы…
       Я иду вперёд и знаю – Бог Любви мне очень нужен!
       Я не буду обращаться за советом к плоти с кровью!
       Лучше к Небу прикасаться в исцелении любовью!

3. Разве цель моя пропала без ответа и надежды?
Нет! Она яснее стала без обманчивой одежды!

Пр. Берег левый, берег правый мне совсем уже не нужен!
       Мне нужна река без мели, мне её движенье нужно!
       К Небу огненной пустыней не могу не прикоснуться!
       Это - больно! Но любовью буду жить! И это чудно!";;;;
0576;576;Надо пройти;Огненный ветер;Am;3;;4/4;;;V1 C V2 B;Огненный ветер (аккорды);;;;;"
1. Только весною всё расцветает, 
Только весною в месяце мае.
Бог красотою мир обновляет, 
Истинным Словом жить вдохновляет!

Пр. Март, апрель, а потом месяц май! 
       Мы забудем студёный февраль!
       Так и в жизни бывает порой – 
       К нам приходит весна за зимой!

2. Будет надежда в сердце сбываться, 
Будем весною все наполняться!
Сердце от счастья будет сжиматься,
Будем соседям всем улыбаться!

Пр. Посмотри – сколько света вокруг!
       Издалёка доносится звук
       Песен, созданных сердцем весны!
       Кровью Агнца мы все спасены!

Бр. Вера, надежда, любовь! В сердце волнуется кровь,
      И наступает весна, что нам для жизни дана!
";"{title: Только весною}
{key: Am}
{capo: +3}


1. Т[Am]олько весною вс[G]ё расцветает, 
Т[F]олько весною в м[E]есяце мае.
[Am]Бог красотою м[G]ир обновляет, 
[F]Истинным Словом ж[E]ить вдохновляет!

Пр. Март, апр[Dm]ель, а пот[E]ом месяц [Am]май! 
       Мы заб[Dm]удем студ[G]ёный февр[C]аль!
       Так и в ж[Dm]изни быв[E]ает п[Am]орой – [F]
       К нам прих[Dm]одит в[E]есна за зим[EAm]ой!

2. Будет надежда в сердце сбываться, 
Будем весною все наполняться!
Сердце от счастья будет сжиматься,
Будем соседям всем улыбаться!

Пр. Посмотри – сколько света вокруг!
       Издалёка доносится звук
       Песен, созданных сердцем весны!
       Кровью Агнца мы все спасены!

Бр. В[Am]ера, надежда, люб[G]овь! В с[F]ердце волнуется кр[G]овь,
      [Dm]И наступает весн[G]а, чт[F]о нам для жизни дан[E]а!
";;;;
0577;577;Ты одеваешь нас сейчас;Огненный ветер;Em;4;;4/4;;;V1 C V2;Огненный ветер (аккорды);;;;;"1. Ты одеваешь нас сейчас перед ковчегом золотым
Свечи горят, и вижу я, как преклонился херувим.
Время истает как вода, много прошло уж зим и лет,
Все их затмил спасенья час, белых одежд сияния свет!

Пр. Благодать Твоя льётся и льётся,
       В нежной музыке вальса кружась!
       И по нотам она узнаётся, - в сердце Бога она родилась…
       Я тебя приглашаю на танец, Ангел мой белоснежный, родной,
       Будем Богу служить, улыбаясь, накрываясь святою волной!

2. Сердце омыто и светло милостью Бога и Отца!
Переполняется в любви Господа нашего Христа!
Таинство слова мне открыл Ангел небесный неземной,
И приготовлен брачный пир, и воцаряется покой!";"
[Em]1. Ты одеваешь нас с[C]ейчас перед ковчегом з[Am]олотым[H7]
[Em]Свечи горят, и [C]вижу я, как преклонился[Am] херувим.[H7]
[Em]Время истает как[C] вода, много прошло [Am]уж зим и лет,[H7]
[Em]Все их затмил спасен[C]ья час, белых одежд[Am] сияния свет![H7]

[Em]Пр. Благодать Твоя льётся и ль[C]ётся,
[Am]       В нежной музыке валь[H7]са кружась!
[Em]       И по нотам он[C]а узнаётся, - в сердце Бога [Am]она родилась…[H7]
[Em]       Я тебя приглашаю на [C]танец, Ангел мой бело[Am]снежный, родной,[H7]
[Em]       Будем Богу служить, у[C]лыбаясь, накрываясь [Am]святою волн[H7]ой![Em]

2. Сердце омыто и светло милостью Бога и Отца!
Переполняется в любви Господа нашего Христа!
Таинство слова мне открыл Ангел небесный неземной,
И приготовлен брачный пир, и воцаряется покой!";;;;
0578;578;Сотни миров;Огненный ветер;Am;3;;4/4;;;V1 C V2;Огненный ветер (аккорды);;;;;"
1. Только любовь побеждает страх, 
Только любовь обнимает нас с тобой на Небесах!
Ты посмотри в её глаза, ты посмотри, что живёт любовь 
Всегда в наших сердцах!

Пр. Ясное солнышко быстро прогонит тень!
       С благословением будем мы жить теперь!                                          
       Добрыми, чистыми,     лёгкими, быстрыми, 
       Нежными, ясными      станут дни!

2. Только весной тает снег в горах, 
Только весной расцветает красный мак в наших лугах!
Боль отойдёт, канет в темноту!
И позовёт на высоту Небес Божья мечта!

3. Только один есть секрет простой –
Как нам прожить эту жизнь в любви с тобой, вместе с тобой!
Будем сердца в чистоте хранить,
Будем беречь их, будем ценить всегда Божью любовь!";"{title: Только любовь побеждает страх}
{key: Am}
{capo: +3}


1. Т[Am]олько любовь побеждает страх, 
Т[G]олько любовь обнимает нас с тоб[F]ой на Небес[Am]ах!
[Am]Ты посмотри в её глаза, т[G]ы посмотри, что живёт любовь 
Всегд[F]а в наших сердц[Am]ах!

[Am]Пр. Ясное [Dm]солнышко быстро прог[Am]онит тень!
       С благослов[E]ением будем мы ж[Am]ить теперь!                                          
       Добрыми, [Dm]чистыми,     [G]лёгкими, б[C]ыстрыми, [F]
       Нежными, [Dm]ясными      [E]станут [Am]дни!

2. Только весной тает снег в горах, 
Только весной расцветает красный мак в наших лугах!
Боль отойдёт, канет в темноту!
И позовёт на высоту Небес Божья мечта!

3. Только один есть секрет простой –
Как нам прожить эту жизнь в любви с тобой, вместе с тобой!
Будем сердца в чистоте хранить,
Будем беречь их, будем ценить всегда Божью любовь!";;;;
0579;579;Мы взываем к Тебе, наш Бог!;Огненный ветер;Am;3;;4/4;;;V1 C V2 C;Огненный ветер (аккорды);;;;;"

1. Только море и небеса, 
Только волны и чудеса!
Бог зовёт нас на край земли! 
Что же ждёт нас впереди?

Пр. Море света, море огня! Это море – Любовь Твоя!
       Искупайся в нём, освятись! Богу истины поклонись!

2. Только вера и благодать! 
Бог желает нас наполнять
Свежей песнею волн морских! 
Солью истины осолить!

3. Поднимайся, мой друг, скорей! 
И с собою зови друзей!
Корабли нас устали ждать, 
Мы не можем им отказать…

";"{title: Только море и небеса}
{key: Am}
{capo: +3}



1. [Am]Только море и н[G]ебеса, 
Т[F]олько волны и ч[E]удеса!
[Am]Бог зовёт нас на кр[G]ай земли! 
Что [F]же ждёт нас впер[E]еди?

Пр. Море св[Am]ета, море огн[G]я! Это [Dm]море – Любовь Тв[Am]оя!
       Искуп[F]айся в нём, освят[Dm]ись! Богу истины поклон[E]ись!

2. Только вера и благодать! 
Бог желает нас наполнять
Свежей песнею волн морских! 
Солью истины осолить!

3. Поднимайся, мой друг, скорей! 
И с собою зови друзей!
Корабли нас устали ждать, 
Мы не можем им отказать…

";;;;
0580;580;Предстану рано пред Тобой (Пс.5);Огненный ветер;Am;3;;4/4;;;V1 C V2;Огненный ветер (аккорды);;;;;"
1.Только Ты, Иисус, - моя отрада! 
Только Ты, Иисус, - любовь моя!
Только Ты, Иисус, - моя надежда!
Только Ты, Иисус, - Спаситель мой! Спаситель мой!

Пр. Все Небеса славу поют, славят Отца-Творца!
       Все небеса славу поют для моего Христа!
       Звёзд хоровод, ангелов хор, радостно песнь поют:
       «Слава Тебе! Слава Тебе! Честь и хвала!»";"{title: Только Ты, Иисус!}
{key: Am}
{capo: +3}


1.Т[Am]олько Ты, Иисус, - моя отр[Dm]ада! 
Т[G]олько Ты, Иисус, - любовь [C]моя![E]
Т[Am]олько Ты, Иисус, - моя над[Dm]ежда!
Т[G]олько Ты, Иисус, - Спаситель м[E]ой! Спаситель [Am]мой![E]

Пр. Все Неб[Am]еса славу по[Dm]ют, славят Отц[G]а-Творц[E]а!
       Все неб[Am]еса славу п[Dm]оют для моег[E]о Христа!
       Зв[A7]ёзд хоров[Dm]од, [G]ангелов х[C]ор, р[F]адостно п[Dm]еснь по[E]ют:
       «Слава Т[Am]ебе! Сл[F]ава Т[Dm]ебе! [E]Честь и хв[Am]ала!»";;;;
0581;581;Так век за веком;Огненный ветер;Am;3;;4/4;;;V1 C V2;Огненный ветер (аккорды);;;;;"
1. Трудно жить в одиночку, трудно плакать, смеяться,
Когда в клетке тюремной мне и выхода нет…
Был я пойман коварно на уловки лукавых,
Чтобы жить мне без Бога до скончания лет!

Пр. За всё золото мира мне не выкупить душу!
       Кто назначит мне цену, чтобы жить для любви?
       Божий Сын, Божий Агнец стал моим искуплением!
       Он назначил мне цену Своей чистой крови!

2. В один миг, в одночасье, я прозрел и всё понял:
Я нуждаюсь в спасении от греха и от лжи!
Из глубин страшных ада я воззвал к Иисусу:
«О, мой Бог и Спаситель! Мне ожить помоги!»";"{title: Трудно жить в одиночку}
{key: Am}
{capo: +3}


[Am]1. Трудно жить в один[Dm]очку, трудно плакать, смеятьс[Am]я,
Когда в клетке тюр[E]емной мне и выхода [Am]нет…
[Am]Был я пойман ков[Dm]арно на уловки лукав[Am]ых,
Чтобы жить мне без Б[E]ога до скончания л[Am]ет!

[Am]Пр. За всё золото [Dm]мира мне не выкупить [Am]душу!
       Кто назначит мне ц[E]ену, чтобы жить для любв[Am]и?
[Am]       Божий Сын, Божий [Dm]Агнец стал моим иск[Am]уплением!
       Он назначил мне ц[E]ену Своей чистой кров[Am]и!

2. В один миг, в одночасье, я прозрел и всё понял:
Я нуждаюсь в спасении от греха и от лжи!
Из глубин страшных ада я воззвал к Иисусу:
«О, мой Бог и Спаситель! Мне ожить помоги!»";;;;
0582;582;Боже, помоги нам;Огненный ветер;Am;2;;4/4;;;V1 C V2;Огненный ветер (аккорды);;;;;"
1. Ты – Бог мой! Тебя от раннего утра ищу!
Так жаждет Тебя душа моя и плоть томится!
В земле пустой, пустой, пустой, иссохшей!
В пустыне жаркой и совсем безводной!
Ты – Бог мой! Тебя от раннего утра ищу!

Пр. Чтоб видеть силу Твою! Чтоб видеть славу Твою!
       Которую я видел во святилище!
       И милость лучше Твоя, чем жизнь пустая моя!
       Уста мои да восхвалят Тебя!

2. Благословлю Тебя я в жизни моей!
И вознесу во имя Бога я в бессилии  руки!
Как туком насыщается  душа моя  
И, как елеем, гласом радости – уста мои!
Благословлю Тебя я в жизни моей!

3. Когда я размышляю о Тебе ночами,
То с моих уст хвала к Тебе всегда слетает!
Так прилепилась к Богу моему душа!
Так держишь Ты меня Своей десницей!
Когда я размышляю о Тебе ночами!

Пр. Ибо Ты – помощь моя! Ибо Ты – сила моя!
             В тени Твоих прекрасных крыл возрадуюсь!
             И милость лучше Твоя, чем жизнь пустая моя!
             Уста мои да восхвалят Тебя!";"{title: Ты – Бог мой! (Пс.62)}
{key: Am}
{capo: +2}


[Am]1. Ты – Бог [Dm]мой! Тебя от ранн[E]его утра ищ[Am]у!
Так [Dm]жаждет Тебя душа [E]моя и плоть том[Am]ится!
В земле пуст[Dm]ой, пустой, пуст[E]ой, исс[Am]охшей![F]
В пустыне [Dm]жаркой и совс[E]ем безв[Am]одной!
Ты – [Dm]Бог мой! Тебя от р[E]аннего утра ищ[Am]у!

Пр. Чтоб видеть с[Dm]илу Тво[E]ю! Чтоб видеть сл[Dm]аву Тво[E]ю!
       Котору[Dm]ю я в[E]идел во свят[Am]илище!
       И милость л[Dm]учше Тво[E]я, чем жизнь пуст[Dm]ая мо[E]я!
       Уста мо[Dm]и да в[E]осхвалят Теб[Am]я!

2. Благословлю Тебя я в жизни моей!
И вознесу во имя Бога я в бессилии  руки!
Как туком насыщается  душа моя  
И, как елеем, гласом радости – уста мои!
Благословлю Тебя я в жизни моей!

3. Когда я размышляю о Тебе ночами,
То с моих уст хвала к Тебе всегда слетает!
Так прилепилась к Богу моему душа!
Так держишь Ты меня Своей десницей!
Когда я размышляю о Тебе ночами!

Пр. Ибо Ты – помощь моя! Ибо Ты – сила моя!
             В тени Твоих прекрасных крыл возрадуюсь!
             И милость лучше Твоя, чем жизнь пустая моя!
             Уста мои да восхвалят Тебя!";;;;
0583;583;Лист сухой;Огненный ветер;Am;3;;4/4;;;V1 C V2 V3;Огненный ветер (аккорды);;;;;"
1. Ты веди меня! Ты веди меня домой!
Мой Возлюбленный! Драгоценный Дух Святой!
Ты веди меня! Словом огненной любви!
Песней Ангела за Собою позови!

Пр. Через смерть и любовь, через радость и кровь,
       Через муки и боль от гвоздей….
       Через гром и огонь, через голос Святой
       Ты храни меня силой Своей!

2. Ты храни меня! Ты храни меня всегда!
Не страшны с Тобой мне ни буря, ни беда…
Ты храни меня  на пути в Небесный дом!
Мой Возлюбленный! Драгоценный Дух Святой!

Mod+2: (F#) Hm Em F# Hm G Em A
";"{title: Ты веди меня}
{key: Am}
{capo: +3}


1. [Am]Ты веди [Dm]меня! Ты веди [E]меня дом[Am]ой!
Мой Возл[Dm]юбленный! Драгоц[E]енный Дух Св[Am]ятой!
Ты вед[Dm]и меня! Словом [G]огненной любв[C]и![F]
Песней [Dm]Ангела за Соб[E]ою поз[Am]ови!

Пр. Через [Am]смерть и люб[Dm]овь, через [E]радость и [Am]кровь,
       Через м[F]уки и [Dm]боль от гвозд[G]ей….
       Через гр[C]ом и ог[F]онь, через [E]голос Св[Am]ятой
       Ты хран[F]и меня [G]силой Св[Am]оей!

2. Ты храни меня! Ты храни меня всегда!
Не страшны с Тобой мне ни буря, ни беда…
Ты храни меня  на пути в Небесный дом!
Мой Возлюбленный! Драгоценный Дух Святой!

Mod+2: (F#) Hm Em F# Hm G Em A
[Hm][A][G][Hm][F#][G][D]";;;;
0584;584;Я пребуду в Твоей любви;Огненный ветер;Em;3;;4/4;;;V1 C V2;Огненный ветер (аккорды);;;;;"1. Я пребуду в Твоей любви,
омываясь в Твоей крови
И хвалу вознесу Тебе до неба!
Я отвергнув себя, мой Бог,
крест понёс Твой, и сколько смог –
Прославлял Тебя жизнью всей, где б ни был…

Пр. Я люблю Тебя! Я люблю тебя, ты Мой Царь!
       Я служу Тебе, я служу Тебе всей душой…
       Я ищу всегда с раннего утра Твоего лица,
:|
       Направляешь Ты на Свои пути дух мой!

2. Ты мой Бог и Спаситель мой!
Восхищаюсь всегда Тобой!
Ничего нет Твоей любви дороже!
Воссияет Твой яркий свет
Над прошедшею тьмою лет,
И никто умереть уже не сможет…";"
[Em]1. Я пребуду в Твоей любви,
омываясь в Твоей крови
[Am]И хвалу вознесу Тебе до неба![H7]
[Em]Я отвергнув себя, мой Бог,
крест понёс Твой, и сколько смог –
[Am]Прославлял Тебя жизнью всей,[(C)] где б ни был…[H7]

[Em]Пр. Я люблю Тебя! Я люблю тебя, ты Мой Царь![Am]
[D]       Я служу Тебе, я служу Тебе всей душой…[G][H7]
[Em]       Я ищу всегда с раннего утра Твоего лица,[Am]
[C]:|[Am-H7 Em][Am][H7]
       Направляешь Ты на Свои пути дух мой!

2. Ты мой Бог и Спаситель мой!
Восхищаюсь всегда Тобой!
Ничего нет Твоей любви дороже!
Воссияет Твой яркий свет
Над прошедшею тьмою лет,
И никто умереть уже не сможет…";;;;
0585;585;Не будет!;Огненный ветер;Am;3;;4/4;;;V1 C V2;Огненный ветер (аккорды);;;;;"
1. Ты входишь в реку по лодыжку, и по колено, и по пояс,
И берег кажется так близко, как будто рядом он!
Но вот уже реки стремленье тебя по грудь собой скрывает
И твои ноги отрывает от илистых опор!

Пр. Она твоя, река от Бога! Теперь она – твоя дорога! 
       И ты плывёшь, и видишь Небо, зовущее вперёд!
       Не смей, мой друг, с рекой сражаться,
       Ты будешь плыть и наслаждаться!
       Ты будешь плыть и наслаждаться     рекой!

2. Воды поток всю грязь смывает и твою душу очищает
Как будто в детство возвращает, в забытые мечты!
Но ты готов ли измениться, 
Чтобы всем сердцем обратиться
К Тому, Кто радость сердцу дарит! 
Готов ли к счастью ты?  
";"{title: Ты входишь в реку}
{key: Am}
{capo: +3}


1. Ты входишь в [Am]реку по лодыжку, и по кол[Dm]ено, и по п[E]ояс,
И берег [Am]кажется так близко, как [Dm]будто р[E]ядом [Am]он!
Но вот уже реки стремленье тебя по грудь собой скрывает
И твои ноги отрывает от илистых опор!

Пр. [Dm]Она твоя, река от Бога! Теп[G]ерь она – твоя дорога! 
       И т[F]ы плывёшь, и в[C]идишь Небо, зов[Dm]ущее впер[G]ёд!
       Не см[Dm]ей, мой друг, с рекой сражаться,
       Ты б[G]удешь плыть и наслаждаться!
       Ты б[F]удешь плыть и н[Dm]аслаждаться     [E]рек[Am]ой!

2. Воды поток всю грязь смывает и твою душу очищает
Как будто в детство возвращает, в забытые мечты!
Но ты готов ли измениться, 
Чтобы всем сердцем обратиться
К Тому, Кто радость сердцу дарит! 
Готов ли к счастью ты?  
";;;;
0586;586;Смело шагаем;Огненный ветер;Am;2;;4/4;;;V1 C V2;Огненный ветер (аккорды);;;;;"
1. Ты – Господь мой, Ты – Герой мой! Тебя я люблю!
Словно молот Слово Твоё разбивает скалу!
Ты творишь для нас чудеса! И готовишь нам Небеса!
Ты – Господь мой, Ты – Герой мой! Тебя я люблю!

Пр. Слово Твоё – огонь! С Ним я иду вперёд!
       Оно разрушает тьму, душе моей свет даёт!
       Слово Твоё во мне рушит твердыни зла!
       Истинная любовь в сердце моё вошла!

2. Словно птицы, в небе птицы, парит над землёй
Твой прекрасный, самый лучший луч золотой!
Это Слово - ярче зарниц! Озаряет, падая вниз,
Наши земли, Божьи земли любовью святой!
";"{title: Ты – Господь мой}
{key: Am}
{capo: +2}


1. Т[Am]ы – Господь мой, Т[G]ы – Герой мой! Теб[F]я я люблю![E]
Сл[Am]овно молот Сл[G]ово Твоё [F]разбивает скал[E]у!
Т[Am]ы творишь для [G]нас чудеса! [Dm]И готовишь н[E]ам Небеса!
Т[Am]ы – Господь мой, Т[G]ы – Герой мой! Тебя [E]я люблю!

Пр. Сл[Am]ово Твоё – огонь! С Н[G]им я иду вперёд!
       Он[F]о разрушает тьму, душе [E]моей свет даёт!
       Сл[Am]ово Твоё во мне р[G]ушит твердыни зла!
       [F]Истинная любовь в [E]сердце моё вошла!

2. Словно птицы, в небе птицы, парит над землёй
Твой прекрасный, самый лучший луч золотой!
Это Слово - ярче зарниц! Озаряет, падая вниз,
Наши земли, Божьи земли любовью святой!
";;;;
0587;587;Любовь обнимает меня;Огненный ветер;Am;3;;4/4;;;V1 V2;Огненный ветер (аккорды);;;;;"
1. Ты избрал меня, чтоб приблизиться 
К храму Твоему и дарам!
Благами его дал насытиться, 
Дал служить Тебе во дворах!

Пр. Ибо один день во дворах Твоих 
       Лучше тысячи дней неверия!
       У порогов быть я хочу Твоих,  
       Но не жить в шатрах нечестия!

 2. Свет пошли с Небес, Твою истину! 
К жертвеннику путь укажи!
Ближе подойду ко святой горе,  
Богу радости и любви!

Пр. Что смущаешься, ты, душа моя? 
       Лучше уповай ты на Господа!
       Славить буду я Бога моего! 
       Славить буду я Спасителя!";"{title: Ты избрал меня}
{key: Am}
{capo: +3}


1. [Am]Ты избрал меня, чт[G]об приблизиться 
К хр[F]аму Твоему [E]и дарам!
[Am]Благами его [G]дал насытиться, 
Д[F]ал служить Тебе [E]во дворах!

Пр. [Am]Ибо один [Dm]день [G]во дворах Тво[C]их 
       [F]Лучше тыс[Dm]ячи [E]дней невер[Am]ия![E]
       [Am]У порогов [Dm]быть [G]я хочу Тво[C]их,  
       [F]Но не жить в [Dm]шатр[E]ах нечест[Am]ия![E]

 2. Свет пошли с Небес, Твою истину! 
К жертвеннику путь укажи!
Ближе подойду ко святой горе,  
Богу радости и любви!

Пр. Что смущаешься, ты, душа моя? 
       Лучше уповай ты на Господа!
       Славить буду я Бога моего! 
       Славить буду я Спасителя!";;;;
0588;588;Где-то в суровых льдах;Огненный ветер;Am;3;;4/4;;;V1 V2;Огненный ветер (аккорды);;;;;"
1. Ты излей, излей, излей, излей! Свой елей, елей, елей, елей!
На Своих детей, детей, детей! Ты излей!
Ты приди, приди, приди скорей! 
Жажду излияния любви Твоей!
Славу на Своих детей, детей Ты излей!

Пр. Ты, только Ты, моё сердце-камень можешь изменить!
       Ты, только Ты, 
       Своей кровью можешь все грехи покрыть!
       Ты, только Ты, славой растворишь 
       Смертельной бездны тьму!
       Ты, только Ты, новый ритм подаришь сердцу моему!

2. Ты излей, излей, излей, излей! Свой елей, елей, елей, елей!
Исцели Своих детей, детей! Ты скорей!
Ты приди, приди, приди скорей! 
Ждём чудес и милости Твоей!
Славу на Своих детей, детей Ты излей!

3. Ты излей, излей, излей, излей! 
Свой елей, елей, елей, елей!
На Своих детей, детей, детей! Ты излей!";"{title: Ты излей}
{key: Am}
{capo: +3}


1. Ты [Am]излей, излей, излей, излей! Свой [F]елей, елей, елей, елей!
[Dm]На Своих детей, детей, детей! [E]Ты [Am]излей!
[Am]Ты приди, приди, приди скорей! 
Ж[F]ажду излияния любви Твоей!
Сл[Dm]аву на Своих детей, детей [E]Ты [Am]излей!

Пр. [Am]Ты, только [Dm]Ты, м[E]оё сердце-камень можешь [Am]изменить![E]
       [Am]Ты, только [Dm]Ты, 
       Св[E]оей кровью можешь все грех[Am]и покрыть![E]
       [Am]Ты, только [Dm]Ты, сл[E]авой растворишь 
       Смертельной б[Am]ездны тьму!
       Т[F]ы, только [Dm]Ты, н[E]овый ритм подаришь сердцу [Am]моему!

2. Ты излей, излей, излей, излей! Свой елей, елей, елей, елей!
Исцели Своих детей, детей! Ты скорей!
Ты приди, приди, приди скорей! 
Ждём чудес и милости Твоей!
Славу на Своих детей, детей Ты излей!

3. Ты излей, излей, излей, излей! 
Свой елей, елей, елей, елей!
На Своих детей, детей, детей! Ты излей!";;;;
0589;589;Словно белые снега;Огненный ветер;Am;3;;4/4;;;V1 C V2 B;Огненный ветер (аккорды);;;;;"
1.  Ты – моё дыхание, Бог живой! 
     Сердцу - упование, Дух Святой!
     Ты – источник мудрости и любви! 
      В откровеньях святости – истины Твои! 

Пр. Ты приди, Ты приди, Ты приди ко мне скорей!
       Дай вкусить, дай испить радости Твоей!
       В небесах Божий рай, на земле – моя хвала!
       А внутри всех небес и любви глубина!

2. Ты – сияние радости, свет небес! 
Жду огня и пламени, и чудес!
Ты – покой и праведность, мир – души!
В славных восклицаниях Ангел закружит!";"{title: Ты – моё дыхание!}
{key: Am}
{capo: +3}


1.  Т[Am]ы – моё дых[F]ание, Б[G]ог жив[Am]ой! 
     Сердцу - упование, Дух Святой!
     Ты – источник мудрости и любви! 
      В [Am]откровеньях св[F]ятости [G]– истины Твои! 

Пр. [Am]Ты приди, Т[G]ы приди, [F]Ты приди ко мн[G]е скорей!
       Дай вкусить, дай испить радости Твоей!
       В небесах Божий рай, на земле – моя хвала!
       А внутри всех небес и любви глубина!

2. Ты – сияние радости, свет небес! 
Жду огня и пламени, и чудес!
Ты – покой и праведность, мир – души!
В славных восклицаниях Ангел закружит!";;;;
0590;590;Как мне найти Тебя на земле?;Огненный ветер;Am;3;;4/4;;;V1 C V2 V3;Огненный ветер (аккорды);;;;;"
Пр. Ты мой Бог! Ты мой Бог!
       Ты мой Бог! Ты мой Царь!
       Ты мой Бог! Иисус! Ты мой Бог! Ты мой Царь!

1.Склонюсь пред Тобою, упав на колени,
Сосуд разбиваю я в скорби своей,
И миром помажу усталые ноги:
Его я хранила для свадьбы моей.
Прощается много тому, кто был грешен,
Тому, кто возлюбит Тебя, как Царя!
Ты – Бог исцеленья, Ты – Бог воскресения,
Возлюбленный мой и Надежда моя!

2.Тебя я целую, Тебя я обнимаю!
Слезами омою я ноги Твои!
И вижу, как скоро с Тобой я расстанусь, 
Как скоро наступят последние дни!
Хочу приготовить Тебя к погребенью,
Хоть смерть и не властна над жизнью Твоей!
Прощается много тому, кто возлюбит
И примет Тебя, как Царя всех царей!";"{title: Ты мой Бог!}
{key: Am}
{capo: +3}


Пр. Ты мой Бог! Т[Am]ы мой Бог![Dm]
       Ты мой [G]Б[E]ог! Ты мой [Am]Царь![E]
       Ты мой Бог! [Am]Иисус! [Dm]Ты мой Бог! [G]Т[E]ы мой Ц[Am]арь!

1.Склонюсь пред Тоб[Am]ою, упав на кол[Dm]ени,
Сосуд разб[G]иваю я в [E]скорби [Am]своей,[E]
И миром пом[Am]ажу усталые н[Dm]оги:
Его я хр[G]анила для [E]свадьбы [Am]моей.[E]
Прощается мн[Am]ого тому, кто был гр[Dm]ешен,
Тому, кто возл[G]юбит Тебя, как [C]Царя![E]
Ты – Бог исцел[Am]енья, Ты – Бог воскрес[Dm]ения,
Возлюбленный [G]мой и Над[E]ежда [Am]моя!

2.Тебя я целую, Тебя я обнимаю!
Слезами омою я ноги Твои!
И вижу, как скоро с Тобой я расстанусь, 
Как скоро наступят последние дни!
Хочу приготовить Тебя к погребенью,
Хоть смерть и не властна над жизнью Твоей!
Прощается много тому, кто возлюбит
И примет Тебя, как Царя всех царей!";;;;
0591;591;Ты мой Бог! И в посвящении Тебе живу!;Огненный ветер;Am;3;;4/4;;;V1 C V2;Огненный ветер (аккорды);;;;;"1. Я долго размышлял о смысле бытия,
Но я не знал, что я искал Тебя!
Мой Бог, ты ждал и знал, что я блуждал во тьме
И Ты простёр путь неземной ко мне!

Пр. Событий и чудес – идёт речной поток,
       В нём жизни начинается исток…
       Из славы и любви сотворены они,
Наполнены Тобою дни!

2. Всё стало новым вдруг, очистились мечты,
Увидел я, что есть любви мосты!
Ты изменил меня!  Я стал служить Тебе!
Теперь Твой Дух Святой живёт во мне…

Бридж: От славы изменяюсь в славу я Твою!
             Я утром просыпаюсь и Тебе пою!
             Молитва наполняет дух мой вновь и вновь,
             Теперь в душе и в сердце царствует любовь!";"
[Am]1. Я долго размышлял о смысле бы[G]тия,
[F]Но я не знал, что я ис[G]кал Тебя![Am][E]
[Am]Мой Бог, ты ждал и знал, что я блужд[G]ал во тьме
[F]И Ты простёр путь неземной к[G]о мне![Am]

[Dm]Пр. Событий и чудес – идёт[Am] речной поток,
[E]       В нём жизни начин[Am]ается исток…
[Dm]       Из славы[G] и любви [C]сотворены они,[F]
[Dm]Наполнены Тобою [E]дни![Am]

2. Всё стало новым вдруг, очистились мечты,
Увидел я, что есть любви мосты!
Ты изменил меня!  Я стал служить Тебе!
Теперь Твой Дух Святой живёт во мне…

[Am]Бридж: От славы изменяюсь в [G]славу я Твою!
[F]             Я утром просыпаюсь[G] и Тебе пою![Am]
             Молитва наполняет дух мой вновь и вновь,
             Теперь в душе и в сердце царствует любовь!
";;;;
0592;592;Мы живём в земле благословенной;Огненный ветер;Am;3;;4/4;;;V1 C V2 C V3;Огненный ветер (аккорды);;;;;"
1.Ты – мой избранный сосуд!     На руках тебя несу!
Не утонешь в водах рек! Не сгоришь  в огне вовек!
Ты не бойся, не страшись!      Искупил твою Я жизнь!
И по имени назвал! Для Меня ты дорог стал!

2. Я – Господь, Спаситель твой! 
Возлюбив Своей душой,
За тобой пойду на край и земле скажу: «отдай!»  
Сотворил для славы Я, и устроил Я тебя!
Чтоб свидетелем ты стал, для Себя тебя избрал!

3. Я – Бог твой и нет других! В намерениях Своих
Я прославлю путь морей и дороги средь степей!
Дам в пустынях воды рек, чтоб не жаждал человек,
Чтобы мог Меня познать! Мою славу возвещать!";"{title: Ты – мой избранный сосуд! (Ис.43)}
{key: Am}
{capo: +3}


1.Ты – мой [Am]избранный с[Dm]осуд!     [E]На руках тебя н[Am]есу![F]
Не утонешь в водах [Dm]рек! Не сгор[E]ишь  в огне в[Am]овек![A7]
Ты не бойся, не страш[Dm]ись!      [G]Искупил твою Я [C]жизнь![F]
И по имени назв[Dm]ал! Для Мен[E]я ты дорог [Am]стал!

2. Я – Господь, Спаситель твой! 
Возлюбив Своей душой,
За тобой пойду на край и земле скажу: «отдай!»  
Сотворил для славы Я, и устроил Я тебя!
Чтоб свидетелем ты стал, для Себя тебя избрал!

3. Я – Бог твой и нет других! В намерениях Своих
Я прославлю путь морей и дороги средь степей!
Дам в пустынях воды рек, чтоб не жаждал человек,
Чтобы мог Меня познать! Мою славу возвещать!";;;;
0593;593;Буду хранить;Огненный ветер;Am;1;;4/4;;;V1 C V2;Огненный ветер (аккорды);;;;;"
1. Ты нарёк имя месту сему – Пенуэл, 
Раньше встретиться с Ангелом я б не посмел,
Но теперь поднимаю я руки свои 
И прошу я: «Любимых моих сохрани!» 

Пр. Благослови! Благослови! До появления зари
       Я плачу, Бог мой, и прошу: 
       «Благослови мою семью!»

2. Не могу, Ангел мой, я Тебя отпустить!
Мне без веры живой и святой не прожить!
До рассвета бороться я буду с Тобой!
Мне без веры нельзя возвращаться домой!

3. Наступает заря и грядёт новый день!
Я не буду как раньше ходить, словно тень:
Бог теперь будет рядом, навеки со мной!
Он услышал меня, подарив Свой покой! 
";"{title: Ты нарёк имя месту сему}
{key: Am}
{capo: +1}


1. Т[Am]ы нарёк [Dm]имя месту сему – [E]Пенуэл, [Am]
Раньше встр[Dm]етиться с Ангелом [E]я б не посм[Am]ел,
Но теп[Dm]ерь поднимаю я р[E]уки сво[Am]и 
И прош[Dm]у я: «Любимых мо[E]их сохран[Am]и!» 

[Am]Пр. Бл[Dm]агослови! Благ[E]осл[Am]ови! До [Dm]появлен[E]ия з[Am]ари
       Я [Dm]плачу, Бог мой, [E]и прош[Am]у: 
       «Благ[Dm]ослови мо[E]ю семь[Am]ю!»

2. Не могу, Ангел мой, я Тебя отпустить!
Мне без веры живой и святой не прожить!
До рассвета бороться я буду с Тобой!
Мне без веры нельзя возвращаться домой!

3. Наступает заря и грядёт новый день!
Я не буду как раньше ходить, словно тень:
Бог теперь будет рядом, навеки со мной!
Он услышал меня, подарив Свой покой! 
";;;;
0594;594;Вечер наступит;Огненный ветер;Am;2;;4/4;;;V1 C V2;Огненный ветер (аккорды);;;;;"1. Ты не смотри назад с печалью,
что дни ушли, ушли года!
С кольцом невесты обручальным
уж будет церковь навсегда…
А всё, что было и что будет
– всё потеряло всякий смысл,
Иисус любовью многих судеб
навеки мир соединил!

2. Я не хочу молитв и плача 
лишь в ожидании страшных бед!
Моя земля жила в молчании
без Бога много-много лет…
Но вот весна пришла, а с нею
пришёл поток живой воды,
Он исцеляет мою землю, освобождая от беды!

Br. F Dm E Am

3. Я буду плакать и молиться,
и Господа благодарить!
Взлечу к Нему крылатой птицей,
чтоб песню новую испить…
Я буду петь в просторах неба
лишь о свободе и любви!
Господь омоет Свою церковь
в прощении жертвенной крови!";"{title: Ты не смотри назад с печалью}
{key: Am}
{capo: +2}

1. [Am]Ты не смотри назад с печалью,[F]
что дни ушли, [E]ушли год[Am]а!
[Am]С кольцом невесты обручальным[F]
уж будет ц[E]ерковь навсегд[Am]а…
[Am]А всё, что было и что будет[Dm]
– всё потер[E]яло всякий см[Am]ысл,
Иис[F]ус любовью многих судеб[Dm]
навеки мир с[E]оединил![Am]

2. Я не хочу молитв и плача 
лишь в ожидании страшных бед!
Моя земля жила в молчании
без Бога много-много лет…
Но вот весна пришла, а с нею
пришёл поток живой воды,
Он исцеляет мою землю, освобождая от беды!

Br. F Dm E Am

3. Я буду плакать и молиться,
и Господа благодарить!
Взлечу к Нему крылатой птицей,
чтоб песню новую испить…
Я буду петь в просторах неба
лишь о свободе и любви!
Господь омоет Свою церковь
в прощении жертвенной крови!";;;;
0595;595;Словом живым сотворил Бог;Огненный ветер;Em;4;;4/4;;;V3 V4;Огненный ветер (аккорды);;;;;"
1. Ты одеваешь нас сейчас перед ковчегом золотым
Свечи горят, и вижу я, как преклонился херувим.
Время истает как вода, много прошло уж зим и лет,
Все их затмил спасенья час, белых одежд сияния свет!

Пр. Благодать Твоя льётся и льётся, 
       В нежной музыке вальса кружась! 
       И по нотам она узнаётся, - в сердце Бога она родилась…
       Я тебя приглашаю на танец, Ангел мой белоснежный, родной,
       Будем Богу служить, улыбаясь, накрываясь святою волной!   

2. Сердце омыто и светло милостью Бога и Отца!
Переполняется в любви Господа нашего Христа!
Таинство слова мне открыл Ангел небесный неземной,
И приготовлен брачный пир, и воцаряется покой!";"{title: Ты одеваешь нас сейчас}
{key: Em}
{capo: +4}


1. Ты одев[Em]аешь нас сейч[C]ас перед ковч[Am]егом золот[H7]ым
Свечи гор[Em]ят, и вижу [C]я, как преклон[Am]ился херув[H7]им.
Время ист[Em]ает как вод[C]а, много пр[Am]ошло уж зим и л[H7]ет,
Все их затм[Em]ил спасенья ч[C]ас, белых од[Am]ежд сияния св[H7]ет!

Пр. Благод[Em]ать Твоя льётся и ль[C]ётся, 
       В нежной м[Am]узыке вальса круж[H7]ась! 
       И по н[Em]отам она узна[C]ётся, - в сердце Б[Am]ога она родил[H7]ась…
       Я теб[Em]я приглашаю на т[C]анец, Ангел [Am]мой белоснежный, родн[H7]ой,
       Будем Б[Em]огу служить, улыб[C]аясь, накрыв[Am]аясь свят[H7]ою волн[Em]ой!   

2. Сердце омыто и светло милостью Бога и Отца!
Переполняется в любви Господа нашего Христа!
Таинство слова мне открыл Ангел небесный неземной,
И приготовлен брачный пир, и воцаряется покой!";;;;
0596;596;Сладостно мне встречать рассвет;Огненный ветер;Am;3;;4/4;;;V1 C V2;Огненный ветер (аккорды);;;;;"
1. Ты открой нам тайну облаков Твоих, 
Кто пастелью нежной нам рисует их?
Ты открой нам тайну славы неземной,
Где нам приготовлен город золотой?

Пр.  Твоих сокровищ,      Твоих богатств чудесных 
        Так много в Слове,       пришедшим плотью!
        Всё дышит жизнью       благословенной, 
        Мы стали светом в ней,       стали солью!


2. Так мечты былые все сгорят в огне,
Так Твоею силой ходят по воде!
Так небесным светом сердце дорожит!
И Твоим страданьем душу осолит!";"{title: Ты открой нам тайну}
{key: Am}
{capo: +3}


1. [Am]Ты открой нам тайну [F]облаков Твоих, 
[Am]Кто пастелью нежной [F]нам рисует их?
[Dm]Ты открой нам тайну сл[E]авы неземной,
[F]Где нам приготовлен [Dm]город золотой?[E]

Пр.  Твоих с[Dm]окровищ[E],      Твоих богатств ч[Am]удесных 
   [F]     Так много в [Dm]Слов[E]е,       пришедшим [Am]плотью!
        Всё дышит [Dm]жизнью [G]      благослов[C]енной, [F]
        Мы стали [Dm]светом в ней, [E]      стали [Am]солью!


2. Так мечты былые все сгорят в огне,
Так Твоею силой ходят по воде!
Так небесным светом сердце дорожит!
И Твоим страданьем душу осолит!";;;;
0597;597;Под зонтом святых молитв;Огненный ветер;Am;2;;4/4;;;V1 C V2;Огненный ветер (аккорды);;;;;"
1. Ты повесил Землю ни на чём! 
Окружил сияньем Своей славы!
Ликовали Ангелы Твои! 
И луна и солнце были рады!

Пр. Восхваляйте вместе с ними! 
       Восхваляйте вместе с ними!
       Бога Всемогущего Творца! Хей-хей!
       Восхваляйте вместе с нами! 
       Восхваляйте вместе с нами!
       Жизнь Его для нас одна дана!

2. Радуются реки и леса! 
Радуются горы и долины!
Радуется Небо и земля!
Радуются дети Божьи с ними! ";"{title: Ты повесил Землю ни на чём}
{key: Am}
{capo: +2}


1. [Am]Ты повесил Землю ни на [Dm]чём! 
[Am]Окружил си[E]яньем Своей [Am]славы![E]
Л[Am]иковали Ангелы Тв[Dm]ои! 
[F]И луна и солнце были [E]рады!

Пр. В[F]осхваляйте вм[G]есте с ними! 
       В[Am]осхваляйте вм[C]есте с ними!
       Б[F]ога Всемог[G]ущего Творц[C]а! Хей-х[Am]ей!
       В[F]осхваляйте вм[G]есте с нами! 
       В[C]осхваляйте [Am]вместе с нами!
       Ж[F]изнь Его для [G]нас одна д[Am]ана![E]

2. Радуются реки и леса! 
Радуются горы и долины!
Радуется Небо и земля!
Радуются дети Божьи с ними! ";;;;
0598;598;Изменится всё;Огненный ветер;Am;3;;4/4;;;V1 C V2;Огненный ветер (аккорды);;;;;"
1.Ты приобрёл Себе сердца     Своею смертью на кресте!
И волю Своего Отца     Ты исполнял всегда, везде!
За Церковь  выкуп заплатил,     путь в Небо Словом показал!
Своею кровью искупил!     Невестой чистою назвал!

Пр. И Ты придёшь на землю!     Придёшь, как тать!
       Обнять Свою Невесту      и забрать!
       Елей польёшь на раны       и исцелишь!
       Из пепла восстановишь,     возродишь!

2. Мы ждём Тебя, как ждут весну, заботы мира позабыв,
Грехов смертельную вину Тебе на плечи возложив!
Наш дух взывает к Небесам, чтобы увидеть Тебя вновь!
Горит святым огнём в сердцах надежда, вера и любовь!";"{title: Ты приобрёл Себе сердца}
{key: Am}
{capo: +3}


[Am]1.Ты приобр[A7]ёл Себе сердц[Dm]а     [G]Своею смертью на крест[C]е![F]
И волю Своего [Dm]Отц[E]а     Ты исполнял всегда, в[Am]езде![A7]
За Церковь  выкуп заплат[Dm]ил,     [G]путь в Небо Словом показ[C]ал![F]
Своею кровью иск[Dm]упил!     [E]Невестой чистою н[Am]азвал![A7]

[A7]Пр. И Ты придёшь на з[Dm]емлю!     [G]Придёшь, как т[C]ать![F]
       Обнять Свою Н[Dm]евесту      [E]и забр[Am]ать![A7]
       Елей польёшь на [Dm]раны       [G]и исцел[C]ишь![F]
       Из пепла восстан[Dm]овишь,     [E]возрод[Am]ишь!

2. Мы ждём Тебя, как ждут весну, заботы мира позабыв,
Грехов смертельную вину Тебе на плечи возложив!
Наш дух взывает к Небесам, чтобы увидеть Тебя вновь!
Горит святым огнём в сердцах надежда, вера и любовь!";;;;
0599;599;Можно много иметь;Огненный ветер;Am;1;;4/4;;;V1 C V2 V3;Огненный ветер (аккорды);;;;;"
1. Ты пришёл Словом истины!
Слово в плоть облеклось!
Ты пришёл, но не приняли: 
Был для всех Ты чужой!

Пр. Ты прости, Боже истинный, 
       Всех слепых и глухих людей!
       Исцели  от сердечной мглы! 
       От греха исцели!

2. Был рождён Ты, как  Божий Сын!
С неба свет воссиял!
Благодать вместе с истиной 
Чрез Тебя родилась!

3. Дай нам всем покаяние! 
Веру дай, чтобы жить!
Слава нам с неба явлена, 
Чтоб детьми Богу быть! ";"{title: Ты пришёл Словом истины}
{key: Am}
{capo: +1}


1. Ты приш[Am]ёл Словом [Dm]истины!
Слово в [Am]плоть облекл[E]ось!
Ты приш[Am]ёл, но не [Dm]приняли: 
Был для [Am]всех Ты чуж[E]ой!

Пр. Ты пр[Am]ости, Боже [Dm]истинный, 
       Всех сл[Am]епых и глух[Dm]их людей!
       Исцел[Am]и  от серд[Dm]ечной мглы! 
       От грех[F]а исцел[E]и!

2. Был рождён Ты, как  Божий Сын!
С неба свет воссиял!
Благодать вместе с истиной 
Чрез Тебя родилась!

3. Дай нам всем покаяние! 
Веру дай, чтобы жить!
Слава нам с неба явлена, 
Чтоб детьми Богу быть! ";;;;
0600;600;Перед рассветом всё оживает;Огненный ветер;Am;5;;4/4;;;C V2 C;Огненный ветер (аккорды);;;;;"
1.Ты проснись! Ты вставай! Это последний бой!
Лишь на Бога уповай! Бог твой всегда с тобой! – 2р.

Пр. Армия! Армия! Армия Христа!
Армия! Армия! Армия Христа!

2. Руки ты подними и восхваляй Его!
Звуком труб воззови из сердца своего! – 2р.

3. Восклонись от земли взором на Небеса!
В водах рек освятись! Мазью помажь глаза! – 2р.

4. Не смотри на других, тех, кто уснул для тьмы!
Ты – солдат! Ты – пророк, избранный для войны! -2р.

5. Ты проснись! Ты вставай! Это последний бой!
Лишь на Бога уповай! Бог твой всегда с тобой! – 2р.

Пр. Пробудись! Поднимись! Армия Христа!
       Исцелись! Соберись! Армия Христа! 
       Армия! Армия! Армия Христа! – 2р.";"{title: Ты проснись!}
{key: Am}
{capo: +5}


1.Т[Am]ы проснись! Т[F]ы вставай! [Dm]Это п[Em]оследний [Am]бой!
Л[F]ишь на Бога [Dm]уповай! [Em]Бог твой всегда с т[Am]обой! – 2р.

Пр. [Am]Армия! [G]Армия! [F]Арми[G]я Хр[Am]иста!
[F]Армия! [Dm]Армия! [Em]Армия Хр[Am]иста!

2. Руки ты подними и восхваляй Его!
Звуком труб воззови из сердца своего! – 2р.

3. Восклонись от земли взором на Небеса!
В водах рек освятись! Мазью помажь глаза! – 2р.

4. Не смотри на других, тех, кто уснул для тьмы!
Ты – солдат! Ты – пророк, избранный для войны! -2р.

5. Ты проснись! Ты вставай! Это последний бой!
Лишь на Бога уповай! Бог твой всегда с тобой! – 2р.

Пр. Пробудись! Поднимись! Армия Христа!
       Исцелись! Соберись! Армия Христа! 
       Армия! Армия! Армия Христа! – 2р.";;;;
0601;601;Рассуди, меня (Пс.25);Огненный ветер;Am;3;;4/4;;;V1 C V2 B;Огненный ветер (аккорды);;;;;"
1. Ты прости, что так мало к Тебе я взывал,
Ты прости, что так часто не там я искал
Той любви, что имеешь один только Ты!
Ты прости, что так часто на месте стоял,
Ты прости, что Тебя я страдать заставлял
И слова Твоих истин бросал за себя!

Пр. Мне нужна Твоя сила, и любовь, и надежда!
       Мне нужна Твоя святость, мой Бог! О, мой Бог!
       Мне нужна Твоя вера, благодать и спасенье!
       Мне нужна Твоя вечность с Тобою, мой Бог!

2.Только Ты можешь в жизни моей изменить
Те пути, где растратил я вечную жизнь!
И вернуть всё, что дьявол украл у меня! 
Только Ты можешь новую жизнь подарить!
Только Ты можешь сердце большое вложить
В пустоту, что в груди чёрной бездной была!
";"{title: Ты прости, что так мало к Тебе я взывал}
{key: Am}
{capo: +3}


1. Ты прости, [Am]что так мало к Тебе я [E]взывал,[Am]
Ты прости, что так часто не там я иск[Dm]ал
Той любви, что имеешь один только [E]Ты!
Ты прост[Am]и, что так часто на [E]месте сто[Am]ял,
Ты прости, что Тебя я страдать заставл[Dm]ял
И слова Твоих истин бросал за себ[E]я!

Пр. Мне н[Am]ужна Твоя сила, и люб[F]овь, и надежда!
       Мне нужн[Dm]а Твоя святость, мой Бог! О, мой [E]Бог!
       Мне н[Am]ужна Твоя вера, благод[F]ать и спасенье!
       Мне н[Dm]ужна Твоя вечность с Тобою, мой [E]Бог!

2.Только Ты можешь в жизни моей изменить
Те пути, где растратил я вечную жизнь!
И вернуть всё, что дьявол украл у меня! 
Только Ты можешь новую жизнь подарить!
Только Ты можешь сердце большое вложить
В пустоту, что в груди чёрной бездной была!
";;;;
0602;602;Восплещите руками (Пс.46);Огненный ветер;Am;1;;4/4;;;V1 C V2;Огненный ветер (аккорды);;;;;"
1. Ты сегодня проснулся по правилам,
Жить стремясь, чтобы не было боли…
Оглянулся, чтоб след не оставило 
То, что было вчера в произволе:
Грешных мыслей круженье крамольное,
Скудость чувств в отношении совести,
Излияние слов и раскованность
Там, где грязью ковры нарисованы…

Бридж. Am G Dm E

2. Без отчёта и доброго семени – 
Пыль всего лишь окраску подделала:
Вместо верности - вседозволенность,
Вместо истины - ложь опьянелая…
То, что было вчера, приготовило
Для тебя путь широкий для мерзости…
За ночь стало твоё богословие 
Оправданьем греху и неверности… 

3. Ты сегодня проснулся по правилам,
Жить стремясь, чтобы не было боли…
Оглянулся, чтоб след не оставило
То, что было вчера в произволе!
Твоя жизнь началась с понедельника, 
чтобы всё изменить и исправиться,
лист помятого еженедельника
Вдруг напомнил тебе о святости…
";"{title: Ты сегодня проснулся}
{key: Am}
{capo: +1}


1. Ты с[Am]егодня проснулся по пр[G]авилам,
Жить стрем[Dm]ясь, чтобы не было б[E]оли…
Оглянулся, чтоб след не оставило 
То, что было вчера в произволе:
Грешных м[F]ыслей круженье крам[G]ольное,
Скудость ч[Dm]увств в отношении [E]совести,
Излияние слов и раскованность
Там, где грязью ковры нарисованы…

Бридж. Am G Dm E

2. Без отчёта и доброго семени – 
Пыль всего лишь окраску подделала:
Вместо верности - вседозволенность,
Вместо истины - ложь опьянелая…
То, что было вчера, приготовило
Для тебя путь широкий для мерзости…
За ночь стало твоё богословие 
Оправданьем греху и неверности… 

3. Ты сегодня проснулся по правилам,
Жить стремясь, чтобы не было боли…
Оглянулся, чтоб след не оставило
То, что было вчера в произволе!
Твоя жизнь началась с понедельника, 
чтобы всё изменить и исправиться,
лист помятого еженедельника
Вдруг напомнил тебе о святости…
";;;;
0603;603;Мы Тебя в страхе жаждем взыскать (2Пар.20);Огненный ветер;F;3;;4/4;;;V1 C V2 V3;Огненный ветер (аккорды);;;;;"
Ты – Святый! – 2 р. Ты живёшь среди славословий!

1. На Тебя уповали отцы и к Тебе взывали они, 
На тебя уповали они, Ты спасал их от страшной беды! 
Ты – Святый! – 2р.

2. Я как червь, а не как человек, в поношении я у людей,
Все, кто видит, ругаются мне и кивают своей головой, 
Но Ты – Святый! – 2р.

3. От утробы оставлен был я, Ты вложил упование в меня!
Ты, мой Бог, не отринешь меня, скорбь близка, а помощника нет,
Но Ты – Святый!- 2р.

4. Тает сердце моё словно воск, Мои кости рассыпались в прах, 
я пролился водою пред Тобой, делят ризы мои меж собой, 
Но Ты – Святый! – 2р.

5. Но ты сила и слава моя! Восхваляют народы Тебя!
Обратятся к тебе племена, чтобы славить и славить Тебя:
«Ты – Святый!» – 4р. 
";"{title: Ты – Святый!}
{key: F}
{capo: +3}


Т[F]ы – Св[G]ятый! – 2 р. Ты [F]живёшь ср[G]еди славосл[Am]овий!

1. На Т[Am]ебя упов[G]али отц[Am]ы и к Т[F]ебе взыв[G]али [Am]они, 
На теб[Dm]я уп[Em]овали [Am-F]они, Ты сп[Dm]асал их от [Em]страшной бед[Am]ы! 
Т[F]ы – Св[G]ятый! – 2р.

2. Я как червь, а не как человек, в поношении я у людей,
Все, кто видит, ругаются мне и кивают своей головой, 
Но Ты – Святый! – 2р.

3. От утробы оставлен был я, Ты вложил упование в меня!
Ты, мой Бог, не отринешь меня, скорбь близка, а помощника нет,
Но Ты – Святый!- 2р.

4. Тает сердце моё словно воск, Мои кости рассыпались в прах, 
я пролился водою пред Тобой, делят ризы мои меж собой, 
Но Ты – Святый! – 2р.

5. Но ты сила и слава моя! Восхваляют народы Тебя!
Обратятся к тебе племена, чтобы славить и славить Тебя:
«Ты – Святый!» – 4р. 
";;;;
0604;604;На пороге в никуда;Огненный ветер;Am;3;;4/4;;;V1 C V2;Огненный ветер (аккорды);;;;;"
1.Ты – спросил! Я – сказал! И пришёл, и принёс,
Всесожжение вознёс для Тебя!
Возлюбил я Твой Храм, где хочу всей душой 
Славить Господа новой хвалой!

Пр. Я просить не хочу ни о чём! Ни о чём! Ни о чём!
       Ни богатства и ни серебра не хочу!
       В сердце разума дай Своего знать добро, а не зло!
       Я твой раб! И среди темноты есть Ты! Есть Ты!

2. Жив Господь - Бог богов! Жив Господь – Царь царей!
Слово твёрдо Его как гранит!
Он избавил меня от греха и беды!  
Своим Духом от смерти хранит!";"{title: Ты – спросил}
{key: Am}
{capo: +3}


1.Ты – спрос[Am]ил! Я – сказ[Dm]ал! И приш[E]ёл, и пр[Am]инёс,
Всесожж[F]ение в[Dm]ознёс дл[E]я Т[Am]ебя!
Возлюб[Am]ил я Твой [Dm]Храм, где хоч[E]у всей душ[Am]ой 
Славить Г[F]оспода [DmE]новой хвал[Am]ой!

Пр. Я прос[Am]ить не хочу ни о чём! Ни о [Dm]чём! Ни о ч[E]ём!
       Ни б[Am]огатства и ни серебра не хочу![E]
       В сердце [Am]разума дай Своего знать д[Dm]обро, а не [E]зло!
       Я твой [Am]раб! И среди темноты есть [Dm]Ты! Есть [E]Ты!

2. Жив Господь - Бог богов! Жив Господь – Царь царей!
Слово твёрдо Его как гранит!
Он избавил меня от греха и беды!  
Своим Духом от смерти хранит!";;;;
0605;605;Ты сегодня проснулся;Огненный ветер;Am;3;;4/4;;;V1 V2 V3;Огненный ветер (аккорды);;;;;"
1. Ты царь наш! Красотой Своей 
Затмил весь мир в сиянии огней!
И с неба Бог Тебе даёт елей, - 
Он радости струящийся ручей!

Пр. С весельем мы пойдём, наш Бог,
       И с ликованием войдём в чертог!
       Твоей любовью будем  преисполнены!
       Стоять мы будем пред Тобой в офирском золоте!

2.Ты препоясан по бедру мечом! 
Ты Сильный царь, Тебе хвалу поём!
Благое слово – есть хвала любви, 
Вся слава царская внутри!

3. Невеста-церковь для Христа 
Тобой омыта и как снег чиста!
Господь Твой, - Царь Твой и Супруг! 
Навеки Он – любимый Друг!";"{title: Ты царь наш! (Пс.44)}
{key: Am}
{capo: +3}


1. Ты ц[Am]арь наш! Кр[Dm]асотой Св[G]оей 
З[F]атмил весь мир в си[G]янии огн[Am]ей!
И с неба Бог Тебе даёт елей, - 
Он радости струящийся ручей!

Пр. С в[F]есельем мы пойд[E]ём, наш [Am]Бог,
       И с [F]ликовани[E]ем войдём в черт[Am]ог!
       Тв[Dm]оей любовью б[G]удем  преисп[C]олнены![F]
       Стоять мы б[Dm]удем пред Тоб[E]ой в офирском [Am]золоте!

2.Ты препоясан по бедру мечом! 
Ты Сильный царь, Тебе хвалу поём!
Благое слово – есть хвала любви, 
Вся слава царская внутри!

3. Невеста-церковь для Христа 
Тобой омыта и как снег чиста!
Господь Твой, - Царь Твой и Супруг! 
Навеки Он – любимый Друг!";;;;
0606;606;Нет у правды кривых путей;Огненный ветер;Am;3;;4/4;;;V1 C V2;Огненный ветер (аккорды);;;;;"

1. У земли  ты ответа не спрашивай, она лишь принимает дожди,

Посмотри на деревья цветущие и грядущего времени жди…

Поколеблются силы небесные, ожидание бед возрастёт,

Только мы будем знать и надеяться, 

что Иисус, наш Спаситель идёт!

2. Небеса станут чистыми в облаке, и расступятся в силе они,
Когда слава великая явится, и закончатся страшные дни!
Мы увидим, как Сын Человеческий 
Принесёт суд на землю врагам, 
И придёт избавление жаждущим! 
Царство Божье приблизится к нам!";"{title: У земли ты ответа не спрашивай}
{capo: +3}



1. У земли  ты ответа не спрашивай, она лишь принимает дожди,

Посмотри на деревья цветущие и грядущего времени жди…

Поколеблются силы небесные, ожидание бед возрастёт,

Только мы будем знать и надеяться, 

что Иисус, наш Спаситель идёт!

2. Небеса станут чистыми в облаке, и расступятся в силе они,
Когда слава великая явится, и закончатся страшные дни!
Мы увидим, как Сын Человеческий 
Принесёт суд на землю врагам, 
И придёт избавление жаждущим! 
Царство Божье приблизится к нам!";;;;
0607;607;Соединил Господь навеки нас!;Огненный ветер;Am;4;;4/4;;;V1 C V2;Огненный ветер (аккорды);;;;;"
1.Узнай Меня по голосу Святому!
Узнай Меня по вздоху и по стону!
Узнай Меня по Слову благодати!
Узнай Меня по смеху и по плачу!
Пр.  Я – Твой Утешитель, Защитник, Спаситель!
        Все раны врачую, свободу дарую!

2. Я – Тот, Кто день и ночь в душе взывает,
Прославить Сына Божьего желает!
Я – Тот, Кто направляет тебя к Богу
И знает к Дому Отчему дорогу!

Пр.  Я – Твой Утешитель, Защитник, Спаситель!
        Всю тьму изгоняю, Собой наполняю!";"{title: Узнай Меня}
{key: Am}
{capo: +4}


1.Узн[Am]ай Меня по голосу Свят[E]ому!
Узнай Меня по вздоху и по ст[Am]ону!
Узнай Меня по Слову благод[E]ати!
Узнай Меня по смеху и по пл[Am]ачу!
Пр.  Я – Тв[Dm]ой Утеш[Am]итель, Защ[E]итник, Спас[Am]итель![A7]
        Все р[Dm]аны врач[Am]ую, своб[E]оду дар[Am]ую!

2. Я – Тот, Кто день и ночь в душе взывает,
Прославить Сына Божьего желает!
Я – Тот, Кто направляет тебя к Богу
И знает к Дому Отчему дорогу!

Пр.  Я – Твой Утешитель, Защитник, Спаситель!
        Всю тьму изгоняю, Собой наполняю!";;;;
0608;608;Напои меня живой водой!;Огненный ветер;Am;3;;4/4;;;V1 C V2;Огненный ветер (аккорды);;;;;"
1. Уйти несложно… Сложно остаться!
Ну как же можно     с Богом расстаться?
Стекло в тумане    и пыль на пальцах
Смущают часто    своим обманом…

Пр. Не смотри назад        в темноту! 
       Но прими любви     чистоту!
       Мудрости Небес       научись! 
       В Истине Христу       поклонись!

2. Ну что случится, если остаться? 
Зачем напрасно нам обижаться?
Ведь всё исправит лишь сильный сердцем…
А Бог поможет, умножит веру!

Пр. Преврати в хвалу свою жизнь! 
       В боли от огня ты зажгись!
       Руки подними и скажи: 
       «Не могу я жить без ЛЮБВИ!»



";"{title: Уйти несложно}
{key: Am}
{capo: +3}


1. Уйти несл[Am]ожно… [E]Сложно ост[Am]аться!
Ну как же [Dm]можно     [E]с Богом расст[Am]аться?
Стекло в тум[Dm]ане    [F]и пыль на п[E]альцах
Смущают [Dm]часто    [F]своим обм[E]аном…

Пр. [Am]Не смотри назад  [Dm]      в темноту! 
       [G]Но прими любв[C]и     чистоту!
       М[F]удрости Небес [Dm]      научись! 
       В [E]Истине Христ[Am]у       поклонись!

2. Ну что случится, если остаться? 
Зачем напрасно нам обижаться?
Ведь всё исправит лишь сильный сердцем…
А Бог поможет, умножит веру!

Пр. Преврати в хвалу свою жизнь! 
       В боли от огня ты зажгись!
       Руки подними и скажи: 
       «Не могу я жить без ЛЮБВИ!»



";;;;
0609;609;Меня восхищает;Огненный ветер;Am;3;;4/4;;;V1 C V2;Огненный ветер (аккорды);;;;;"
1. Укрепи меня, умножь веру мою!
Видишь, я, Господь, на краю стою!
Не могу взлететь без Твоей любви!
Укрепи меня! Укрепи!

2. Надо как-то жить в этом мире зла!
Добротой Своей сохрани меня!
Теплотой Своей обними меня!
Без Тебя, мой Бог, я умру!

А-а-а: Am G F E Am G F Am

3. Укрепи меня, когда гаснет свет!
Укрепи меня, когда веры нет!
Когда ближний мой предаёт, любя!
Дорогой Иисус! Укрепи меня!

А-а-а: Am G F E Am G F Am

4. За Тобой иду, отгоняя страх! 
Знаю, мой Господь, я в твоих руках!
Милостью Своей оживил меня! 
В сердце тает боль от любви!";"{title: Укрепи меня}
{key: Am}
{capo: +3}


[Am]1. Укрепи меня, [G]умножь веру мою!
Видишь, [F]я, Господь, на кра[E]ю стою!
Не мог[Am]у взлететь без Тво[G]ей любви!
Укреп[F]и меня! Укреп[E]и!

2. Надо как-то жить в этом мире зла!
Добротой Своей сохрани меня!
Теплотой Своей обними меня!
Без Тебя, мой Бог, я умру!

А-а-а: Am G F E Am G F Am

3. Укрепи меня, когда гаснет свет!
Укрепи меня, когда веры нет!
Когда ближний мой предаёт, любя!
Дорогой Иисус! Укрепи меня!

А-а-а: Am G F E Am G F Am

4. За Тобой иду, отгоняя страх! 
Знаю, мой Господь, я в твоих руках!
Милостью Своей оживил меня! 
В сердце тает боль от любви!";;;;
0610;610;Пусть ведёт меня яркая звезда;Огненный ветер;Am;2;;4/4;;;V1 C V2 V3;Огненный ветер (аккорды);;;;;"
1. Улететь за море синее! Посмотреть на церковь сильную!
Радость там во славе стелется, там любовь дарят обильную…

Пр. Очи видят Твою радость! Губы пьют святую сладость!
       Сердца стук сольётся с песней, - с нею мир ещё чудесней!

2. Ночью свет сильнее светится! У дорог ромашки белые…
И луна на небе яркая, с нею звёзды опьянелые…

3. И гостей зовём мы  к Господу разделить любовь и праведность!
Показать красу небесную, чтобы всем она понравилась…
";"{title: Улететь за море синее}
{key: Am}
{capo: +2}


1. Улет[Am]еть за м[G]оре сине[Am]е! Посмотр[F]еть на ц[G]ерковь сильну[Am]ю!
Радость т[Am]ам во сл[G]аве стелетс[Am]я, там люб[F]овь дар[G]ят обильну[Am]ю…

Пр. Очи в[Am]идят Твою р[G]адость! Губы пь[F]ют святую сл[G]адость!
       Сердца ст[Am]ук сольётся с п[G]есней, - с нею м[F]ир ещё чуд[G]есней!

2. Ночью свет сильнее светится! У дорог ромашки белые…
И луна на небе яркая, с нею звёзды опьянелые…

3. И гостей зовём мы  к Господу разделить любовь и праведность!
Показать красу небесную, чтобы всем она понравилась…
";;;;
0611;611;На прекрасной сибирской жаркой планете;Огненный ветер;Am;3;;4/4;;;V1 V2 V3;Огненный ветер (аккорды);;;;;"
У Марии уснул на руках её сын…
Спит малыш и в ночи видит сны.
Ему снится Любовь миллиардами звёзд,
Изливаемая с высоты!

Пр. Эти звёзды, как алмазы,  создал для    Него Творец!
        Чтоб улыбку видеть Сына, - дарит их     Ему Отец!

2. Звёзды Божьей любви станут светом в пути
Его Сына Иисуса Христа,
Чтобы с ними Он мог до Голгофы дойти,
И сберечь ту любовь до креста!

Пр. Эти звёзды, как алмазы, зажигает Бог-Творец.
       Чтоб победу видеть Сына дарит их Ему Отец!

3. Светят нам до сих пор, освещая наш путь
Вифлеемские звёзды любви,
Чтобы нам не упасть, чтобы нам не свернуть,
Чтобы нам от креста не уйти!

Пр. Эти звёзды, как алмазы, рассыпает  Бог-Творец
       Чтобы каждый встретил Сына, дарит их для нас Отец!";"{title: У Марии уснул на руках её Сын}
{key: Am}
{capo: +3}


У Марии [Am]уснул н[Dm]а рук[E]ах [Am]её сын…
Спит [Dm]малыш и [E]в ночи [Am]видит сны.
Ем[Dm]у снится [E]Люб[Am]овь миллиардами звёзд,
[Dm]Излив[E]аема[Am]я с высоты!

[Dm]Пр. Эт[E]и звёзд[Am]ы, [F]как алмаз[DmE]ы,  создал [Am]для    Него Творец!
   [Dm]     Чт[E]об улыбк[Am]у вид[F]еть Сын[DmE]а, - дарит [Am]их     Ему Отец!

2. Звёзды Божьей любви станут светом в пути
Его Сына Иисуса Христа,
Чтобы с ними Он мог до Голгофы дойти,
И сберечь ту любовь до креста!

Пр. Эти звёзды, как алмазы, зажигает Бог-Творец.
       Чтоб победу видеть Сына дарит их Ему Отец!

3. Светят нам до сих пор, освещая наш путь
Вифлеемские звёзды любви,
Чтобы нам не упасть, чтобы нам не свернуть,
Чтобы нам от креста не уйти!

Пр. Эти звёзды, как алмазы, рассыпает  Бог-Творец
       Чтобы каждый встретил Сына, дарит их для нас Отец!";;;;
0612;612;На суровой земле;Огненный ветер;Am;2;;4/4;;;V1 C V2 V3;Огненный ветер (аккорды);;;;;"
1. У России моей разноцветна душа! 
Как прекрасна она, как она хороша!
В ней любви широта,    веры в ней красота,
Над российской судьбой – синевы высота!

Пр. Подарил для земли гор, лесов и морей
       Своё сердце Господь, чтобы славиться ей!
       Чтоб в просторах небес было легче дышать!
       Чтоб о светлой любви песни Богу слагать!

2. Птицы в небе парят, им свобода нужна!
Безграничный простор – это наша страна! 
Много неба у нас, много разных цветов:
И везде слышно песнь из любви голосов…
";"{title: У России моей}
{key: Am}
{capo: +2}


[Am]1. У Росси[Dm]и моей разноцветна душа! [Am]
Как прекр[Dm]асна она, [F]как она хорош[Am]а!
В ней любви шир[Dm]ота,    [E]веры в ней крас[Am]ота,[F]
Над российской судьб[Dm]ой – синевы выс[E]ота!

Пр. Подарил для земл[Am-E]и гор, лесов и м[Dm]орей
       Своё сердце Госп[F]одь, чтобы славиться [E]ей!
       Чтоб в просторах небес было легче дышать!
       Чтоб о светлой любви песни Богу слагать!

2. Птицы в небе парят, им свобода нужна!
Безграничный простор – это наша страна! 
Много неба у нас, много разных цветов:
И везде слышно песнь из любви голосов…
";;;;
0613;613;Часто видим мы в пути;Огненный ветер;Am;1;;4/4;;;V1 C V2;Огненный ветер (аккорды);;;;;"1. Часто видим мы в пути белые туманы,
Надо нам их все пройти, свет увидеть надо!
  Как бывает нелегко нам поверить в чудо!
  Но оно недалеко, встречи ждёт повсюду… - 2р.

Пр. Истину и жизнь, путь святой
       Показал Господь нам с тобой!
       С неба льётся свет, как дожди!
       С ним легко к Тебе нам идти!

(проигрыш)

2. Белый, белый, белый дым верою проходим!
На рассвете от молитв сердцу легче будет
Видеть и хранить Твой путь чудных откровений!
И в душе своей иметь жажду пробуждений!";"
[Am]1. Часто видим мы в пути белые ту[Dm]маны[E],[Am][E]
[Am]Надо нам их все пройти, свет уви[Dm]деть[E] надо![Am]
[A7]  Как бывает нелегко нам[Dm] по[G]верить в чудо![C]
[F]  Но оно недалеко, вст[Dm]речи ждё[E]т повсюду… - 2р.[Am]

[A7]Пр. Истину и жизн[Dm]ь, путь [G]святой[C]
[F]       Показал Гос[Dm]подь н[E]ам с тобой![Am]
       С неба льётся свет, как дожди!
       С ним легко к Тебе нам идти!

(проигрыш)

2. Белый, белый, белый дым верою проходим!
На рассвете от молитв сердцу легче будет
Видеть и хранить Твой путь чудных откровений!
И в душе своей иметь жажду пробуждений!

";;;;
0614;614;Теперь уж будет всё не так;Огненный ветер;Am;3;;4/4;;;V1 C V2;Огненный ветер (аккорды);;;;;"1. Утонули в обидах, потеряли рассудок!
О кресте и страданьях не хотят слышать люди!
Сердце чёрной вуалью покрывают и судят,
Убегая от света, с ними что дальше будет?
Пр. Бог плачет в Небесах!    Боль и печаль в глазах:
       Грех ходит по земле,    смерть принося тебе…
       Ты можешь прогадать:   жизнь не тому отдать,
       Вмиг оборвётся всё!   Что хочешь ты ещё?!

2. Перед Божьим престолом все стоять скоро будем!
Праздных дней разговоры Слово Божье осудит…
Фарисеи святые ходят в белых одеждах,
Обличают и учат, хотя сами – невежды!
Пр. Ты можешь не понять, ты можешь не узнать,
       Как крест Его нести, след в след за Ним идти…
       Жертв не желает Он! Сбрось свой наивный сон,
       Что тёплая душа с Ним будет в Небесах…

3. Перестань слушать басни…Враг хитёр и опасен:
Обещает он много, только в ад та дорога!
Вытри слюни и сопли, позабудь свои вопли 
О несчастной, постылой, своей жизни «невинной»…
Пр. Бог может нас спасти и, как овец пасти!
       Жезл у Него в руках! А непокорным – крах!
       Жизнь новую прими, с ней в Небеса войди!
       Всё на твоих весах! Ты выбираешь сам";"{title: Утонули в обидах}
{key: Am}
{capo: +3}

1. Утонули в об[Am]идах, потеряли расс[Dm]удок!
О кресте и страд[E]аньях не хотят слышать л[Am]юди![E]
Сердце чёрной ву[Am]алью покрывают и [Dm]судят,
Убегая от св[E]ета, с ними что дальш[Am]е будет?[E]
Пр. [Am]Бог пл[G]ачет в Небес[F]ах[E]!    [Am]Боль [G]и печаль в глаз[F]ах:[E]
       Гр[Am]ех х[G]одит по земл[F]е,    [E]см[Am]ерть пр[G]инося т[F]еб[E]е…
       [Am]Ты м[G]ожешь прогад[F]ать:   [E]ж[Am]изнь [G]не тому отд[F]ать,[E]
       Вм[AmG]иг оборвётся [F]вс[E]ё!   [AmG]Что хочешь ты ещ[F]ё?![E]

2. Перед Божьим престолом все стоять скоро будем!
Праздных дней разговоры Слово Божье осудит…
Фарисеи святые ходят в белых одеждах,
Обличают и учат, хотя сами – невежды!
Пр. Ты можешь не понять, ты можешь не узнать,
       Как крест Его нести, след в след за Ним идти…
       Жертв не желает Он! Сбрось свой наивный сон,
       Что тёплая душа с Ним будет в Небесах…

3. Перестань слушать басни…Враг хитёр и опасен:
Обещает он много, только в ад та дорога!
Вытри слюни и сопли, позабудь свои вопли 
О несчастной, постылой, своей жизни «невинной»…
Пр. Бог может нас спасти и, как овец пасти!
       Жезл у Него в руках! А непокорным – крах!
       Жизнь новую прими, с ней в Небеса войди!
       Всё на твоих весах! Ты выбираешь сам";;;;
0615;615;Слышим Божий глас;Огненный ветер;Am;3;;4/4;;;V1 C V2 V3;Огненный ветер (аккорды);;;;;"
Най-на-на: Am Dm G C F Dm E – 2р.

1. Хвала на Востоке звучала 
И радостно сердце стучало!
А в Небо простые мотивы 
Горячей волной уносило!

Пр. Торопись скорей, собирай друзей! 
       Восхвалять Отца! Восхвалять Царя!
       Сердцем и душой вместе с нами пой: 
       «Аллилуйя! Аллилуйя!»

2. Пусть в танцах движения сердца 
Откроют для радости дверцу!
И в дружном большом хороводе 
От счастья смеяться мы будем!
";"{title: Хвала на Востоке}
{key: Am}
{capo: +3}


Най-на-на: Am Dm G C F Dm E – 2р.

1. Хвал[Am]а на Востоке звуч[Dm]ала 
И [E]радостно сердце ст[Am]учало![E]
А в [Am]Небо простые мот[Dm]ивы 
Гор[E]ячей волной унос[Am]ило!

Пр. Тороп[Am]ись скорей, собир[Dm]ай друзей! 
       Восхвал[G]ять Отца! Восхвал[C]ять Царя!
       Сердцем [F]и душой вместе с [Dm]нами пой: 
       «Аллил[E]уйя! Аллилуйя!»

2. Пусть в танцах движения сердца 
Откроют для радости дверцу!
И в дружном большом хороводе 
От счастья смеяться мы будем!
";;;;
0616;616;Жили мы всегда без Бога;Огненный ветер;Am;3;;4/4;;;V1 C V2 V3;Огненный ветер (аккорды);;;;;"
1. Хвала Тебе, Отец и Дух Святой!
Хвала Тебе, Иисус мой дорогой!
Я буду петь в молчании тишины
Лишь о Твоей большой святой любви!

Пр. Господь навек любовью возлюбил!
       И от грехов прощенье подарил!
       Ему вся честь, и слава, и хвала!
       Его любовь навеки нам дана!

2.В молитве я к Тебе лишь прихожу!
И лишь Тебе я сердце отдаю!
От чистых слёз на сердце благодать!
Хочу Твою я славу отражать!

Любовь Твоя сияет!
Греха она не знает…
Во славе Ты блистаешь!
Людей Своих спасаешь!";"{title: Хвала Тебе}
{key: Am}
{capo: +3}


1. Хвала Теб[Am]е, Отец и Дух Свят[Dm]ой!
Хвала Теб[E]е, Иисус мой дорог[Am]ой!
Я буду петь в молчании тишины
Лишь о Твоей большой святой любви!

Пр. Господь нав[Dm]ек любовью возлюб[Am]ил!
       И от грех[E]ов прощенье подар[Am]ил!
       Ем[Dm]у вся [G]честь, и сл[C]ава, и хвал[F]а!
       Ег[Dm]о люб[E]овь навеки нам дан[Am]а!

2.В молитве я к Тебе лишь прихожу!
И лишь Тебе я сердце отдаю!
От чистых слёз на сердце благодать!
Хочу Твою я славу отражать!

Любовь Твоя сияет!
Греха она не знает…
Во славе Ты блистаешь!
Людей Своих спасаешь!";;;;
0617;617;Пусть благодать сойдёт;Огненный ветер;Am;3;;4/4;;;V1 C V2 B;Огненный ветер (аккорды);;;;;"
1. Хвалою дышит небосвод, и всё поёт Ему:
Великому, любимому Богу моему!
В цветах запуталась роса, а ягоды в лугах –
Красные рубины в белых жемчугах!

Пр. Танцуй всегда! Танцуй со мной!
      Под летним солнцем ты танцуй, танцуй и под луной!
       Танцуй в горах, танцуй в реке,
       Под яркой радугой танцуй! Танцуй и при дожде!

2. Велик наш Бог в Своей любви! Познать её дано
Когда мы пьём её с тобой, как терпкое вино!
Как будто мир совсем другой и крылья за спиной,
Когда в свободе ветра танцуем мы с тобой!

3. Прекрасен мир вокруг меня, он Богом сотворён!
Пусть в радости Его любви растворится он!
И отраженьем на воде танцуют корабли
Парами с туманами дышащей земли!";"{title: Хвалою дышит небосвод}
{key: Am}
{capo: +3}


1. Хвалою [Am]дышит небосвод, и [Dm]всё поёт Ему:
Вел[G]икому, любимому Б[C]огу моему!
В цветах зап[F]уталась роса, а [Dm]ягоды в лугах –
Кр[G]асные рубины в б[E]елых жемчугах!

Пр. Танцуй всегд[Am]а! Танцуй со мн[Dm]ой!
      Под летним с[G]олнцем ты танцуй, танц[E]уй и под луной!
       Танцуй в гор[Am]ах, танцуй в р[Dm]еке,
       Под яркой [G]радугой танцуй! Танц[E]уй и при дожде!

2. Велик наш Бог в Своей любви! Познать её дано
Когда мы пьём её с тобой, как терпкое вино!
Как будто мир совсем другой и крылья за спиной,
Когда в свободе ветра танцуем мы с тобой!

3. Прекрасен мир вокруг меня, он Богом сотворён!
Пусть в радости Его любви растворится он!
И отраженьем на воде танцуют корабли
Парами с туманами дышащей земли!";;;;
0618;618;Я люблю тебя, Я – твой Бог!;Огненный ветер;Am;2;;4/4;;;V1 C V2 V3;Огненный ветер (аккорды);;;;;"1. Я люблю тебя, Я – твой Бог! За тебя умирал на кресте…
Я свободу принёс от грехов! Ты спасенье найдёшь - во Мне!

Пр. Пройдёт беда, придёт весна! И зацветут опять сады…
       Спасёт тебя любовь Христа! Живым с войны вернёшься ты…

2. Цепи страха падут – и придёт радость жизни Моей, как река!
Свет любви победит смерти тьму! Твоя жизнь для меня дорога!

3. Ты молитву ко Мне вознеси, и на Слово Моё обопрись!
Враг не сможет тебя победить, Я тебе подарил Свою жизнь!";"
[Am]1. Я люблю тебя, Я – твой Б[Dm]ог! За тебя [E]умирал на кресте…[Am]
[F]Я свободу принёс от грехов! Ты [Dm]спасенье найдёшь[E] - во Мне![Am]

[A7]Пр. Пройдёт беда, при[Dm-G]дёт весна! И зацв[C-F]етут опять сады…[Dm][E]
[A7]       Спасёт тебя [Dm-G]любовь Христа! Живым [C-F]с войны вернёшься ты…[Dm-E][Am]

2. Цепи страха падут – и придёт радость жизни Моей, как река!
Свет любви победит смерти тьму! Твоя жизнь для меня дорога!

3. Ты молитву ко Мне вознеси, и на Слово Моё обопрись!
Враг не сможет тебя победить, Я тебе подарил Свою жизнь!


";;;;
0619;619;Свет первой любви;Огненный ветер;Am;3;;4/4;;;V1 C V2;Огненный ветер (аккорды);;;;;"
1. Ходить по Небу босиком 
И собирать любви букет
Из перьев Ангелов    легко и бережно 
На протяжении долгих лет…

2.В слова те перья облекать! 
С Небес на землю посылать
Всем тем, кто к Богу найти дорогу, 
В Небесный Дом желает знать!

3. Следы оставив на земле, расцветших маков на крови,
Во славе огненной, на лёгком облаке 
Подняться песнею любви!

4.Пройти по Небу только раз, 
Услышать Бога нежный глас!
С любимым Господом, в сиянии радуги 
Познать судьбы счастливый час!
";"{title: Ходить по Небу}
{key: Am}
{capo: +3}


1. Ход[Am]ить по Н[E]ебу босик[Am]ом 
И [Dm]собир[E]ать любви бук[Am]ет
Из перьев [Dm]Ангел[G]ов    легко и б[C]ережно [F]
На [Dm]протяж[E]ении долгих [Am]лет…

2.В слова те перья облекать! 
С Небес на землю посылать
Всем тем, кто к Богу найти дорогу, 
В Небесный Дом желает знать!

3. Следы оставив на земле, расцветших маков на крови,
Во славе огненной, на лёгком облаке 
Подняться песнею любви!

4.Пройти по Небу только раз, 
Услышать Бога нежный глас!
С любимым Господом, в сиянии радуги 
Познать судьбы счастливый час!
";;;;
0620;620;Любовь зажгла;Огненный ветер;Am;3;;4/4;;;V1 C V2;Огненный ветер (аккорды);;;;;"
1. Хожу по земле, летаю во сне, и где бы я ни был,
Я знаю одно, что Бог подарил внутри меня Небо!
Вокруг меня ад, проклятия смрад, неверие в Бога!
Но мне  темнота теперь не страшна: я знаю дорогу!
Я знаю дорогу, я знаю дорогу!

2. Люди греха жаждут всегда зрелищ и хлеба!
Я же прошу: «Бог, подари им Своё Небо!»
Чтоб в темноте очи слепых тут же прозрели!
Чтобы уста, прежде немых, песни запели!
Песни запели, песни запели!

3. На Небесах ночью и днём я поклоняюсь!
В страхе Твоём Божьим огнём я очищаюсь!
Сердца сосуд с Небом внутри я разбиваю…
Людям служить сердцем своим я избираю! 
Я избираю! Я избираю!";"{title: Хожу по земле}
{key: Am}
{capo: +3}


[Am]1. Хожу по земл[Dm]е, летаю во сн[E]е, и где бы я н[Am]и был,
Я знаю одн[Dm]о, что Бог подар[E]ил внутри меня [Am]Небо!
Вокруг меня [Dm]ад, проклятия смр[G]ад, неверие в Б[C]ог[F]а!
Но мне  темнот[Dm]а теперь не страшн[E]а: я знаю д[Am]орогу!
Я знаю дор[F]ог[G]у, я знаю дор[Am]огу!

2. Люди греха жаждут всегда зрелищ и хлеба!
Я же прошу: «Бог, подари им Своё Небо!»
Чтоб в темноте очи слепых тут же прозрели!
Чтобы уста, прежде немых, песни запели!
Песни запели, песни запели!

3. На Небесах ночью и днём я поклоняюсь!
В страхе Твоём Божьим огнём я очищаюсь!
Сердца сосуд с Небом внутри я разбиваю…
Людям служить сердцем своим я избираю! 
Я избираю! Я избираю!";;;;
0621;621;Хвала Тебе;Огненный ветер;Am;3;;4/4;;;V1 C V2;Огненный ветер (аккорды);;;;;"
1. Церкви из роз подарю букет! 
С ней я не расстанусь! Нет, нет, нет!
В церковь Христа позвала любовь!
За неё Господь пролил Свою кровь!

Пр. Дом спасения - церковь моя! 
       Дом спасения - храм из огня!
       Дух Святой, сойди на меня 
       В этот день любви – День спасения!

2 вариант:
       С днём рождения, церковь моя!
       С днём рождения, храм из огня!
       Дух Святой, сойди на меня
       В этот день любви – День Рождения!

2. Ты воскрес, чтобы жили мы! 
Подарил нам Церковь на крови!
В ней  живут, дышат и поют лишь хвалу! 
Тебе славу воздают!

Бр. Буду вечно жить! И Тебе служить!
Восхвалять всегда, ожидать Тебя!";"{title: Церкви из роз}
{key: Am}
{capo: +3}


1. [Am]Церкви из роз подарю букет! 
С [F]ней я не расстанусь! [Dm]Нет, н[E]ет, [Am]нет!
В церковь Христа позвала любовь!
За неё Господь пролил Свою кровь!

Пр. Дом спас[C]ения - церковь моя! 
       Дом спас[F]ения - хр[Dm]ам из огн[E]я!
       Дух Святой, сойди на меня 
       В этот день любви – День спасения!

2 вариант:
       С днём рождения, церковь моя!
       С днём рождения, храм из огня!
       Дух Святой, сойди на меня
       В этот день любви – День Рождения!

2. Ты воскрес, чтобы жили мы! 
Подарил нам Церковь на крови!
В ней  живут, дышат и поют лишь хвалу! 
Тебе славу воздают!

Бр. Буду вечно жить! И Тебе служить!
Восхвалять всегда, ожидать Тебя!";;;;
0622;622;Пойду с Тобой я танцевать;Огненный ветер;Am;3;;4/4;;;V1 C V2 V3 V4;Огненный ветер (аккорды);;;;;"
1. Час пророчеств настал – всем предстать перед Ним
В откровеньях небес и света!
В Твоём сердце всю жизнь я Тобою храним,
Твоей кровью хвала согрета…

Пр. Восхищаюсь Тобой, Господь мой!
       Наполняюсь Тобой, Господь мой!
       Освящаюсь Твоей чистотою любви…
       Я в Тебя облачён, Господь мой!
       Я Тебя не предам, Господь мой!
       Я искуплен навек ценою крови…

2. Пусть уходят года, их прожил я не зря:
Мы с Тобою навек повстречались!
Был завет заключён в храме у алтаря,
Там с Тобой мы в любви обвенчались!
";"{title: Час пророчеств настал}
{key: Am}
{capo: +3}


1. Ч[Am]ас пророчеств наст[Dm]ал – вс[E]ем предстать перед Н[Am]им
В [Am]откровеньях неб[Dm]ес и св[Am]ета![E]
[Am]В Твоём сердце всю ж[Dm]изнь я Тобою хран[Am]им,
Твоей кровью хв[Dm]ала с[Am]огрета…[E]

Пр. Восхищаюсь Тоб[Am]ой, Госп[Dm]одь мой!
       Наполняюсь Тоб[Am]ой, Госп[Dm]одь мой!
       Освящаюсь Тв[E]оей чистотою лю[Am]бви…[E]
       Я в Тебя облач[Am]ён, Госп[Dm]одь мой!
       Я Тебя не пред[Am]ам, Госп[Dm]одь мой!
       Я искуплен н[E]авек ценою кр[Am]ови…[E]

2. Пусть уходят года, их прожил я не зря:
Мы с Тобою навек повстречались!
Был завет заключён в храме у алтаря,
Там с Тобой мы в любви обвенчались!
";;;;
0623;623;Божье приходит время;Огненный ветер;Am;1;;4/4;;;V1 C V2 V3;Огненный ветер (аккорды);;;;;"
1. Часто видим мы в пути белые туманы,
Надо нам их все пройти, свет увидеть надо!
  Как бывает нелегко нам поверить в чудо!
  Но оно недалеко, встречи ждёт повсюду… - 2р.

Пр. Истину и жизнь, путь святой 
       Показал Господь нам с тобой!
       С неба льётся свет, как дожди! 
       С ним легко к Тебе нам идти!

(проигрыш)

2. Белый, белый, белый дым верою проходим!
На рассвете от молитв сердцу легче будет
Видеть и хранить Твой путь чудных откровений!
И в душе своей иметь жажду пробуждений!

";"{title: Часто видим мы в пути}
{key: Am}
{capo: +1}


1. Ч[Am]асто видим мы в п[Dm]ути б[E]елые тум[Am]аны,[E]
Н[Am]адо нам их все пройт[Dm]и, св[E]ет увидеть [Am]надо!
  К[A7]ак бывает нелегк[Dm]о н[G]ам поверить в ч[C]удо!
  Н[F]о оно недалек[Dm]о, встр[E]ечи ждёт повс[Am]юду… - 2р.

Пр. [A7]Истину и ж[Dm]изнь, п[G]уть свят[C]ой 
       П[F]оказал Госп[Dm]одь н[E]ам с тоб[Am]ой!
       С неба льётся свет, как дожди! 
       С ним легко к Тебе нам идти!

(проигрыш)

2. Белый, белый, белый дым верою проходим!
На рассвете от молитв сердцу легче будет
Видеть и хранить Твой путь чудных откровений!
И в душе своей иметь жажду пробуждений!

";;;;
0624;624;За поворотом другая страна;Огненный ветер;Am;3;;4/4;;;V1 C V2 B;Огненный ветер (аккорды);;;;;"
1. Четыре стороны света ждут меня, 
Чтоб прилететь мне в гости к Ангелам!
Четыре стороны света ждут огня, 
Он осветит сердца мрак факелом!

Пр. Я везу тебе подарки, я везу тебе любовь, 
       Я везу тебе свободу, чтобы обновилась кровь!

2. На крыльях Бог принесёт дар Небес,
И ароматы любви пробудят от сна!
По всей земле прокричу: «Иисус воскрес!»
Так просыпайся и ты! Смерть побеждена!

";"{title: Четыре стороны света}
{key: Am}
{capo: +3}


1. Четыре ст[Am]ороны света жд[G]ут меня, 
Чтоб прилет[F]еть мне в гости к [G]Ангелам!
Четыре ст[Am]ороны света жд[G]ут огня, 
Он освет[F]ит сердца мрак [G]фак[Am]елом![G]

Пр. [C]Я везу тебе под[F]арки, [G]я везу тебе люб[C]овь, 
       [Am]Я везу тебе своб[F]оду, чт[G]обы обновилась [Am]кровь!

2. На крыль[Am]ях Бог принесёт [G]дар Небес,
И аром[F]аты любви пробуд[G]ят от сн[Am]а!
По всей земл[Am]е прокричу: «Иис[G]ус воскрес!»
Так прос[F]ыпайся и ты! Смерть поб[G]ежден[Am]а![G]

";;;;
0625;625;Танки грязи не боятся;Огненный ветер;Am;3;;4/4;;;V1 C V2 V3;Огненный ветер (аккорды);;;;;"
1. Чистая и ясная,     светлая, прекрасная! 
Яркая, как солнце и, как воды быстрая!
Нежная, как птица, верная Моя!

Пр. О, как прекрасна ты, 
       Как прекрасна ты!
       Большие воды не потушат сей любви!
       Большие реки не зальют её водой
       Навеки Я назвал тебя Своей женой!
";"{title: Чистая и ясная}
{key: Am}
{capo: +3}


[Am]1. Ч[Em]истая [DmAm]и ясная,     [Am]св[Em]етлая, пр[Dm]екрасн[Am]ая! 
[Am]Яркая, как с[F]олнце [Dm]и, как воды [Em]быстрая!
[Am]Нежная, как пт[F]ица, [Dm]верная М[Em]оя!

Пр. О, как прекр[Am]асна [Em]ты, 
       Как прекр[Dm]асна [Am]ты!
       Большие [Am]воды н[F]е потушат [Dm]сей любв[Em]и!
       Большие [Am]реки н[F]е зальют е[Dm]ё вод[Em]ой
       Навеки [Am]Я назв[Em]ал тебя Сво[Dm]ей ж[Am]еной!
";;;;
0626;626;Оглянуться не успели;Огненный ветер;Am;3;;4/4;;;V1 V2 V3 V4 V5;Огненный ветер (аккорды);;;;;"
1. Что есть человек, что Ты помнишь его? 
Во мраке и днём посещаешь его?
Славой и честью его увенчал! 
Владыкой дел Твоих Божьих избрал!

Пр. Святая любовь, святая любовь, зовёт в небеса вновь и вновь!
       Луна есть творение, и звёзды Твои!
       Поставил их твёрдо над кругом земли!

2. Имя Твоё велико на земле! Слава Твоя открывается мне!
Из уст всех детей Ты устроил хвалу,
Чтобы она не досталась врагу…
";"{title: Что есть человек (Пс. 8)}
{key: Am}
{capo: +3}


[Am]1. Что есть ч[Dm]еловек, что Ты п[Am]омнишь его? 
Во мр[E]аке и днём посещ[Am]аешь его?
Славой и честью его увенчал! 
Владыкой дел Твоих Божьих избрал!

Пр. Свят[Dm]ая любовь, свят[Am]ая любовь, зов[E]ёт в небеса вн[Am]овь и вновь!
       Лун[Dm]а есть творение, и зв[Am]ёзды Твои!
       Пост[E]авил их твёрдо над кр[E7]угом земли!

2. Имя Твоё велико на земле! Слава Твоя открывается мне!
Из уст всех детей Ты устроил хвалу,
Чтобы она не досталась врагу…
";;;;
0627;627;Прольётся прозрачный летний дождь;Огненный ветер;Am;3;;4/4;;;V1 C V2;Огненный ветер (аккорды);;;;;"
1. Чтоб рассказать – жизни не хватит, как я Твоё Слово люблю!
Свет от любви Твоей необъятен! Слово Твоё в сердце храню!

Пр. Там, там - небо в алмазах! Там, там - в золоте трон,
       Свет Ты дал нам, и разум! Словом мир сотворён!

2. Там, где для нас Ты приготовил на небесах обитель любви,
Буду я жить в истинном Слове вместе с Тобой вечные дни!

3. Здесь на земле мало осталось нам познавать тайны Твои!
Слава Твоя с неба спускалась, чтобы покрыть фатою любви! ";"{title: Чтоб рассказать}
{key: Am}
{capo: +3}


[Am]1. Чтоб рассказ[Dm]ать – ж[E]изни не [Am]хватит, [F]как я Тв[Dm]оё Сл[E]ово любл[Am]ю!
Свет от любви Твоей необъятен! Слово Твоё в сердце храню!

Пр. [Am]Там, там - [F]небо в алмазах! [G]Там, там - в [C]золоте тр[E]он,
       Св[F]ет Ты [Dm]дал нам, и разум! Сл[E]овом мир сотв[Am]орён!

2. Там, где для нас Ты приготовил на небесах обитель любви,
Буду я жить в истинном Слове вместе с Тобой вечные дни!

3. Здесь на земле мало осталось нам познавать тайны Твои!
Слава Твоя с неба спускалась, чтобы покрыть фатою любви! ";;;;
0628;628;Что есть человек (Пс. 8);Огненный ветер;Am;3;;4/4;;;V1 C V2;Огненный ветер (аккорды);;;;;"
1. Чтоб не случилась весной зима, 
Не постучалась в окно беда,
Ты сердца дверь отворяй всегда лишь Богу!
С Ним не страшна в холода метель, 
Он есть твой путь и Ему ты верь!
И каждый день чудеса встречай у порога…

Пр. В холод идти ты не спеши, всё, позабыв, Богу отдай!
       Он исцелит раны души, Божью любовь ты принимай!

2. Чтоб не забыть летних радуг дни, и не исчезли во тьме они,
Ты, положив их в конверт, отправь на небо!
Там Будут Ангелы в ряд стоять, и твои письма все принимать, 
И отвечать, накормив тебя хлебом… 

";"{title: Чтоб не случилась весной зима}
{key: Am}
{capo: +3}


1. Чт[Am]об не случ[Dm]илась весн[E]ой зим[Am]а, 
[Am]Не постуч[Dm]алась в окн[G]о беда,[C]
[F]Ты сердца дв[Dm]ерь отворяй всегд[E]а лишь [Am]Богу!
С Н[Am]им не страшн[Dm]а в холод[E]а мет[Am]ель, 
[Am]Он есть твой п[Dm]уть и [G]Ему ты [C]верь!
[F]И каждый д[Dm]ень чудеса встреч[E]ай у пор[Am]ога…

Пр. В [Am]холод идт[G]и т[F]ы не сп[E]еши, вс[Dm]ё, позаб[F]ыв, Б[Dm]огу отд[E]ай!
       [Am]Он исцел[G]ит р[F]аны душ[E]и, [Dm]Божью люб[F]овь [Dm]ты приним[E]ай!

2. Чтоб не забыть летних радуг дни, и не исчезли во тьме они,
Ты, положив их в конверт, отправь на небо!
Там Будут Ангелы в ряд стоять, и твои письма все принимать, 
И отвечать, накормив тебя хлебом… 

";;;;
0629;629;Где-то, где-то;Огненный ветер;Am;4;;4/4;;;V1 V2 V3;Огненный ветер (аккорды);;;;;"
1. Что смущаешься, моя душа? 
Пусть враги и говорят: «Где Бог твой?»
Лучше на Него ты уповай!   Не забыл тебя Господь мой!

Пр. Буду славить Бога! Петь и наслаждаться! 
       Песней радости в ночи смеяться!
       Сердце было в бездне, слёзы были хлебом, 
       Но пришло моё спасенье с неба!

2. Свет пошли и истину Свою! – 
Возношу к Тебе молитву.
Ко святой горе Твоей стремлюсь, 
Ко врагам спешу на битву!

3. Исцеляется моя душа Божьей милостью во славе!
Мой Заступник не забыл меня! 
Он моею жизнью правит! ";"{title: Что смущаешься, моя душа? (Пс.41)}
{key: Am}
{capo: +4}


1. [Am]Что смущаешьс[G]я, моя душ[F]а? 
[Dm]Пусть враги и [Em]говорят: «Где [Am]Бог твой?»
Л[Dm]учше на Нег[G]о ты упов[C]ай[F]!   [Dm]Не забыл т[Em]ебя Госп[Am]одь мой!

Пр. Б[Am]уду славить Бога! П[G]еть и наслаждаться! 
       П[F]есней радости в ночи сме[Am]яться!
       [Dm]Сердце было в бездне, сл[C]ёзы были хлебом, 
       [Dm]Но пришло моё спасенье с н[E]еба!

2. Свет пошли и истину Свою! – 
Возношу к Тебе молитву.
Ко святой горе Твоей стремлюсь, 
Ко врагам спешу на битву!

3. Исцеляется моя душа Божьей милостью во славе!
Мой Заступник не забыл меня! 
Он моею жизнью правит! ";;;;
0630;630;Я буду жить и верить в чудо;Огненный ветер;Em;2;;4/4;;;V1 C V2;Огненный ветер (аккорды);;;;;"1. Я буду жить и верить в чудо, что Бог спасёт моих любимых,
Я буду верить и молиться о встречах мне необходимых…
Дай, Господи, всем покаяния, дай веры и сердец смирения,
Дай, Господи, принять страдания, и с ними обрести спасение!

Пр. Пусть кровь Твоя и плоть, как свежий хлеб живой
       Накормят Твой народ любовью неземной!
       С Голгофского креста пусть реки потекут
       И в них сердца людей пусть силу обретут!

2. Среди ветров, что пахнут смертью,
дай нам взлететь над ними выше,
и не смотря на испытания,
дай становиться к Небу ближе!

Грехи не видеть и не слышать
нам помогает Твоё Слово!
Мы в мире зла хвалой небесной
спасти Твоих людей готовы!";"
[Em]1. Я буду жить и верить в чудо, чт[Am]о Бог спасёт [D]моих любимых,[G]
[C]Я буду верить и молиться о [Am]встречах мне необ[H7]ходимых…
[Em]Дай, Господи, всем покаяния[Am], дай веры и с[D]ердец смирения,[G]
[C]Дай, Господи, принять страдания, [Am]и с ними обрести [H7]спасение![Em]

[E]Пр. Пусть кровь Твоя [Am]и плоть, как с[D]вежий хлеб живой[G]
[C]       Накормят Твой народ[Am] любовь[H7]ю неземной!
[E]       С Голгофского [Am]креста пусть[D] реки потекут[G]
[C]       И в них сердца [Am]людей пусть си[H7]лу обретут![Em]

2. Среди ветров, что пахнут смертью,
дай нам взлететь над ними выше,
и не смотря на испытания,
дай становиться к Небу ближе!

Грехи не видеть и не слышать
нам помогает Твоё Слово!
Мы в мире зла хвалой небесной
спасти Твоих людей готовы!
";;;;
0631;631;Сон за дверью стоит;Огненный ветер;Am;3;;4/4;;;V1 C V2;Огненный ветер (аккорды);;;;;"
1.Это время ночи, это время битвы,
Это время Слова и молитвы! 
Это время скорби, это время плача! 
Пред тобой стоит одна задача:

Пр. Не спи! Елей приходит с Неба! 
       Ищи живой воды и хлеба!
       Зажги светильник свой горящий! 
       Возвысь свой глас в ночи звучащий!

2.Это время света, это время смеха,
Благодати время и успеха! 
Это время песен, это время танцев,
Ликованья время, время счастья!

Пр. Не спи! Господь приходит с Неба! 
       Ищи Его воды и хлеба!
       Не спи! А то совсем замерзнешь! 
       Не спи! Ты еще много можешь!";"{title: Это время ночи, это время битвы}
{key: Am}
{capo: +3}


1.Это вр[Am]емя ночи, это вр[G]емя битвы,
[Dm]Это время Слова [Am]и молитвы! 
Это время скорби, [G]это время плача! 
Пр[F]ед тобой стоит одн[E]а задача:

Пр. Не [Dm]спи! Елей прих[F]одит с Неба! 
       Ищ[Dm]и живой вод[F]ы и хл[E]еба!
       Зажг[Dm]и светильник св[F]ой горящий! 
       Возв[Dm]ысь свой глас в ноч[F]и звучащ[E]ий!

2.Это время света, это время смеха,
Благодати время и успеха! 
Это время песен, это время танцев,
Ликованья время, время счастья!

Пр. Не спи! Господь приходит с Неба! 
       Ищи Его воды и хлеба!
       Не спи! А то совсем замерзнешь! 
       Не спи! Ты еще много можешь!";;;;
0632;632;Больше не будет тьмы;Огненный ветер;Am;3;;4/4;;;V1 C V2;Огненный ветер (аккорды);;;;;"
1.Это Мой крест против твоей гордыни!
Молот святой смерть разобьёт и ныне….
Этот Мой крест – Сила твоя в стремлении,
И в поругании, и в твоём унижении….
Силой креста дух твой  ко мне стремится!
Кровью креста будет сильнее биться
Сердце твоё, если отвергнет брение 
Славы мирской и хвалебное пение….

2. Не убегай к льстивым речам за помощью!
Не прибегай к дружбе случайной! И ложною
Клятвой себя ты никогда не связывай! 
Душу свою ты никому не навязывай!
Лучше креста ты не найдёшь пристанища, 
Против греха, против зловоний капища, 
Где в темноте сердце твоё истомилось,
Где без любви тех, кто любит, оно разбилось!

3. Выбери крест против слащавых признаний!
Лучше страдай, чем искать бесовского внимания!
Лучше молчи, чем словами опутывать дерзкими
Сердце своё. И иметь намерения мерзкие,
Сущность свою растворяя в общении сладостном,
С теми, кто пуст, но умеет хвалить тебя радостно!
Выбери крест, чтобы смертью Моею очиститься
И к Небесам силой креста приблизиться! 

4. Пусть продолжают люди греха наслаждаться!
Ты же умри на кресте! Перестань любоваться
Внешней красой преходящего подлого мира!
Думай быстрей!  Пока сердце твоё не остыло,
Выбери крест! С ним ты станешь как Агнец молчащий!
Больше не будешь напрасно кимвалом звенящим!
Выбери крест! Он подарок святого прощения!
Выбери крест! Это Божья любовь и спасение!";"{title: Это Мой крест}
{key: Am}
{capo: +3}


1.Это Мой [Am]крест против твоей гордыни!
Молот св[Dm]ятой смерть разобьёт и [E]ныне….
Этот Мой крест – Сила твоя в стремлении,
И в поругании, и в твоём унижении….
Силой креста дух твой  ко мне стремится!
Кровью креста будет сильнее биться
Сердце твоё, если отвергнет брение 
Славы мирской и хвалебное пение….

2. Не уб[Am]егай к льстивым речам за помощью!
Не приб[Dm]егай к дружбе случайной! И ложною
Клятвой с[Am]ебя ты никогда не связывай! 
Душу св[Dm]ою ты никому не н[E]авязывай!
Лучше креста ты не найдёшь пристанища, 
Против греха, против зловоний капища, 
Где в темноте сердце твоё истомилось,
Где без любви тех, кто любит, оно разбилось!

3. Выбери крест против слащавых признаний!
Лучше страдай, чем искать бесовского внимания!
Лучше молчи, чем словами опутывать дерзкими
Сердце своё. И иметь намерения мерзкие,
Сущность свою растворяя в общении сладостном,
С теми, кто пуст, но умеет хвалить тебя радостно!
Выбери крест, чтобы смертью Моею очиститься
И к Небесам силой креста приблизиться! 

4. Пусть продолжают люди греха наслаждаться!
Ты же умри на кресте! Перестань любоваться
Внешней красой преходящего подлого мира!
Думай быстрей!  Пока сердце твоё не остыло,
Выбери крест! С ним ты станешь как Агнец молчащий!
Больше не будешь напрасно кимвалом звенящим!
Выбери крест! Он подарок святого прощения!
Выбери крест! Это Божья любовь и спасение!";;;;
0633;633;Позади – война;Огненный ветер;E;3;;4/4;;;V1 C V2 B;Огненный ветер (аккорды);;;;;"
1. Это осень?   Это осень!
Загорается огнями красных ягод и осинам
Срочно надо в плащ бардовый с золотом переодеться!

2. Это радость? Это радость!
Тихая, луной пропахла, звёздами и небосводом
Над костром туманом жарким хочет с небом поделиться!

3. Это горечь? Это горечь!
От рябины и калины, от тускнеющих ромашек,
Наполняется травою, срезанной под корень кем-то…

4. Это больно? Нет, не больно!
Просто слёзы течь устали от разлуки с тем, кто дорог,
Хоть и рядом, но не вместе…Осень плачет листопадом…";"{title: Это осень}
{key: E}
{capo: +3}


[E]1. Эт[Am]о осень?   [F]Эт[Am]о осень![E]
[Am]Загораетс[G]я огнями кр[F]асных ягод [G]и осинам
[Am]Срочно надо в пл[G]ащ бардовый с з[F]олотом пер[G]еодеться!

2. Это радость? Это радость!
Тихая, луной пропахла, звёздами и небосводом
Над костром туманом жарким хочет с небом поделиться!

3. Это горечь? Это горечь!
От рябины и калины, от тускнеющих ромашек,
Наполняется травою, срезанной под корень кем-то…

4. Это больно? Нет, не больно!
Просто слёзы течь устали от разлуки с тем, кто дорог,
Хоть и рядом, но не вместе…Осень плачет листопадом…";;;;
0634;634;Я забыл, что значит;Огненный ветер;Am;2;;4/4;;;V1 C V2;Огненный ветер (аккорды);;;;;"1. Я забыл, что значит жить одиноко, без любви,
Наконец-то я нашёл жизни путь!
У свободы нет преград, чтобы верить и любить,
Все ошибки зачеркнуть…

Пр. Восхвалять хочу Тебя! Наполняй меня!
       Пред Тобою танцевать! Наполняй меня!
       Радость всем хочу дарить! Наполняй меня!
       Дух Святой, дорогой, наполняй!

2. Красота в душе поёт, когда больше нет греха,
Есть прощения Твоего благодать!
Наливаешь Ты вино в мои новые меха,
Чтобы радость получать…";"
[Am]1. Я забыл, что значит ж[G]ить одиноко, [F]без любви,[G]
Наконец-то я нашёл жизни путь!
У свободы нет преград, чтобы верить и любить,
Все ошибки зачеркнуть…

[F]Пр. Восхвалять хочу [G]Тебя! Наполняй [G]меня![Am]
[F]       Пред Тобо[G]ю танцевать! Наполн[Am]яй меня!
[F]       Радость всем[G] хочу дарить! Напол[G]няй меня![Am]
[F]       Дух Святой, дорогой, наполн[G]яй!

2. Красота в душе поёт, когда больше нет греха,
Есть прощения Твоего благодать!
Наливаешь Ты вино в мои новые меха,
Чтобы радость получать…
";;;;
0635;635;Всё пройдёт без следа!;Огненный ветер;Am;3;;4/4;;;V1 C V2;Огненный ветер (аккорды);;;;;"
1.Это река жизни моей:
Горный поток движется в ней!
Пламя и лёд наполняют её,
Только сейчас ты вдали от неё…

Пр. Тебе сказать желаю: «Тебя я приглашаю
       Познать ту жизнь скорее,
       Войти в неё смелее!»

2. Это река, служенья река,
Не широка, не глубока…
Просто она течёт по камням,
Раны и боли скрываются там…

3. Это река Божьей любви
В силе Его пролитой крови!
Будешь ли ты в этой реке?
Или стоять от неё вдалеке?

Пр. Тебе сказать желаю: «тебя я приглашаю
       Познать любовь скорее, войти в неё смелее!»";"{title: Это река}
{key: Am}
{capo: +3}


1.Это река ж[Am]изни моей:[Dm]
Горный пот[E]ок движется в [Am]ней!
Пламя и л[F]ёд наполняют [Dm]её,
Только сейч[E]ас ты вдали от неё…

Пр. Т[Am]ебе сказать жел[Dm]аю: «Теб[G]я я приглаш[C]аю
       Позн[Am]ать ту жизнь скор[Dm]ее,
       Войт[E]и в неё смел[Am]ее!»

2. Это река, служенья река,
Не широка, не глубока…
Просто она течёт по камням,
Раны и боли скрываются там…

3. Это река Божьей любви
В силе Его пролитой крови!
Будешь ли ты в этой реке?
Или стоять от неё вдалеке?

Пр. Тебе сказать желаю: «тебя я приглашаю
       Познать любовь скорее, войти в неё смелее!»";;;;
0636;636;Распускаются ромашки;Огненный ветер;C;3;;4/4;;;V1 V2 V3;Огненный ветер (аккорды);;;;;"
1. Этот день! Удивительный день! 
Этот день я запомню картиной!
В этот день подарил мне друзей 
Мой Господь, мой Любимый!

Пр. Это праздник радости,  это праздник любви!
       И на свой день рождения   ты меня позови!
       Будем вместе смеяться,  хороводы водить,
       В благодати купаться    и подарки дарить…


2. Этот день, словно в календаре 
Выделен яркой краской из радуг!
В небесах будет благословен 
Этот день для тебя, как награда!

";"{title: Этот день!}
{key: C}
{capo: +3}


1. [C]Этот день! Удивительный день! 
[F]Этот день я зап[G]омню картиной!
В [C]этот день подарил мне друзей 
М[F]ой Господь, мой [G]Любимый!

Пр. Это праздник радост[F]и,  [G]это праздник любв[C]и![Am]
       И на свой день рождения   ты меня позови!
       Будем вместе смеяться,  хороводы водить,
       В благодати купаться    и подарки дарить…


2. Этот день, словно в календаре 
Выделен яркой краской из радуг!
В небесах будет благословен 
Этот день для тебя, как награда!

";;;;
0637;637;Я люблю Тебя, Иисус!;Огненный ветер;Am;3;;4/4;;;V1 C V2 V3 V4;Огненный ветер (аккорды);;;;;"1. Я люблю Тебя, Иисус, и храню Твои слова!
Поклоняться я хочу перед троном у Отца!

Пр. У любви - свой куплет, у хвалы – свой припев!
       Вместе мы воспоём, Богу песнь принесём!

2. Во дворы Твои идём, и танцуем, и поём!
Ангелов весёлый хор дополняет наш узор!


3. Отражаем мы врага, раздеваем донага!
Песня Божия сладка, глубока и широка!

4. Мы в присутствии Твоём хороводы заведём!
Слава Бога и хвала от печали нас спасла…";"
[Am]1. Я люблю Тебя[Dm], Иисус, и[Am] храню Твои сло[E]ва!
[Am]Поклоняться я х[Dm]очу перед[Am] троном у Отца![E]

[Am]Пр. У любви - св[Dm]ой куплет, у[Am] хвалы – свой п[E]рипев!
[Am]       Вме[Dm]сте мы восп[Am]оём, Богу песнь[E] принесём!

2. Во дворы Твои идём, и танцуем, и поём!
Ангелов весёлый хор дополняет наш узор!

[Br]
[Am][Dm][Am][E]
3. Отражаем мы врага, раздеваем донага!
Песня Божия сладка, глубока и широка!

4. Мы в присутствии Твоём хороводы заведём!
Слава Бога и хвала от печали нас спасла…

[Br]
[Am] [Dm] [Am] [E]";;;;
0638;638;Ты не смотри назад с печалью;Огненный ветер;Am;3;;4/4;;;V1 V2 V3;Огненный ветер (аккорды);;;;;"
1. Эх, да поношенный костюм я не одену для Царя!
Мне бы из золота сюртук, чтобы украсил он меня!

2. Эх, да ни в чём не знать б беды!
Можно бы было в счастье жить!
Можно бы было в радости Царю царей всегда служить!

3. Эх, да немного б серебра, чтобы купить по сердцу дар!
Если бы дыр не знал карман! Всем бы я в щедрости  давал…

4. Эх, не о том я говорю…Видимо, просто жаркий день!
Счастье моё – служить Царю! И танцевать как олень!

5. Эх, сколько радости в любви! Как бы в ней не утонуть!
Буду я всех всегда любить…И не во сне, а наяву!

6. Эх, да пойду я танцевать! Знай, что я мал, да удал…
В сердце – сплошная благодать! Лучшей свободы не видал!

7. Эх, да в любви – всё хорошо! Вместе нам жить-поживать!
Кабы нам всем служить Царю! Вместе добра наживать!";"{title: Эх, да поношенный костюм}
{key: Am}
{capo: +3}


1. [Am]Эх, да пон[Dm]ошенн[E]ый кост[Am]юм я [F]не од[Dm]ену для Царя![E]
[Am]Мне бы из [Dm]золот[E]а сюрт[Am]ук, чт[F]обы [Dm]украсил [E]он м[Am]еня!

2. Эх, да ни в чём не знать б беды!
Можно бы было в счастье жить!
Можно бы было в радости Царю царей всегда служить!

3. Эх, да немного б серебра, чтобы купить по сердцу дар!
Если бы дыр не знал карман! Всем бы я в щедрости  давал…

4. Эх, не о том я говорю…Видимо, просто жаркий день!
Счастье моё – служить Царю! И танцевать как олень!

5. Эх, сколько радости в любви! Как бы в ней не утонуть!
Буду я всех всегда любить…И не во сне, а наяву!

6. Эх, да пойду я танцевать! Знай, что я мал, да удал…
В сердце – сплошная благодать! Лучшей свободы не видал!

7. Эх, да в любви – всё хорошо! Вместе нам жить-поживать!
Кабы нам всем служить Царю! Вместе добра наживать!";;;;
0639;639;Я берегу в сердце своём;Огненный ветер;Am;3;;4/4;;;V1 C V2;Огненный ветер (аккорды);;;;;"1. Я берегу в сердце своём ноты любви
Лишь для Тебя, мой дорогой, Святый Господь!
Ночью и днём слово Твоё птицей летит!
В сердце моём, бьётся струной, песней звучит!

Пр. Песня несёт нежной волной душу мою в град золотой!
       Словно вино чистой любви пью я слова!
       В свете Твоём славой плывут все облака, зная маршрут,
       Как водопад льётся рекой сердца хвала!

2. Я навсегда принадлежу только Тебе!
В этом вся жизнь и полнота смысла любви!
Святость твоя лишь чистоту будит во мне,
Песни пою лишь о любви, и о кресте!";"
[Am]1. Я берегу [Dm]в сердце своём ноты [F]любви[E]
[Dm]Лишь для Тебя, мо[E]й дорогой, Святый Господь![Am]
Ночью и днём слово Твоё птицей летит!
В сердце моём, бьётся струной, песней звучит!

[Dm]Пр. Песня несёт нежной [Am]волной душу мою [E]в град золотой![Am]
[Dm]       Словно вино чи[Am]стой любви пью я [E]сл[(Am)]ова!
       В свете Твоём славой плывут все облака, зная маршрут,
       Как водопад льётся рекой сердца хвала!

2. Я навсегда принадлежу только Тебе!
В этом вся жизнь и полнота смысла любви!
Святость твоя лишь чистоту будит во мне,
Песни пою лишь о любви, и о кресте!";;;;
0640;640;Знаю я Божий путь (Пс.76);Огненный ветер;Am;3;;4/4;;;V1 C V2 C;Огненный ветер (аккорды);;;;;"
1. Я берегу в сердце своём ноты любви
Лишь для Тебя, мой дорогой, Святый Господь!
Ночью и днём слово Твоё птицей летит!
В сердце моём, бьётся струной, песней звучит!

Пр. Песня несёт нежной волной душу мою в град золотой!
       Словно вино чистой любви пью я слова!
       В свете Твоём славой плывут все облака, зная маршрут,
       Как водопад льётся рекой сердца хвала!

2. Я навсегда принадлежу только Тебе!
В этом вся жизнь и полнота смысла любви!
Святость твоя лишь чистоту будит во мне,
Песни пою лишь о любви, и о кресте!";"{title: Я берегу в сердце своём}
{key: Am}
{capo: +3}


[Am]1. Я берег[Dm]у в сердце сво[F]ём ноты любв[E]и
Лишь для Теб[Dm]я, мой дорог[E]ой, Святый Госп[Am]одь!
Ночью и днём слово Твоё птицей летит!
В сердце моём, бьётся струной, песней звучит!

Пр. Песня нес[Dm]ёт нежной волн[Am]ой душу м[E]ою в град зол[Am]отой!
       Словно вин[Dm]о чистой любв[Am]и пью я сл[E]ов[Am]а!
       В свете Твоём славой плывут все облака, зная маршрут,
       Как водопад льётся рекой сердца хвала!

2. Я навсегда принадлежу только Тебе!
В этом вся жизнь и полнота смысла любви!
Святость твоя лишь чистоту будит во мне,
Песни пою лишь о любви, и о кресте!";;;;
0641;641;Миллион свежих роз;Огненный ветер;Em;3;;4/4;;;V1 C V2;Огненный ветер (аккорды);;;;;"

1. Я буду всегда искать лица Твоего!

Я буду в смирении ждать Твоих чудес!

Величье Твоё, Господь, так высоко,

Стремится душа взлететь до небес!


Пр. И снова, снова в небесах кружатся

       Слова любви моей к Тебе, мой Бог!

       В них снова, снова будут отражаться

      И жизнь моя, и слава, и восторг!

2. Неважно, что будет там, где нет любви!
Неважно, что будет потом и позади…
Я сердце своё, Иисус, Тебе отдал,
Чтоб дух мой теперь всегда с Тобой летал!

3. Из сердца летит хвала в небеса!
На землю из них всегда кропит роса…
Пусть стрелки часов закончат свой ход,
Во славе Твоей будет вечно сиять небосвод!
";"{title: Я буду всегда искать лица Твоего}
{capo: +3}



1. Я буду всегда искать лица Твоего!

Я буду в смирении ждать Твоих чудес!

Величье Твоё, Господь, так высоко,

Стремится душа взлететь до небес!


Пр. И снова, снова в небесах кружатся

       Слова любви моей к Тебе, мой Бог!

       В них снова, снова будут отражаться

      И жизнь моя, и слава, и восторг!

2. Неважно, что будет там, где нет любви!
Неважно, что будет потом и позади…
Я сердце своё, Иисус, Тебе отдал,
Чтоб дух мой теперь всегда с Тобой летал!

3. Из сердца летит хвала в небеса!
На землю из них всегда кропит роса…
Пусть стрелки часов закончат свой ход,
Во славе Твоей будет вечно сиять небосвод!
";;;;
0642;642;Ты открой нам тайну;Огненный ветер;Am;3;;4/4;;;V1 C V2;Огненный ветер (аккорды);;;;;"

1. Я буду ждать, я буду ждать ответы на свои вопросы!

Пусть за окном проходят вновь зима и лето, снег и грозы.

Ты знаешь всё, Ты знаешь всё, как сердце плакало годами,

Но ты пришёл, меня нашёл, наполнив душу небесами…


Пр. Я теперь Тебе хвалу свою пою! 

       И любовь Твою всем людям раздаю!

       Свет зажёгся посреди кромешной тьмы!

       Мы теперь Твоей любовью спасены!

2.От слов Твоих, от слов Твоих, Господь мой, появилась вера!
И я теперь Тебе хочу душою всей служить без меры…
И пусть огонь к Твоим сердцам, как исцеление приходит! 
И сыновей, и дочерей, в любви Твоей всегда находит!";"{title: Я буду ждать}
{capo: +3}



1. Я буду ждать, я буду ждать ответы на свои вопросы!

Пусть за окном проходят вновь зима и лето, снег и грозы.

Ты знаешь всё, Ты знаешь всё, как сердце плакало годами,

Но ты пришёл, меня нашёл, наполнив душу небесами…


Пр. Я теперь Тебе хвалу свою пою! 

       И любовь Твою всем людям раздаю!

       Свет зажёгся посреди кромешной тьмы!

       Мы теперь Твоей любовью спасены!

2.От слов Твоих, от слов Твоих, Господь мой, появилась вера!
И я теперь Тебе хочу душою всей служить без меры…
И пусть огонь к Твоим сердцам, как исцеление приходит! 
И сыновей, и дочерей, в любви Твоей всегда находит!";;;;
0643;643;От войны не убежать;Огненный ветер;Am;3;;4/4;;;V1 C V2 V3 C;Огненный ветер (аккорды);;;;;"
Я буду, буду, буду жить музыкой прорыва!
Я буду, буду, буду жить музыкой надрыва!
В жажде превосходных истин 
К Тебе, мой Бог, Иисус, стремлюсь!
Я буду, буду, буду жить музыкой прорыва!

Пр. Буду жить! Буду петь! Буду для Тебя гореть!
       Танцевать! Ликовать! Твоё имя прославлять!-2р.   

На – на – на: Dm E Am F Dm E Am - 2

2.Я буду, буду, буду петь огненные песни!
Я буду, буду, буду петь пророческие вести!
В своих руках держу я твёрдо 
Твоей победы алый флаг!
Я буду, буду, буду петь огненные песни!
";"{title: Я буду жить}
{key: Am}
{capo: +3}


Я б[Am]уду, буду, буду жить м[Dm]узык[E]ой пр[Am]орыва![E]
Я [Am]буду, буду, буду жить [C]м[Dm]узык[Em]ой надр[Am]ыва!
В [Dm]жажде превосходных [E]истин 
К Т[Am]ебе, мой Бог, Иисус, стремл[F]юсь!
Я [Dm]буду, буду, буду жить [E]м[Am]узыкой прорыва!

Пр. [Dm]Буду жить! Б[E]уду петь! [Am]Буду для Теб[F]я гореть!
       [Dm]Танцевать! Л[E]иковать! [Am]Твоё имя прославлять!-2р.   

На – на – на: Dm E Am F Dm E Am - 2

2.Я буду, буду, буду петь огненные песни!
Я буду, буду, буду петь пророческие вести!
В своих руках держу я твёрдо 
Твоей победы алый флаг!
Я буду, буду, буду петь огненные песни!
";;;;
0644;644;Словно волна;Огненный ветер;Em;2;;4/4;;;V1 C V2;Огненный ветер (аккорды);;;;;"
1. Я буду жить и верить в чудо, что Бог спасёт моих любимых,
Я буду верить и молиться о встречах мне необходимых…
Дай, Господи, всем покаяния, дай веры и сердец смирения,
Дай, Господи, принять страдания, и с ними обрести спасение!

Пр. Пусть кровь Твоя и плоть, как свежий хлеб живой
       Накормят Твой народ любовью неземной!
       С Голгофского креста пусть реки потекут
       И в них сердца людей пусть силу обретут!

2. Среди ветров, что пахнут смертью,
дай нам взлететь над ними выше,
и не смотря на испытания,
дай становиться к Небу ближе!

Грехи не видеть и не слышать
нам помогает Твоё Слово!
Мы в мире зла хвалой небесной
спасти Твоих людей готовы!
";"{title: Я буду жить и верить в чудо}
{key: Em}
{capo: +2}


1. Я [Em]буду жить и верить в ч[Am]удо, что Б[D]ог спасёт моих люб[G]имых,
Я б[C]уду верить и мол[Am]иться о встр[H7]ечах мне необходимых…
Дай, Г[Em]осподи, всем пока[Am]яния, дай [D]веры и сердец см[G]ирения,
Дай, Г[C]осподи, принять стр[Am]адания, и с [H7]ними обрести сп[Em]асение!

Пр. Пусть кр[E]овь Твоя и пл[Am]оть, как св[D]ежий хлеб жив[G]ой
       Нак[C]ормят Твой нар[Am]од люб[H7]овью неземной!
       С Голг[E]офского крест[Am]а пусть р[D]еки пот[G]екут
       И в н[C]их сердца люд[Am]ей пусть с[H7]илу обрет[Em]ут!

2. Среди ветров, что пахнут смертью,
дай нам взлететь над ними выше,
и не смотря на испытания,
дай становиться к Небу ближе!

Грехи не видеть и не слышать
нам помогает Твоё Слово!
Мы в мире зла хвалой небесной
спасти Твоих людей готовы!
";;;;
0645;645;Это осень;Огненный ветер;Am;1;;4/4;;;V1 V2 V3 V4;Огненный ветер (аккорды);;;;;"
1. Я буду к Небу стремиться, 
Вот только крылья бы мне не опалить!
Я, как та глупая птица,      которой Богом не быть, не быть!

Пр. Птицы белые, розовые…Птицы глупые, но красивые…
       Сбились птицы с пути глупые…

2. Я буду к Богу стремиться, 
Вот только знать бы свой путь наверняка…
Вот только б не заблудиться там, где вокруг одни облака…

3. К любви я буду стремиться,
Здесь на земле без любви мне не прожить!
Лишь в ней хочу раствориться! Любовью буду я дорожить!

Пр. Птицы белые, розовые…Птицы глупые, но красивые…
       Сбились птицы с пути глупые…
       Птицы белые, розовые…Птицы глупые, но красивые…
       Улетайте на юг, глупые…

Я буду к Небу стремиться… 
Я буду к Богу стремиться… 
К любви я буду стремиться…

         Розовых фламинго обнаружили в Сибири на реке Томь. 
Вероятно, они заблудились по пути на зимовку в тропические районы, 
и теперь им грозит гибель… 
         Помочь выжить птицам сейчас способен только человек…";"{title: Я буду к Небу стремиться}
{key: Am}
{capo: +1}


[Am]1. Я буду к Небу стрем[F]иться, [Dm]
Вот только крылья бы мн[E]е не опалить!
[Am]Я, как та глупая птиц[F]а,      [Dm]которой Богом не быть, [E]не быть!

Пр. Птицы [Dm]белы[E]е, [Dm]розовы[E]е…Птицы [Dm]глупы[E]е, но кр[Dm]асив[E]ые…
       Сбились [Dm]птицы с пут[G]и гл[F]упые…[E]

2. Я буду к Богу стремиться, 
Вот только знать бы свой путь наверняка…
Вот только б не заблудиться там, где вокруг одни облака…

3. К любви я буду стремиться,
Здесь на земле без любви мне не прожить!
Лишь в ней хочу раствориться! Любовью буду я дорожить!

Пр. Птицы белые, розовые…Птицы глупые, но красивые…
       Сбились птицы с пути глупые…
       Птицы белые, розовые…Птицы глупые, но красивые…
       Улетайте на юг, глупые…

Я буду к Небу стремиться… 
Я буду к Богу стремиться… 
К любви я буду стремиться…

         Розовых фламинго обнаружили в Сибири на реке Томь. 
Вероятно, они заблудились по пути на зимовку в тропические районы, 
и теперь им грозит гибель… 
         Помочь выжить птицам сейчас способен только человек…";;;;
0646;646;Побеждая тьму;Огненный ветер;Am;3;;4/4;;;V1 C V2 V3;Огненный ветер (аккорды);;;;;"
1.Я был голодным без Тебя!
Я был бездомным без Тебя!
И одиноким без Тебя, и мёртвым был!
Но сила Твоего огня вернула к вечности меня,
Наполнив истиной меня и воскресив!

Пр. Аллилуйя! Аллилуйя! Аллилуйя! Я – живой! 

       Аллилуйя! – 3р. Я с Тобой!

2.Мы не расстанемся с Тобой!
Друзьями будем мы с Тобой!
И будем в Вечности с Тобой мы вместе жить!
Там будет город золотой!
Там будут Ангелы со мной 
И будут все друзья со мной
Тебе служить! (Тебя любить)!

Пр. Аллилуйя! - 3р. Бог – живой!
       Аллилуйя! – 3р. Мы с Тобой!";"{title: Я был голодным без Тебя}
{key: Am}
{capo: +3}


1.Я был гол[Am]одным без Тебя!
Я был бездомным без Т[Dm]ебя!
И один[E]оким без Тебя, и мёртвым [Am]был![E]
Но сила Тв[Am]оего огня вернула к вечности м[Dm]еня,
Наполнив [E]истиной меня и воскр[Am]есив!

Пр. Аллил[A7]уй[Dm]я! Аллил[G]уй[C]я! Аллил[F]уй[E]я! Я – жив[Am]ой! 

       Аллилуйя! – 3р. Я с Тобой!

2.Мы не расстанемся с Тобой!
Друзьями будем мы с Тобой!
И будем в Вечности с Тобой мы вместе жить!
Там будет город золотой!
Там будут Ангелы со мной 
И будут все друзья со мной
Тебе служить! (Тебя любить)!

Пр. Аллилуйя! - 3р. Бог – живой!
       Аллилуйя! – 3р. Мы с Тобой!";;;;
0647;647;Видел я Господа (Ис.6);Огненный ветер;Am;5;;4/4;;;V1 C V2 V3;Огненный ветер (аккорды);;;;;"
1. Я веду вас на вершины гор, 
Где исполняются обетования!
В руки вам даю я скипетр Мой, 
Чтоб потрясти им плоти основания!
В сердце вам вложу единый дух, 
Обновлю все помышления!
Страх уйдёт и разорвётся цепь 
Царским словом исцеления!

Пр. Царь грядёт!  Он       войдёт,
       Чтоб спасти    Cвой     народ!
       Славь Его,     вся     земля!
       Пойте песнь, Не - беса!

2. Разожгу пред вами Свой огонь, 
Чтобы вошли в него все дети верные!
Наделю вас силою Своей! 
Святого Духа вам пошлю не мерою!
Среди гор открою новый путь,
Чтоб по нему идти на восхождение!
С песней новой на устах своих 
Совершите поклонение!";"{title: Я веду вас}
{key: Am}
{capo: +5}


[Am]1. Я веду вас на верш[G]ины гор, 
Где исп[Dm]олняю[Em]тся обетов[Am]ания!
В [Am]руки вам даю я ск[G]ипетр Мой, 
Чтоб потряст[Dm]и им [Em]плоти осн[Am]ования![G]
В [C]сердце вам вложу ед[F]иный дух, 
[G]Обновлю все помышл[C]ения!
Стр[Am]ах уйдёт и разорв[D]ётся цепь 
Ц[E]арским словом исцел[Am]ения!

Пр. [Am]Царь гряд[G]ёт!  [DmEm]Он       войд[Am]ёт,
       [Am]Чтоб спаст[G]и    [DmEm]Cвой     н[Am]арод!
       Сл[F]авь [Dm]Его,     [GEm]вся     з[Am]емля!
       П[F]ойте [Dm]песнь, [G]Не [Em]- б[Am]еса!

2. Разожгу пред вами Свой огонь, 
Чтобы вошли в него все дети верные!
Наделю вас силою Своей! 
Святого Духа вам пошлю не мерою!
Среди гор открою новый путь,
Чтоб по нему идти на восхождение!
С песней новой на устах своих 
Совершите поклонение!";;;;
0648;648;Кто встречал рассвет;Огненный ветер;Am;3;;4/4;;;V1 C V2 V3;Огненный ветер (аккорды);;;;;"
1. Я вернусь, чтоб поднять в Небеса Твою любовь!
Я вернусь, чтобы ты принял жизнь, принял кровь!
Я вернусь, когда мир изберёт смертный путь,
И в грехе,  и в огне, может вмиг утонуть!

Пр. Но ты воскреснешь, как и Я воскрес!
       И вознесёшься до Моих небес!
       Я обещал: тебя не позабыть!
       Ты воззови ко Мне и будешь жить!

Проигрыш: Am G Em F

2. Я вернусь, чтоб сказать – как люблю Я тебя!
Я вернусь, чтоб спасти твою жизнь из огня!
Я вернусь за тобой, жизнью смерть победив!
Небеса ждут тебя, в вечность дверь отворив!";"{title: Я вернусь}
{key: Am}
{capo: +3}


[Am]1. Я в[G]ернусь, [Em]чтоб п[F]однять [Am]в Неб[G]еса [F]Твою любовь!
[Am]Я верн[G]усь, чт[Em]обы т[F]ы пр[Am]инял ж[G]изнь, пр[F]инял кровь!
[Am]Я верн[G]усь, [Em]когда м[F]ир [Am]избер[G]ёт см[F]ертный путь,
[Am]И в грех[G]е,  [Em]и в огн[F]е, [Am]может [G]вмиг [F]утонуть!

Пр. Но [Am]ты воскреснешь, [G]как и [Em]Я воскр[F]ес!
       И в[Am]ознесёшься д[G]о Мо[Em]их неб[F]ес!
       Я [Am]обещал: теб[G]я не п[Em]озаб[F]ыть!
       Ты в[Am]оззови ко Мн[G]е и б[Em]удешь ж[F]ить!

Проигрыш: Am G Em F

2. Я вернусь, чтоб сказать – как люблю Я тебя!
Я вернусь, чтоб спасти твою жизнь из огня!
Я вернусь за тобой, жизнью смерть победив!
Небеса ждут тебя, в вечность дверь отворив!";;;;
0649;649;Перекрёстки дорог;Огненный ветер;Am;3;;4/4;;;V1 C V2 B;Огненный ветер (аккорды);;;;;"
1. Я в обман и ложь не верю, как не верю в дым!
Буду я стучаться в двери из последних сил!
Знаю, Ты откроешь правду и любви секрет,
И потоки благодати изольёшь, как свет!

Пр. Вера! Вера! Ко мне придёт! 
       Сердце! Сердце вдруг запоёт!

       Значит, будет любви рассвет! 
       Веры в чудо прекрасней нет!

2. Если сердце вдруг обманет обольщеньем враг,
Соберу крупицы истин и сожму в кулак!
Выйду смело, как на битву, как в последний бой!
До крови в бою сражаться буду сам с собой!

3. Даже, если будут люди говорить мне вслед:
«Он безумец! Он фанатик!», я отвечу: «Нет!»
Тот, кто любит - самый мудрый в мире человек!
Потому что остальное – чепуха и бред!";"{title: Я в обман и ложь не верю}
{key: Am}
{capo: +3}


1. [Am]Я в обман и ложь не верю, [G]как не верю в д[Am]ым!
Б[F]уду я стучаться в двери [G]из последних [Am]сил!
Зн[C]аю, Ты откр[G]оешь правду и любви секр[C]ет,
[Am]И потоки благодати [G]изольёшь, как [Am]свет!

Пр. В[Dm]ера! Вера! Ко [Am]мне придёт! 
       С[E]ердце! Сердце вдруг з[Am]апоёт!

       Значит, будет любви рассвет! 
       Веры в чудо прекрасней нет!

2. Если сердце вдруг обманет обольщеньем враг,
Соберу крупицы истин и сожму в кулак!
Выйду смело, как на битву, как в последний бой!
До крови в бою сражаться буду сам с собой!

3. Даже, если будут люди говорить мне вслед:
«Он безумец! Он фанатик!», я отвечу: «Нет!»
Тот, кто любит - самый мудрый в мире человек!
Потому что остальное – чепуха и бред!";;;;
0650;650;В небесах Твоих я купаюсь;Огненный ветер;Am;3;;4/4;;;V1 C V2 V3;Огненный ветер (аккорды);;;;;"
1. Я всё могу в укрепляющем меня Иисусе Христе!
Я всё могу! Быть довольным тем, что есть в богатстве и нужде!
Я всё могу! Он превращает бури в штиль и шторм в покой!
Я всё могу, когда мой Бог всегда, всегда со мной!

Пр. Чему мы научились? Что приняли и слышали?
       Чему мы научились? Что очи наши видели?
       Мы будем исполнять Его святую волю!
       Бог мира, с нами будь! Тебя мы ждём и молим!

2. Я говорю: Радуйтесь всегда вы в Господе Христе!
Я говорю: не заботьтесь ни о чём! Пребудьте в чистоте!
Я говорю: откройте перед Ним желания свои!
И Божий мир да соблюдёт сердца в покое с Ним!
";"{title: Я всё могу! (Фил. 4)}
{key: Am}
{capo: +3}


1. Я [Am]всё могу в [Dm]укрепляющ[E]ем меня И[Am]исусе Христе!
Я [Am]всё могу! [Dm]Быть довольным т[E]ем, что есть в [Am]богатстве и нужд[F#]е!
Я [Hm]всё могу! Он [Em]превращает [F#]бури в штиль и шторм в пок[Hm]ой![G]
Я [Em]всё могу, когд[F#]а мой Бог всегда, всегда с[Hm]о мной![E]

Пр. Чем[F]у мы науч[G]ились? Что пр[C]иняли и [Am]слышали?
       Чем[F]у мы науч[G]ились? Что [Em]очи наши [Am]видели?
       Мы б[F]удем исполнять Ег[G]о святую волю!
       Бог [Dm]мира, с нами будь! Теб[Em]я мы ждём и молим!

2. Я говорю: Радуйтесь всегда вы в Господе Христе!
Я говорю: не заботьтесь ни о чём! Пребудьте в чистоте!
Я говорю: откройте перед Ним желания свои!
И Божий мир да соблюдёт сердца в покое с Ним!
";;;;
0651;651;Я люблю Тебя как Слово;Огненный ветер;Am;3;;4/4;;;V1 C V2;Огненный ветер (аккорды);;;;;"1. Я люблю Тебя как Слово,
Я люблю Тебя, как воду!
Я люблю Тебя как огонь!
Навсегда Ты мой Любимый, Бог мой непоколебимый!
Быть хочу всегда с Тобой!

Пр. Восхваляю, восхваляю, имя Бога прославляю!
       Имя Господа - Иисус!
       За морями, за лесами я другой земли не знаю,
       К Царству Божьему стремлюсь!

2. Я хочу любить и верить, и как семя Слово сеять!
 Я хочу Тебе - служить!
Ты от века неизменный! Сущий Бог, в Завете верный!
Жизнь хочу Твою прожить!";"
[Am]1. Я люблю Тебя как Слово,
[F]Я люблю Тебя, как воду!
[Dm]Я люблю Тебя как огонь![E]
Навсегда Ты мой Любимый, Бог мой непоколебимый!
Быть хочу всегда с Тобой!

[Am]Пр. Восхваляю, восхваляю, имя Бо[C]га прославляю!
[Dm]       Имя Господа - Иисус![E]
       За морями, за лесами я другой земли не знаю,
       К Царству Божьему стремлюсь!

2. Я хочу любить и верить, и как семя Слово сеять!
 Я хочу Тебе - служить!
Ты от века неизменный! Сущий Бог, в Завете верный!
Жизнь хочу Твою прожить!

";;;;
0652;652;Имя Бога во мне двигает горы;Огненный ветер;Am;3;;4/4;;;V1 C V2 V3;Огненный ветер (аккорды);;;;;"
1. Я в тишине своей души молитву вознесу!
Прими её, как сердца дар величью Твоему!
Во славе Ты, мой Бог и Царь, мне говоришь: Люблю!
И я, молясь, внутри души Твои слова храню!

Пр. Опустится на землю скоро ночь, и звёзды засияют в зеркалах!
       И вижу я любовь, везде Твою любовь,
       Она меня ведёт на небеса!

2.Вот солнца луч под птичий крик молитву осветил
И полились мои слова, и стало больше сил!
Но день пройдёт, и стрелок ход пройдёт сквозь жизнь мою,
Но я хочу сказать Тебе: «за всё благодарю!»

";"{title: Я в тишине своей души}
{key: Am}
{capo: +3}


1. Я в т[Am]ишине своей души мол[Dm]итву вознес[Am]у!
Прим[F]и её, как с[Dm]ердца дар вел[F]ичью Твоем[E]у!
Во сл[Am]аве Ты, мой Бог и Царь, мне г[Dm]оворишь: Любл[Am]ю!
И [F]я, молясь, внутр[Dm]и души Тво[F]и слова хран[E]ю!

Пр. Оп[Am]устится на [Dm]землю скоро [E]ночь, и зв[Am]ёзды заси[Dm]яют в з[G]еркал[C]ах!
       И в[Dm]ижу я люб[E]овь, везд[Am]е Твою люб[F]овь,
       Он[Dm]а меня вед[E]ёт на небес[AmA7]а!

2.Вот солнца луч под птичий крик молитву осветил
И полились мои слова, и стало больше сил!
Но день пройдёт, и стрелок ход пройдёт сквозь жизнь мою,
Но я хочу сказать Тебе: «за всё благодарю!»

";;;;
0653;653;Как зелёная маслина (Пс. 51);Огненный ветер;Am;3;;4/4;;;V1 C V2;Огненный ветер (аккорды);;;;;"
1.Я держу тебя за правую руку,
Чтобы покорить тебе народы,
Чтобы отворить тебе все двери, 
И ворота чтобы сокрушить!

Пр. Я пойду перед тобою, горы все Я уровняю,
Сокрушу из меди двери, и запоры все сломаю!
Я – Господь, и нет иного! Знай, что Бога нет другого!
И твоё Я имя знаю, хотя ты не знал Меня! -2р.

2.Я отдам тебе хранимые Мною,
И сокрытые во тьме богатства,
Чтобы ты познал Меня как Бога, 
Что по имени тебя назвал!";"{title: Я держу тебя за правую руку (Ис.45:1-5)}
{key: Am}
{capo: +3}


1.Я держ[Am]у тебя за правую [Dm]руку,
Чтобы п[E]окорить тебе нар[Am]оды,
Чтобы [F]отворить тебе все дв[Dm]ери, 
И в[E]орота чтобы сокруш[Am]ить!

Пр. Я пойд[A7]у перед тоб[Dm]ою, горы вс[G]е Я уровн[C]яю,
Сокруш[F]у из меди дв[Dm]ери, и зап[E]оры все сл[Am]омаю!
Я – Госп[A7]одь, и нет ин[Dm]ого! Знай, что Б[G]ога нет друг[C]ого!
И тво[F]ё Я имя [Dm]знаю, хотя [E]ты не знал М[Am]еня! -2р.

2.Я отдам тебе хранимые Мною,
И сокрытые во тьме богатства,
Чтобы ты познал Меня как Бога, 
Что по имени тебя назвал!";;;;
0654;654;Сердце будет от Тебя;Огненный ветер;Am;3;;4/4;;;V1 C V2 B;Огненный ветер (аккорды);;;;;"
1. Я долго размышлял о смысле бытия,
Но я не знал, что я искал Тебя!
Мой Бог, ты ждал и знал, что я блуждал во тьме
И Ты простёр путь неземной ко мне!

Пр. Событий и чудес – идёт речной поток,
       В нём жизни начинается исток… 
       Из славы и любви сотворены они, 
Наполнены Тобою дни!

2. Всё стало новым вдруг, очистились мечты,
Увидел я, что есть любви мосты!
Ты изменил меня!  Я стал служить Тебе!
Теперь Твой Дух Святой живёт во мне…

Бридж: От славы изменяюсь в славу я Твою!
             Я утром просыпаюсь и Тебе пою!
             Молитва наполняет дух мой вновь и вновь,
             Теперь в душе и в сердце царствует любовь!
";"{title: Я долго размышлял}
{key: Am}
{capo: +3}


1. Я д[Am]олго размышлял о см[G]ысле бытия,
Но [F]я не знал, чт[G]о я искал [Am]Тебя![E]
Мой Б[Am]ог, ты ждал и знал, что [G]я блуждал во тьме
И Т[F]ы простёр путь н[G]еземной ко мн[Am]е!

Пр. Соб[Dm]ытий и чудес – ид[Am]ёт речной поток,
       В нём ж[E]изни начинаетс[Am]я исток… 
       Из сл[Dm]авы и любв[G]и сотв[C]орены он[F]и, 
Наполн[Dm]ены Тобою [E]дни![Am]

2. Всё стало новым вдруг, очистились мечты,
Увидел я, что есть любви мосты!
Ты изменил меня!  Я стал служить Тебе!
Теперь Твой Дух Святой живёт во мне…

Бридж: От сл[Am]авы изменяюсь в [G]славу я Твою!
             Я [F]утром просыпаюсь [G]и Тебе по[Am]ю!
             Молитва наполняет дух мой вновь и вновь,
             Теперь в душе и в сердце царствует любовь!
";;;;
0655;655;Не надо слёз;Огненный ветер;Am;2;;4/4;;;V1 C V2;Огненный ветер (аккорды);;;;;"
1. Я забыл, что значит жить одиноко, без любви,
Наконец-то я нашёл жизни путь!
У свободы нет преград, чтобы верить и любить,
Все ошибки зачеркнуть…

Пр. Восхвалять хочу Тебя! Наполняй меня!
       Пред Тобою танцевать! Наполняй меня!
       Радость всем хочу дарить! Наполняй меня!
       Дух Святой, дорогой, наполняй!

2. Красота в душе поёт, когда больше нет греха,
Есть прощения Твоего благодать!
Наливаешь Ты вино в мои новые меха,
Чтобы радость получать…
";"{title: Я забыл, что значит}
{key: Am}
{capo: +2}


1. Я заб[Am]ыл, что значит ж[G]ить один[F]око, без любв[G]и,
Наконец-то я нашёл жизни путь!
У свободы нет преград, чтобы верить и любить,
Все ошибки зачеркнуть…

Пр. Восхвал[F]ять хочу Теб[G]я! Наполн[G]яй мен[Am]я!
       Пред Тоб[F]ою танцев[G]ать! Наполн[Am]яй меня!
       Радость вс[F]ем хочу дар[G]ить! Наполн[G]яй мен[Am]я!
       Дух Свят[F]ой, дорогой, наполн[G]яй!

2. Красота в душе поёт, когда больше нет греха,
Есть прощения Твоего благодать!
Наливаешь Ты вино в мои новые меха,
Чтобы радость получать…
";;;;
0656;656;Я поклонюсь Тебе (Пс. 5);Огненный ветер;Am;1;;4/4;;;V1 C V2;Огненный ветер (аккорды);;;;;"1. Я поклонюсь Тебе в храме святом!
Я поклонюсь тебе в страхе Твоём!
По множеству Твоей милости
Могу хвалу Тебе я принести…

Пр. Я восхвалю Тебя всей душой!
       Я восхвалю Тебя, Иисус Господь!
       Я восхвалю Тебя, Спаситель мой!
       Я восхвалю Тебя, мой Господь!

2. Благословляешь Ты праведных!
Благоволением венчаешь их!
Путеводи меня, блажен путь Твой!
И уровняй его Ты предо мной!

Бр: Иисус - Царь! Иисус – Бог!

Он – Пастырь мой и мой Господь!";"
[Am]1. Я поклонюсь Тебе [G]в храме[F] святом![E]
[Am]Я поклонюсь тебе в [G]страхе Тво[F]ём![E]
[Dm]По множеству Твое[G]й мил[Dm]ости[E]
[Dm]Могу хвалу Тебе [G]я принес[F]ти…[E]

[C]Пр. Я восхвалю Тебя[G] всей[Dm] душой![E]
[C]       Я восхвалю Те[G]бя, Иисус[Dm] Господь![E]
[Dm]       Я восхвалю[G] Тебя, Спа[Dm]ситель мо[E]й!
[Dm]       Я восхвал[G]ю Тебя[F], мой Госпо[E]дь!

2. Благословляешь Ты праведных!
Благоволением венчаешь их!
Путеводи меня, блажен путь Твой!
И уровняй его Ты предо мной!

Бр: Иисус - Царь! Иисус – Бог!

Он – Пастырь мой и мой Господь!";;;;
0657;657;Новый встаёт народ!;Огненный ветер;Am;3;;4/4;;;V1 C V2 B;Огненный ветер (аккорды);;;;;"
1.Я за Тобой хочу идти, туда, где ждёт любовь!
Туда, где музыкой огня забьётся сердце вновь!
Я больше не хочу грешить в безжизненной тюрьме!
Я посвящаю жизнь свою навеки лишь Тебе!

Пр. Ты ввёл меня в Свой чудный свет, 
       Мой дорогой Иисус!
       Я перешёл из смерти в жизнь и тьмы я не боюсь!
       Я не боюсь теперь сжигать неверия мосты…
       Хочу любить, хочу служить, хочу быть там, где Ты!

2.Ты поведёшь меня туда, где люди ждут Тебя,
Где будет боль и темнота, где буду в страхе я…
Но свет любви разрушит мрак, и станут ночи днём!
Надежда, вера и любовь зажгут сердца огнём!";"{title: Я за Тобой хочу идти}
{key: Am}
{capo: +3}


1.Я [Am]за Тобой хочу идти, т[Dm]уда, где ждёт люб[E]овь!
Туд[Am]а, где музыкой огня забь[Dm]ётся сердце вн[E]овь!
Я б[Am]ольше не хочу грешить в безж[Dm]изненной тюрьм[E]е!
Я п[Am]освящаю жизнь свою н[Dm]авеки лишь Т[E]ебе!

Пр. Ты [Dm]ввёл меня в Свой [F]чудный свет, 
       Мой [Dm]дорогой Иис[E]ус!
       Я [Dm]перешёл из см[F]ерти в жизнь и [Dm]тьмы я не б[E]оюсь!
       Я [Dm]не боюсь теп[G]ерь сжигать нев[F]ерия мост[E]ы…
       Хоч[Dm]у любить, хоч[F]у служить, х[Dm]очу быть там, где [E]Ты!

2.Ты поведёшь меня туда, где люди ждут Тебя,
Где будет боль и темнота, где буду в страхе я…
Но свет любви разрушит мрак, и станут ночи днём!
Надежда, вера и любовь зажгут сердца огнём!";;;;
0658;658;Расставанья-встречи;Огненный ветер;Am;3;;4/4;;;V1 C V2;Огненный ветер (аккорды);;;;;"

1. Я иду, иду по следам, иду за Тобой!

И теперь неважно совсем - что будет со мной!

Я есть свет, я есть соль, и Слово во мне

Разожгло в сердце огонь служенья Тебе! 


Пр. Я буду молить у Господа жатвы! 

      Я буду просить больше огня!

      Мы - Божьи сыны, Божьи солдаты!

      Проснуться и встать - пришли времена!

2. Мне Твой крест дорогу открыл в Твои небеса!
Силу дал! И мне не страшна ночная гроза…
Узок путь лишь только у тех, кто Бога познал,
Кто любовь, Божью любовь для жизни избрал! ";"{title: Я иду, иду по следам}
{capo: +3}



1. Я иду, иду по следам, иду за Тобой!

И теперь неважно совсем - что будет со мной!

Я есть свет, я есть соль, и Слово во мне

Разожгло в сердце огонь служенья Тебе! 


Пр. Я буду молить у Господа жатвы! 

      Я буду просить больше огня!

      Мы - Божьи сыны, Божьи солдаты!

      Проснуться и встать - пришли времена!

2. Мне Твой крест дорогу открыл в Твои небеса!
Силу дал! И мне не страшна ночная гроза…
Узок путь лишь только у тех, кто Бога познал,
Кто любовь, Божью любовь для жизни избрал! ";;;;
0659;659;Опять к Тебе прихожу;Огненный ветер;Em;3;;4/4;;;V1 C V2 V3;Огненный ветер (аккорды);;;;;"
1.Я люблю тебя, моя родная!
Я люблю! Ну что ещё сказать?
Чтобы жить, невзгод не замечая,
Я хочу тебе себя отдать!

Пр. Ты не бойся, ты не бойся,
       Дорогой мой человек!
       Сам Иисус надел нам кольца
       Не на месяц, а навек!

2. Я люблю тебя, мой самый милый!
Я люблю! Ну что ещё сказать?
И Сам Бог как будто дал мне крылья,
Чтобы я могла с тобой летать!";"{title: Я люблю тебя}
{key: Em}
{capo: +3}


1.Я любл[Em]ю тебя, моя родн[Am]ая!
Я любл[H7]ю! Ну что ещё сказ[Em]ать?[H7]
Чтобы ж[Em]ить, невзгод не замеч[Am]ая,
Я хоч[C]у тебе себя отд[H7]ать!

Пр. Ты не б[Em]ойся, ты не б[Am]ойся,
       Дорог[D]ой мой челов[Dm]ек![E]
       Сам Иис[Am]ус надел нам [Em]кольца
       Не на м[C]есяц, а нав[H7Em]ек!

2. Я люблю тебя, мой самый милый!
Я люблю! Ну что ещё сказать?
И Сам Бог как будто дал мне крылья,
Чтобы я могла с тобой летать!";;;;
0660;660;Ты – Господь мой;Огненный ветер;Am;3;;4/4;;;V1 C V2;Огненный ветер (аккорды);;;;;"1. Я люблю Тебя, Слово Истины
Без Него во тьме люди падают.
Светом озарил светом жизненным
Бог всех тех, кто с Ним в мире царствуют.

Припев: Словно ласточка во дворах твоих
Вьёт гнездо себе в алтарях златых.
Ты - мой Царь и Бог, Ты - Господь всех сил
Пусть моя хвала в небо улетит.

2. Я долиной слёз буду проходить.
В ней источники буду находить,
Чтоб её покрыл Бог своим дождём
Чтоб от силы сил растворяться в нём.

3. Как блаженны те, кто в хвале живёт
Сила их в тебе сердце их поёт
Так душа моя истомилась вся
Восторгается к Богу плоть моя.";"
[Am]1. Я люб[G]лю Тебя, Слово[C] Истины[Am]
[Am]Без Него в[G]о тьме люди п[C]адают[Am].
[Dm]Свет[G]ом озарил светом [C]жизненным[Am]
[Dm]Бог всех тех, [G]кто с Ним в мире ца[C]рствуют.[Am]

[Am]Припев: [F]Словно ласточк[G]а во двора[Am]х твоих
Вьёт гнездо себе в алтарях златых.
[Dm]Ты - мой[G] Царь и Бог, Ты - Гос[C]подь всех сил[Am]
Пусть моя хвала в небо улетит.

2. Я долиной слёз буду проходить.
В ней источники буду находить,
Чтоб её покрыл Бог своим дождём
Чтоб от силы сил растворяться в нём.

3. Как блаженны те, кто в хвале живёт
Сила их в тебе сердце их поёт
Так душа моя истомилась вся
Восторгается к Богу плоть моя.
";;;;
0661;661;Небо рассечено;Огненный ветер;Am;3;;4/4;;;V1 C V2 B;Огненный ветер (аккорды);;;;;"
1. Я люблю Тебя как Слово, 
Я люблю Тебя, как воду!
Я люблю Тебя как огонь!
Навсегда Ты мой Любимый, Бог мой непоколебимый!
Быть хочу всегда с Тобой!

Пр. Восхваляю, восхваляю, имя Бога прославляю!
       Имя Господа - Иисус!
       За морями, за лесами я другой земли не знаю,
       К Царству Божьему стремлюсь!

2. Я хочу любить и верить, и как семя Слово сеять!
 Я хочу Тебе - служить!
Ты от века неизменный! Сущий Бог, в Завете верный!
Жизнь хочу Твою прожить!

";"{title: Я люблю Тебя как Слово}
{key: Am}
{capo: +3}


[Am]1. Я люблю Тебя как Слово, 
[F]Я люблю Тебя, как воду!
[Dm]Я люблю Тебя как ог[E]онь!
Навсегда Ты мой Любимый, Бог мой непоколебимый!
Быть хочу всегда с Тобой!

Пр. В[Am]осхваляю, восхваляю, [C]имя Бога прославляю!
       [Dm]Имя Господа - Иис[E]ус!
       За морями, за лесами я другой земли не знаю,
       К Царству Божьему стремлюсь!

2. Я хочу любить и верить, и как семя Слово сеять!
 Я хочу Тебе - служить!
Ты от века неизменный! Сущий Бог, в Завете верный!
Жизнь хочу Твою прожить!

";;;;
0662;662;Будем вместе мы с тобой;Огненный ветер;Am;3;;4/4;;;V1 C V2;Огненный ветер (аккорды);;;;;"
1.Я люблю Тебя, Господь, сердцем всем и всей душой,
И всем разумом моим, и всей силой…
Воздавать Тебе хочу я у трона Твоего честь, 
И песнь хвалебную, и всю славу!

Пр. Дари-дари-дари-дай! - 3р. Дари-дари!

2. Быть с Тобой хочу всегда на земле и в Небесах!
Среди братьев и сестёр в Доме Божьем!
Среди Ангелов Твоих посреди большой любви,
Чтобы вместе танцевать, чтобы славить!

3.В Духе мы сейчас Твоём и танцуем, и поём
Песню радости Твоей, и ликуем!
Рукоплещет вся земля вместе с нами пред Тобой
Восклицая сердцем всем: «Аллилуйя!»

Пр. Аллилуйя-аллилу-3р. Аллилуйя!

4.Там где Дух Господень Твой, - там и мир, 
И Твой покой, и надежда, и любовь, и свобода!
С нами Ангелы Твои в хороводе сей любвиВеселятся от души, славя Бога!";"{title: Я люблю Тебя, Господь}
{key: Am}
{capo: +3}


1.Я лю[Am]блю Тебя, Г[G]осподь, сердцем [F]всем и всей [E]душой,
И всем [Am]разумом мо[G]им, и всей [Am]силой…
Воздав[Am]ать Тебе х[G]очу я у [F]трона Тв[E]оего честь, 
И [Am]песнь хвалебну[G]ю, и всю [Am]славу!

Пр. Дари-д[AmF]ари-дари-д[GE]ай! - 3р. Дар[Am]и-дари!

2. Быть с Тобой хочу всегда на земле и в Небесах!
Среди братьев и сестёр в Доме Божьем!
Среди Ангелов Твоих посреди большой любви,
Чтобы вместе танцевать, чтобы славить!

3.В Духе мы сейчас Твоём и танцуем, и поём
Песню радости Твоей, и ликуем!
Рукоплещет вся земля вместе с нами пред Тобой
Восклицая сердцем всем: «Аллилуйя!»

Пр. Аллилуйя-аллилу-3р. Аллилуйя!

4.Там где Дух Господень Твой, - там и мир, 
И Твой покой, и надежда, и любовь, и свобода!
С нами Ангелы Твои в хороводе сей любвиВеселятся от души, славя Бога!";;;;
0663;663;Закрываю я двери;Огненный ветер;Am;3;;4/4;;;V1 C V2;Огненный ветер (аккорды);;;;;"
1. Я люблю Тебя, Иисус, и храню Твои слова!
Поклоняться я хочу перед троном у Отца!

Пр. У любви - свой куплет, у хвалы – свой припев!
       Вместе мы воспоём, Богу песнь принесём!

2. Во дворы Твои идём, и танцуем, и поём!
Ангелов весёлый хор дополняет наш узор! 

Br. Am Dm Am E

3. Отражаем мы врага, раздеваем донага!
Песня Божия сладка, глубока и широка!

4. Мы в присутствии Твоём хороводы заведём!
Слава Бога и хвала от печали нас спасла…

Br. Am Dm Am E";"{title: Я люблю Тебя, Иисус!}
{key: Am}
{capo: +3}


1. [Am]Я люблю Т[Dm]ебя, Иис[Am]ус, и храню [E]Твои слова!
[Am]Поклонятьс[Dm]я я хочу [Am]перед трон[E]ом у Отца!

Пр. [Am]У любви - [Dm]свой купл[Am]ет, у хвалы [E]– свой припев!
       Вм[Am]есте мы [Dm]воспоём, [Am]Богу песнь [E]принесём!

2. Во дворы Твои идём, и танцуем, и поём!
Ангелов весёлый хор дополняет наш узор! 

Br. Am Dm Am E

3. Отражаем мы врага, раздеваем донага!
Песня Божия сладка, глубока и широка!

4. Мы в присутствии Твоём хороводы заведём!
Слава Бога и хвала от печали нас спасла…

Br. Am Dm Am E";;;;
0664;664;Стала общей мечтой;Огненный ветер;Am;2;;4/4;;;V1 C V2;Огненный ветер (аккорды);;;;;"
1. Я люблю тебя, Я – твой Бог! За тебя умирал на кресте…
Я свободу принёс от грехов! Ты спасенье найдёшь - во Мне!

Пр. Пройдёт беда, придёт весна! И зацветут опять сады…
       Спасёт тебя любовь Христа! Живым с войны вернёшься ты…

2. Цепи страха падут – и придёт радость жизни Моей, как река!
Свет любви победит смерти тьму! Твоя жизнь для меня дорога!

3. Ты молитву ко Мне вознеси, и на Слово Моё обопрись!
Враг не сможет тебя победить, Я тебе подарил Свою жизнь!


";"{title: Я люблю тебя, Я – твой Бог!}
{key: Am}
{capo: +2}


1. Я любл[Am]ю тебя, Я – твой Б[Dm]ог! За теб[E]я умирал на крест[Am]е…
Я своб[F]оду принёс от грех[Dm]ов! Ты спас[E]енье найдёшь - во Мн[Am]е!

Пр. [A7]Пройдёт бед[Dm-G]а, придёт весн[C-F]а! И зацвет[Dm]ут опять сад[E]ы…
       [A7]Спасёт теб[Dm-G]я любовь Христ[C-F]а! Живым с войн[Dm-E]ы вернёшься [Am]ты…

2. Цепи страха падут – и придёт радость жизни Моей, как река!
Свет любви победит смерти тьму! Твоя жизнь для меня дорога!

3. Ты молитву ко Мне вознеси, и на Слово Моё обопрись!
Враг не сможет тебя победить, Я тебе подарил Свою жизнь!


";;;;
0665;665;Пой, Курский соловей;Огненный ветер;Am;3;;4/4;;;V1 C V2 V3;Огненный ветер (аккорды);;;;;"
1.Я нахожу в Тебе покой! Ты – Спаситель и Бог мой! 
Аллилуйя!
Всё, что на Небе и земле, воспоёт хвалу Тебе! Аллилуйя!
Лес, горы, реки и моря будут восхвалять Тебя: Аллилуйя!
Пусть радость льётся как река, заполняет берега!
Аллилуйя!

Пр. Восхваляй! Восхваляй! Как с тимпаном Мариамь!
       Восхваляй! Восхваляй имя Бога Твоего!
       Восхваляй, как Давид! Радость Бог дарит нам!
       Растворись! Поклонись! Вся земля, славь Его!

2. Я нахожу в Тебе покой! Ты – Спаситель и Бог мой!
Славьте Бога!
Всё, что на Небе и земле, воспоёт хвалу Тебе! 
Славьте Бога!
Лес, горы, реки и моря будут восхвалять Тебя: 
Славьте Бога!
Пусть радость льётся как река, заполняет берега! 
Славьте Бога!
";"{title: Я нахожу в Тебе покой!}
{key: Am}
{capo: +3}


1.[Am]Я нахожу в Тебе пок[Dm]ой! Ты – Спас[E]итель и Бог [Am]мой! 
[G]Аллил[Am]уйя!
[Am]Всё, что на Небе и з[Dm]емле, воспо[E]ёт хвалу Т[Am]ебе! [G]Аллил[Am]уйя!
[Dm]Лес, горы, реки и мор[G]я будут восхвалять Теб[C]я: Аллил[F]уйя!
[Am]Пусть радость льётся как р[Dm]ека, заполня[E]ет бер[Am]ега!
[G]Алл[Am]илуйя!

Пр. [Dm]Восхваляй! [Am]Восхваляй! К[E]ак с тимпаном [Am]Мариамь!
       Восхваляй! Восхваляй имя Бога Твоего!
       Восхваляй, как Давид! Радость Бог дарит нам!
       Растворись! Поклонись! Вся земля, славь Его!

2. Я нахожу в Тебе покой! Ты – Спаситель и Бог мой!
Славьте Бога!
Всё, что на Небе и земле, воспоёт хвалу Тебе! 
Славьте Бога!
Лес, горы, реки и моря будут восхвалять Тебя: 
Славьте Бога!
Пусть радость льётся как река, заполняет берега! 
Славьте Бога!
";;;;
0666;666;Весь мир лежит у Бога на ладони;Огненный ветер;Am;3;;4/4;;;V1 C V2 V3;Огненный ветер (аккорды);;;;;"
1.Я не знаю как, я не знаю где, что-то потерялось…
Я не знаю как, я не знаю с кем это мне найти…
Может мне на миг, может на чуть-чуть просто показалось,
Что остался я полностью один на своём пути?

Пр. Слышу снова я, слышу снова я голос любящий и живой:
       «Я люблю тебя! Я люблю тебя! 
       Мой единственный, Мой родно---ой!»

2. Я хочу найти верность в простоте, сердца исцеление!
И отдать себя! И отдать свою душу за любовь!
Поддержи меня Ты Своей рукой! Быть хочу в смирении!
Знаю – укрепишь! Знаю - не предашь! Знаю – не уйдёшь! 

3. Страх уходит прочь, как с рассветом ночь,
Когда слышу Слово!
Слово о кресте, Слово о крови и Твоей любви!
И как будто вновь, выйдя из оков, сердце петь готово
О Тебе, Иисус! О Тебе, Господь, людям всей земли!";"{title: Я не знаю как}
{key: Am}
{capo: +3}


[Am]1.Я не знаю как, я не знаю где, что-то потер[G]ялось…
Я не знаю к[F]ак, я не знаю с кем это мне найт[E]и…
[Am]Может мне на миг, может на чуть-чуть просто показ[G]алось,
Что остался [F]я полностью один на своём пут[E]и?

Пр. Слышу [Am]снова я, слышу сн[G]ова я голос л[F]юбящий и ж[Em]ивой:
       «Я любл[Am]ю тебя! Я любл[G]ю тебя! 
       Мой [F]единственный, Мой [Em]родн[H7]о---[Em]ой!»[E]

2. Я хочу найти верность в простоте, сердца исцеление!
И отдать себя! И отдать свою душу за любовь!
Поддержи меня Ты Своей рукой! Быть хочу в смирении!
Знаю – укрепишь! Знаю - не предашь! Знаю – не уйдёшь! 

3. Страх уходит прочь, как с рассветом ночь,
Когда слышу Слово!
Слово о кресте, Слово о крови и Твоей любви!
И как будто вновь, выйдя из оков, сердце петь готово
О Тебе, Иисус! О Тебе, Господь, людям всей земли!";;;;
0667;667;А ну, давай, отбрось все страхи;Огненный ветер;Am;1;;4/4;;;V1 C V2 B;Огненный ветер (аккорды);;;;;"
1. Я не знаю, что сказать Тебе 
О прожжённой жизнью злой судьбе.
Я не знаю, но Ты знаешь Сам,
Что в долине смерти вечен мрак!

Пр. Эта жизнь,    что тюрьма, правит в ней    сатана!
       На коленях,     как раб, я иду в страшный ад!

2. Ты приходишь каждый день во сне, 
Белый Ангел, и приносишь мне
От Голгофы деревянный крест! 
Хочет видно Бог, чтоб я воскрес!

3. О, Господь Иисус! Ты сильный Бог! 
Как хочу я, чтобы крест помог
Отвернуться от проклятых стен 
И к Тебе прижаться сердцем всем!

Пр. Я начну всё с нуля! Не оставь, Бог, меня!
       Твоя смерть на кресте показала путь во тьме!
";"{title: Я не знаю, что сказать Тебе}
{key: Am}
{capo: +1}


1. Я не [Am]знаю, что сказать Т[Dm]ебе 
О прожж[E]ённой жизнью злой судьб[Am]е.
Я не [Dm]знаю, но Ты зн[F]аешь С[E]ам,
Что в дол[F]ине смерти вечен мр[E]ак!

Пр. Эта [Dm]жизнь,    [F]что тюрьм[E]а, правит в [Dm]ней    [F]сат[E]ана!
       На кол[Dm]енях,     [F]как р[E]аб, я ид[F]у в страшный [E]ад!

2. Ты приходишь каждый день во сне, 
Белый Ангел, и приносишь мне
От Голгофы деревянный крест! 
Хочет видно Бог, чтоб я воскрес!

3. О, Господь Иисус! Ты сильный Бог! 
Как хочу я, чтобы крест помог
Отвернуться от проклятых стен 
И к Тебе прижаться сердцем всем!

Пр. Я начну всё с нуля! Не оставь, Бог, меня!
       Твоя смерть на кресте показала путь во тьме!
";;;;
0668;668;Выпью чай, выпью квас;Огненный ветер;Am;3;;4/4;;;V1 C B V2 V3;Огненный ветер (аккорды);;;;;"
1. Я не могу без Тебя даже дышать!
Я не могу без Тебя в небе летать!
Я не могу без Тебя просто любить!
Я не могу без Тебя в святости жить!

Пр. Мне так нужна Твоя святость!
       Мне так нужна Твоя святость!


2. Люди вокруг говорят лишь о себе…
Я нахожу сердцу покой только в Тебе…
Только в Тебе я нахожу радость свою!
Только Тебе одному песню пою…";"{title: Я не могу без Тебя}
{key: Am}
{capo: +3}


1. Я не м[Am]огу без Т[G]ебя даже д[F]ышать![E]
Я не мог[Am]у без Т[G]ебя в небе л[F]етать![E]
Я не м[Dm]огу без Т[G]ебя просто л[C]юбить![F]
Я не мог[Dm]у без Теб[E]я в святости [Am]жить![E]

Пр. [Am]Мне так нужн[G]а Твоя св[F]ятость!
       [Dm]Мне так н[Em]ужна Твоя [Am]святость![E]


2. Люди вокруг говорят лишь о себе…
Я нахожу сердцу покой только в Тебе…
Только в Тебе я нахожу радость свою!
Только Тебе одному песню пою…";;;;
0669;669;Время пришло;Огненный ветер;Am;5;;4/4;;;V1 C V2 C;Огненный ветер (аккорды);;;;;"
1.Я не могу без Тебя прожить и дня!
Я не могу без Тебя летать, как птица!
Свет зажигает во мне любовь Твоя, 
В ней непроглядная тьма растворится!

Пр. Я лишь с Тобою в небо взлетаю!
       С каждым рассветом я оживаю!
       Нежной любовью Ты обнимаешь,
      Ласковым ветром дух наполняешь!

2.Ты для меня, как река воды живой, -
В жажде своей прихожу я к ней напиться,
И не желаю себе судьбы иной!
С сердцем Твоим я хочу соединиться!";"{title: Я не могу без Тебя прожить и дня}
{key: Am}
{capo: +5}


[Am]1.Я не могу без Тебя [Dm]прожить и дня!
[G]Я не могу без Тебя лет[C]ать, как [E]птица!
Св[Am]ет зажигает во мне люб[Dm]овь Твоя, 
В [G]ней непроглядная тьма [C]раств[E]орится!

Пр. [Am]Я лишь с Тоб[Dm]ою в [G]небо взл[C]етаю!
       С [F]каждым рас[Dm]светом [E]я ож[Am]иваю!
       [Am]Нежной люб[Dm]овью [G]Ты обним[C]аешь,
      Л[F]асковым [Dm]ветром [E]дух нап[Am]олняешь![E]

2.Ты для меня, как река воды живой, -
В жажде своей прихожу я к ней напиться,
И не желаю себе судьбы иной!
С сердцем Твоим я хочу соединиться!";;;;
0670;670;Так бывает, что день ото дня (4Цар.20:5);Огненный ветер;Am;3;;4/4;;;V1 V2 V3 V4 V5;Огненный ветер (аккорды);;;;;"
1. Я не могу Небо познать, 
Смысл своей жизни понять.
Я без Тебя живу, как во тьме, 
Зная, что свет нужен мне!

Пр. О, Иисус! Ты есть свет! 
       Свет моей жизни, Иисус!

 2. Только в Тебе радость моя! Жизни моей глубина!
Только в Тебе святость моя, праведность и чистота!

3. В слове Твоём вся полнота! Истин Твоих высота!
Ты подарил мне новую кровь, 
Сердцу живую любовь!
";"{title: Я не могу Небо познать}
{key: Am}
{capo: +3}


1. [Am]Я не могу [G]Небо познать, 
См[F]ысл своей [G]жизни п[Am]онять.
Я без Тебя живу, как во тьме, 
Зная, что свет нужен мне!

Пр. [Am]О, Иисус! [G]Ты есть свет! 
       Св[F]ет моей ж[G]изни, И[Am]исус!

 2. Только в Тебе радость моя! Жизни моей глубина!
Только в Тебе святость моя, праведность и чистота!

3. В слове Твоём вся полнота! Истин Твоих высота!
Ты подарил мне новую кровь, 
Сердцу живую любовь!
";;;;
0671;671;Кто так улыбается;Огненный ветер;Em;2;;4/4;;;V1 C V2 C;Огненный ветер (аккорды);;;;;"
1. Я не умру, но буду жить, чтоб возвещать дела Господни!
Я буду петь хвалу Тебе, мой Бог вовек превознесённый!
Из тесноты воззвал к Нему! Услышал Он мою молитву!
Не устрашусь я тьмы врагов! Со мной идёт Господь на битву!

Пр. Слава Ему! Ибо Он благ! Ибо вовек милость Его!

2. Что сделает мне человек, когда Господь везде поддержит?
Он – моя сила, моя песнь, моё спасенье и надежда!
Соделался главой угла,  напрасно камень был отвергнут!
Десница Бога высока! Его рукою враг низвергнут!

3. Сей день Господь наш сотворил! Возвеселимся в доме Божьем!
И в радости благословим! Благословен Грядущий вскоре!
Ты – Бог мой! Славить буду я, превозносить Господне имя!
Ты возлюбил и спас меня! Твоя любовь непобедима!";"{title: Я не умру, но буду жить! (Пс.117)}
{key: Em}
{capo: +2}


1. Я [Em]не умру, но буду ж[Am]ить, чтоб в[C]озвещать дел[H7]а Госп[Em]одни!
Я [Em]буду петь хвалу Т[Am]ебе, мой Б[C]ог вовек прев[H7]ознес[Em]ённый!
Из [Em]тесноты воззвал к Н[Am]ему! Усл[C]ышал Он мо[H7]ю мол[Em]итву!
Не [Em]устрашусь я тьмы вр[Am]агов! Со мн[C]ой идёт Госп[H7]одь на [Em]битву!

Пр. [Em]Слава Ему! Ибо Он [Am]благ! [C]Ибо вовек м[H7]илость [Em]Его!

2. Что сделает мне человек, когда Господь везде поддержит?
Он – моя сила, моя песнь, моё спасенье и надежда!
Соделался главой угла,  напрасно камень был отвергнут!
Десница Бога высока! Его рукою враг низвергнут!

3. Сей день Господь наш сотворил! Возвеселимся в доме Божьем!
И в радости благословим! Благословен Грядущий вскоре!
Ты – Бог мой! Славить буду я, превозносить Господне имя!
Ты возлюбил и спас меня! Твоя любовь непобедима!";;;;
0672;672;Был тяжёл путь;Огненный ветер;Am;3;;4/4;;;V1 C V2;Огненный ветер (аккорды);;;;;"
1. Я не хочу объяснять, я не хочу обвинять,
Я не хочу говорить ни о чём ...
Кусочек неба внутри мне не даёт умирать 
Мне не даёт уходить от любви!  

Пр. Кусочек неба! Кусочек неба! 
       Теперь лишь в нём нахожу я любовь!
       Кусочек неба! Кусочек неба!
       Мне подарил мой Господь через кровь!
       (Мне подарил навсегда мой Господь!)

2. Я не забуду Тебя! Я не оставлю Тебя!
Мне без Тебя на земле - прахом быть!
Кусочек неба внутри, как драгоценный билет,
Как самый лучший билет, чтобы жить! 

Это - слава, слава небес! Это – слава, слава небес!";"{title: Я не хочу объяснять}
{key: Am}
{capo: +3}


1. Я не хоч[Am]у объяснять, я не хоч[G]у обвинять,
Я не хоч[F]у говорить ни о ч[E]ём ...
Кусочек н[Am]еба внутри мне не д[G]аёт умирать 
Мне не да[F]ёт уходить от любв[E]и!  

Пр. Кусочек н[Am]еба! Кусочек н[G]еба! 
       Теперь лишь в н[F]ём нахожу я люб[E]овь!
       Кусочек н[Am]еба! Кусочек н[G]еба!
       Мне подар[F]ил мой Господь через кр[E]овь!
       (Мне подарил навсегда мой Господь!)

2. Я не забуду Тебя! Я не оставлю Тебя!
Мне без Тебя на земле - прахом быть!
Кусочек неба внутри, как драгоценный билет,
Как самый лучший билет, чтобы жить! 

Это - [Am]слава, слава неб[G]ес! Это – сл[F]ава, слава неб[G]ес!";;;;
0673;673;Истомилась душа одинокая;Огненный ветер;Am;3;;4/4;;;V1 V2 V3;Огненный ветер (аккорды);;;;;"
Свадебные приготовления. Приготовленная Невеста плачет от счастья, что Он грядёт!
1. Я невеста Твоя драгоценная, и себя украшаю я,
И я буду стоять пред Тобою для Тебя вся  украшенная.
Посмотри, у меня есть смирение, приготовленное для Тебя!
И вот здесь посмотри, мудрость есть у меня, 
Потому что готовилась я!

Пр. Руки чистые, руки чистые: ничего на них нет своего!
       Я стою пред Тобой, чтоб войти мне в шатёр!
       Жду я брачного пира с Тобой!

2. А ещё посмотри, как пою я Тебе и танцую, Иисус дорогой! 
Я веками ждала и училась вот так танцевать и Тебя восхвалять!
Посмотри же скорей Ты на руки мои, они полностью исцелены,
Я ходила в страданьях, где только могла, 
Исцелилась же я для Тебя!

3. Посмотри, на главе есть венец золотой, 
Потому что он дан мне Тобой!
Рождена для Тебя, отдана для Тебя! Это - сердца мечта моя!

";"{title: Я невеста твоя драгоценная!}
{key: Am}
{capo: +3}


Свадебные приготовления. Приготовленная Невеста плачет от счастья, что Он грядёт!
1. Я нев[Am]еста Тв[Dm]оя драгоц[E]енн[Am]ая, и себ[F]я украш[G]аю [Am]я,
И я [Am]буду сто[Dm]ять пред Тоб[EAm]ою для Тебя [F]вся  укр[G]ашенна[Am]я.
Посмотр[Am]и, у мен[Dm]я есть смир[E]ени[Am]е, пригот[F]овленн[G]ое для Т[Am]ебя!
И вот [Am]здесь посмотр[Dm]и, мудрость [E]есть у мен[Am]я, 
Потом[F]у что гот[G]овилась [Am]я!

Пр. Руки [Am]чистые, руки ч[G]истые: ничег[F]о на них нет своег[G]о!
       Я сто[Am]ю пред Тобой, чтоб войт[G]и мне в шатёр!
       Жду я бр[F]ачного п[G]ира с Тоб[Am]ой!

2. А ещё посмотри, как пою я Тебе и танцую, Иисус дорогой! 
Я веками ждала и училась вот так танцевать и Тебя восхвалять!
Посмотри же скорей Ты на руки мои, они полностью исцелены,
Я ходила в страданьях, где только могла, 
Исцелилась же я для Тебя!

3. Посмотри, на главе есть венец золотой, 
Потому что он дан мне Тобой!
Рождена для Тебя, отдана для Тебя! Это - сердца мечта моя!

";;;;
0674;674;Я проснусь туманным утром;Огненный ветер;Em;5;;4/4;;;V1 C V2 V3 C;Огненный ветер (аккорды);;;;;"1. Я проснусь туманным утром ждать в молитве Твоей манны!
Слёзы катятся ручьями от любви!
Ты сказал почти неслышно, что рассеются туманы,
И твой свет зарёю сердце оживит…
Пр. Станет светло, как днём, в сердце живом моём!
       Ты - Господь мой, мне нужны слова Твои!
       Мне без Тебя не жить! Буду Тебе служить!
       Ты меня живой водою напоил…

2. За горами за долами счастье где-то заплутало,
Ты помог его в надежде мне найти!
Ночь ушла, как не бывало, так легко дышать мне стало!
За Тобою лишь теперь хочу идти!

3. Позабуду все печали, впереди меня ждёт вечность,
Рядом будут все родные и друзья!
Наполняет душу нежность, поселилась в сердце верность!
Стала новой и чудесной жизнь моя!

 Пр. Станет светло, как днём, в сердце живом моём!
       Ты - Господь мой, мне нужны слова Твои!
       Мне без Тебя не жить! Буду Тебе служить!
       Ты меня живой водою напоил
       И Своей любовью сердце оживил… (кода)

Белый, белый, белый дым, белый дым
Нам под утро Сам Господь постелил,
Чтобы нам молиться как на коврах,
Чтобы слёзы проливать в жемчугах…";"
[Em]1. Я проснусь туманным утром ждать в молитве Твоей ма[D]нны!
[C]Слёзы катятся ручьями от любви![H7(-Em)]
[Em]Ты сказал почти неслышно, что рассеются туман[D]ы,
[C]И твой свет зарёю[H7] сердце оживит…[Em]
[Em]Пр. Станет светло, как днём, в сердце жи[D]вом моём!
[C]       Ты - Господь мой, мне нужны слова Твои![H7]
[Em]       Мне без Тебя не жить! Б[D]уду Тебе служить!
[C]       Ты меня живой[H7] водою напо[Em]ил…

2. За горами за долами счастье где-то заплутало,
Ты помог его в надежде мне найти!
Ночь ушла, как не бывало, так легко дышать мне стало!
За Тобою лишь теперь хочу идти!

3. Позабуду все печали, впереди меня ждёт вечность,
Рядом будут все родные и друзья!
Наполняет душу нежность, поселилась в сердце верность!
Стала новой и чудесной жизнь моя!

 Пр. Станет светло, как днём, в сердце живом моём!
       Ты - Господь мой, мне нужны слова Твои!
       Мне без Тебя не жить! Буду Тебе служить!
       Ты меня живой водою напоил
       И Своей любовью сердце оживил… (кода)

Белый, белый, белый дым, белый дым
Нам под утро Сам Господь постелил,
Чтобы нам молиться как на коврах,
Чтобы слёзы проливать в жемчугах…";;;;
0675;675;Настал тот час;Огненный ветер;Am;3;;4/4;;;V1 C V2;Огненный ветер (аккорды);;;;;"
1. Я повернусь к печальным дням, я повернусь к беде спиной!
Я знаю, что любовь Твоя повсюду следует за мной!
Без страха по воде пойду! Пройду я горы и хребты, 
Твоя любовь всегда со мной в долине смертной темноты!

Пр. Господь мой, Тебе служу своей душой и сердцем!
       Все слёзы исчезнут вмиг мои!
       Мой Пастырь, ведёшь меня долиной смертной тени,
       И веру влагаешь мне в любви!

2. Узнать, что будет впереди, Ты позволяешь иногда!
Ты говоришь мне о любви, что будет вечною она!
Ты открываешь для меня дверь к храму сердца Своего!
Вхожу без страха  в Твой покой, мой Бог, любимый и родной!
";"{title: Я повернусь к печальным дням}
{key: Am}
{capo: +3}


1. Я поверн[Am]усь к печальным дням, я повернусь к беде спин[G]ой!
Я знаю, чт[F]о любовь Твоя повсюду сл[G]едует за [Am]мной!
Без страха [Am]по воде пойду! Пройду я горы и хребт[G]ы, 
Твоя люб[F]овь всегда со мной в долине см[G]ертной темн[Am]оты!

Пр. Госп[Dm]одь мой, Теб[E]е служу своей душой и [Am]сердцем!
       Все [Dm]слёзы исч[E]езнут вмиг м[Am]ои!
       Мой [Dm]Пастырь, вед[E]ёшь меня долиной смертной [Am]тени,[F]
       И [Dm]веру влаг[E]аешь мне в л[Am]юбви!

2. Узнать, что будет впереди, Ты позволяешь иногда!
Ты говоришь мне о любви, что будет вечною она!
Ты открываешь для меня дверь к храму сердца Своего!
Вхожу без страха  в Твой покой, мой Бог, любимый и родной!
";;;;
0676;676;Господь грядёт!;Огненный ветер;;3;;4/4;;;V1 C V2;Огненный ветер (аккорды);;;;;"

1. Я поклонюсь в Духе Святом, в истине и любви!

Я так хочу сердцем своим слушать слова Твои!

Я воспою имя Твоё, мой дорогой Господь!

Ты за меня крест претерпел, душу отдал и кровь…


Пр. Хочу сказать «люблю» и я Тебе пою,

       О том, что сделал крест Твой для меня!

       Ты принял мой позор, как смертный приговор,

       Три дня Ты словно был в плену огня…

2. Милость Твоя так велика, выше небес она!
Ты протянул руку Свою, поднял меня со дна!
Чтобы служить сердцем теперь нет у меня преград!
Я не предам, и не солгу, не поверну назад!

Прости меня, омой меня, прошу «прости»!
Ведь только Ты смог понести мои грехи!
Прими меня в Свою любовь, прими  меня!
Хочу, чтоб стать совсем другим мне для Тебя!";"{title: Я поклонюсь в Духе Святом}
{capo: +3}



1. Я поклонюсь в Духе Святом, в истине и любви!

Я так хочу сердцем своим слушать слова Твои!

Я воспою имя Твоё, мой дорогой Господь!

Ты за меня крест претерпел, душу отдал и кровь…


Пр. Хочу сказать «люблю» и я Тебе пою,

       О том, что сделал крест Твой для меня!

       Ты принял мой позор, как смертный приговор,

       Три дня Ты словно был в плену огня…

2. Милость Твоя так велика, выше небес она!
Ты протянул руку Свою, поднял меня со дна!
Чтобы служить сердцем теперь нет у меня преград!
Я не предам, и не солгу, не поверну назад!

Прости меня, омой меня, прошу «прости»!
Ведь только Ты смог понести мои грехи!
Прими меня в Свою любовь, прими  меня!
Хочу, чтоб стать совсем другим мне для Тебя!";;;;
0677;677;Потерялся важный смысл;Огненный ветер;Am;1;;4/4;;;V1 C V2 V3;Огненный ветер (аккорды);;;;;"
1. Я поклонюсь Тебе в храме святом!
Я поклонюсь тебе в страхе Твоём!
По множеству Твоей милости 
Могу хвалу Тебе я принести…

Пр. Я восхвалю Тебя всей душой! 
       Я восхвалю Тебя, Иисус Господь! 
       Я восхвалю Тебя, Спаситель мой! 
       Я восхвалю Тебя, мой Господь!

2. Благословляешь Ты праведных! 
Благоволением венчаешь их!
Путеводи меня, блажен путь Твой! 
И уровняй его Ты предо мной!

Бр: Иисус - Царь! Иисус – Бог! 

Он – Пастырь мой и мой Господь!";"{title: Я поклонюсь Тебе (Пс. 5)}
{key: Am}
{capo: +1}


1. Я п[Am]оклонюсь Теб[G]е в хр[F]аме свят[E]ом!
Я п[Am]оклонюсь теб[G]е в стр[F]ахе Тво[E]ём!
По мн[Dm]ожеству Тво[G]ей м[Dm]илост[E]и 
Мог[Dm]у хвалу Теб[G]е я пр[F]инест[E]и…

Пр. Я в[C]осхвалю Теб[G]я вс[Dm]ей душ[E]ой! 
       Я [C]восхвалю Теб[G]я, Иис[Dm]ус Госп[E]одь! 
       Я в[Dm]осхвалю Теб[G]я, Спас[Dm]итель м[E]ой! 
       Я в[Dm]осхвалю Теб[G]я, м[F]ой Госп[E]одь!

2. Благословляешь Ты праведных! 
Благоволением венчаешь их!
Путеводи меня, блажен путь Твой! 
И уровняй его Ты предо мной!

Бр: Иисус - Царь! Иисус – Бог! 

Он – Пастырь мой и мой Господь!";;;;
0678;678;Открыты судьбы в небесах;Огненный ветер;Em;3;;4/4;;;V1 C V2;Огненный ветер (аккорды);;;;;"
1. Я покрыт Тобой! И Твоей судьбой!
Я покрыт Твоей         милостью!
Я Тобой омыт   и в любви сокрыт! 
Я спасён Твоей милостью!

Пр. Милостью, милостью, милостью!

2. Одиночества, как пророчества 
Моего врага не приму!
Обещания не нарушены! 
Совершаются милостью!

3. Я прожить хочу день, как тысячу 
Лет Твоих, Иисус, вечностью!
Это дар Небес, что мой Бог воскрес 
И меня простил милостью!

Пр. Милостью, милостью, милостью покрыт!
";"{title: Я покрыт Тобой!}
{key: Em}
{capo: +3}


1. [Em]Я покр[Am]ыт Тоб[H7]ой! [Em]И Тво[Am]ей судьб[H7]ой!
[Em]Я покр[Am]ыт Тво[H7]ей  [Am]       милость[H7]ю!
[Em]Я Тоб[Am]ой ом[H7]ыт   [Em]и в любв[Am]и сокр[H7]ыт! 
[Em]Я спас[Am]ён Тво[H7]ей милость[Em]ю!

[Em]Пр. [Am]Милость[H7]ю, [Em]милость[C]ю, [AmH7]милость[Em]ю!

2. Одиночества, как пророчества 
Моего врага не приму!
Обещания не нарушены! 
Совершаются милостью!

3. Я прожить хочу день, как тысячу 
Лет Твоих, Иисус, вечностью!
Это дар Небес, что мой Бог воскрес 
И меня простил милостью!

Пр. Милостью, милостью, милостью покрыт!
";;;;
0679;679;Мне грустно петь о том;Огненный ветер;Am;3;;4/4;;;V1 C V2 V3;Огненный ветер (аккорды);;;;;"
1. Я положу к Твоим ногам
Прекрасный золотой венец!
Пусть нет числа моим врагам,
Ты для меня дороже всех!

Пр. В любви своей склонюсь
       К престолу Твоему
       И сердцем поклонюсь я Богу моему!

2.У каждой песни есть слова,
У каждой ноты – цвет и звук,
Но больше о моей любви
Расскажет только сердца стук!

3.Не всем понятна до конца
Судьбы моей простая нить,
Лишь только Ты один, Иисус,
Даёшь сейчас мне силу жить!";"{title: Я положу к Твоим ногам}
{key: Am}
{capo: +3}


1. Я полож[Am]у к Твоим ногам[Dm]
Прекр[G]асный золот[E]ой в[Am]енец!
Пусть н[F]ет числа моим враг[Dm]ам,
Ты [E]для меня дороже [Am]всех![E]

Пр. В любв[Am]и своей склон[Dm]юсь
       К прест[G]олу Твоем[C]у
       И [F]сердцем поклон[Dm]юсь я [E]Богу мо[Am]ему!

2.У каждой песни есть слова,
У каждой ноты – цвет и звук,
Но больше о моей любви
Расскажет только сердца стук!

3.Не всем понятна до конца
Судьбы моей простая нить,
Лишь только Ты один, Иисус,
Даёшь сейчас мне силу жить!";;;;
0680;680;Больше не будет не будет влиянья света;Огненный ветер;Em;3;;4/4;;;C V2;Огненный ветер (аккорды);;;;;"
1. Я пребуду в Твоей любви, 
омываясь в Твоей крови 
И хвалу вознесу Тебе до неба!
Я отвергнув себя, мой Бог, 
крест понёс Твой, и сколько смог – 
Прославлял Тебя жизнью всей, где б ни был…

Пр. Я люблю Тебя! Я люблю тебя, ты Мой Царь!
       Я служу Тебе, я служу Тебе всей душой…
       Я ищу всегда с раннего утра Твоего лица,
                     C                         Am                H7  :|(Am-H7 Em)
       Направляешь Ты на Свои пути дух мой!

2. Ты мой Бог и Спаситель мой! 
Восхищаюсь всегда Тобой!  
Ничего нет Твоей любви дороже!
Воссияет Твой яркий свет 
Над прошедшею тьмою лет,
И никто умереть уже не сможет…";"{title: Я пребуду в Твоей любви}
{key: Em}
{capo: +3}


1. Я преб[Em]уду в Твоей любви, 
омываясь в Твоей крови 
И хв[Am]алу вознесу Тебе до н[H7]еба!
Я отв[Em]ергнув себя, мой Бог, 
крест понёс Твой, и сколько смог – 
Прославл[Am]ял Тебя жизнью вс[C]ей, где б ни [H7]был…

Пр. Я любл[Em]ю Тебя! Я люблю тебя, ты Мой Ц[Am]арь!
       Я служ[D]у Тебе, я служу Тебе всей душ[G]ой…[H7]
       Я ищ[Em]у всегда с раннего утра Твоего лиц[Am]а,
                     C                         Am                H7  :|(Am-H7 Em)
       Направляешь Ты на Свои пути дух мой!

2. Ты мой Бог и Спаситель мой! 
Восхищаюсь всегда Тобой!  
Ничего нет Твоей любви дороже!
Воссияет Твой яркий свет 
Над прошедшею тьмою лет,
И никто умереть уже не сможет…";;;;
0681;681;Как осиротели мы;Огненный ветер;Am;3;;4/4;;;V1 C V2;Огненный ветер (аккорды);;;;;"
1.Я принимаю Слово, суть его – дух и жизнь!
Слышу от Бога снова: «Ты за Него держись!»
Если отвергнешь сердцем истину странных слов!
То понимать не сможешь Сына Его любовь!

Пр. Где же мой путь? Где же любовь? 
       Где же мои надежды?
       Только Иисус, только мой Бог 
       Знает глаголы жизни!
       Ты есть мой путь и моя жизнь, истина дорогая!
       Я не уйду и не предам! Ты – есть любовь святая!

2. Я поднимаю знамя крестной Твоей любви!
И облекусь в доспехи чистой Твоей хвалы!
В правой руке меч Слова, в левой же, – веры щит!
Церковь Твоя готова! Славой огня горит!
";"{title: Я принимаю Слово}
{key: Am}
{capo: +3}


1.[Am]Я принимаю Слово, [Dm]суть его – [E]дух и [Am]жизнь![E]
Слышу от Бога снова: «Ты за Него держись!»
Если отвергнешь сердцем истину странных слов!
То понимать не сможешь Сына Его любовь!

Пр. [Am]Где же мой путь? Где же любовь? 
       Гд[A7]е же мои над[Dm]ежды?
       Т[G]олько Иисус, только мой Бог 
       Знает глаголы ж[C]изни!
       [Am]Ты есть мой путь и моя жизнь, [A7]истина дорог[Dm]ая!
       [G]Я не уйду и не предам! Ты – есть любовь свят[E]ая!

2. Я поднимаю знамя крестной Твоей любви!
И облекусь в доспехи чистой Твоей хвалы!
В правой руке меч Слова, в левой же, – веры щит!
Церковь Твоя готова! Славой огня горит!
";;;;
0682;682;Каждый мой шаг;Огненный ветер;Em;5;;4/4;;;V1 C V2;Огненный ветер (аккорды);;;;;"
1. Я проснусь туманным утром ждать в молитве Твоей манны!
Слёзы катятся ручьями от любви!
Ты сказал почти неслышно, что рассеются туманы,
И твой свет зарёю сердце оживит… 
Пр. Станет светло, как днём, в сердце живом моём!
       Ты - Господь мой, мне нужны слова Твои!
       Мне без Тебя не жить! Буду Тебе служить!
       Ты меня живой водою напоил… 

2. За горами за долами счастье где-то заплутало,
Ты помог его в надежде мне найти!
Ночь ушла, как не бывало, так легко дышать мне стало!
За Тобою лишь теперь хочу идти!

3. Позабуду все печали, впереди меня ждёт вечность,
Рядом будут все родные и друзья!
Наполняет душу нежность, поселилась в сердце верность!
Стала новой и чудесной жизнь моя!

 Пр. Станет светло, как днём, в сердце живом моём!
       Ты - Господь мой, мне нужны слова Твои!
       Мне без Тебя не жить! Буду Тебе служить!
       Ты меня живой водою напоил 
       И Своей любовью сердце оживил… (кода)

Белый, белый, белый дым, белый дым
Нам под утро Сам Господь постелил,
Чтобы нам молиться как на коврах, 
Чтобы слёзы проливать в жемчугах…";"{title: Я проснусь туманным утром}
{key: Em}
{capo: +5}


1. Я просн[Em]усь туманным утром ждать в мол[D]итве Твоей манны!
Слёзы [C]катятся ручьями от любв[H7-Em]и!
Ты сказ[Em]ал почти неслышно, что расс[D]еются туманы,
И твой [C]свет зарёю с[H7]ердце ожив[Em]ит… 
Пр. Станет светл[Em]о, как днём, в сердце жив[D]ом моём!
       Ты - Госп[C]одь мой, мне нужны слова Тво[H7]и!
       Мне без Теб[Em]я не жить! Буду Теб[D]е служить!
       Ты мен[C]я живой вод[H7]ою напо[Em]ил… 

2. За горами за долами счастье где-то заплутало,
Ты помог его в надежде мне найти!
Ночь ушла, как не бывало, так легко дышать мне стало!
За Тобою лишь теперь хочу идти!

3. Позабуду все печали, впереди меня ждёт вечность,
Рядом будут все родные и друзья!
Наполняет душу нежность, поселилась в сердце верность!
Стала новой и чудесной жизнь моя!

 Пр. Станет светло, как днём, в сердце живом моём!
       Ты - Господь мой, мне нужны слова Твои!
       Мне без Тебя не жить! Буду Тебе служить!
       Ты меня живой водою напоил 
       И Своей любовью сердце оживил… (кода)

Белый, белый, белый дым, белый дым
Нам под утро Сам Господь постелил,
Чтобы нам молиться как на коврах, 
Чтобы слёзы проливать в жемчугах…";;;;
0683;683;У земли ты ответа не спрашивай;Огненный ветер;Am;3;;4/4;;;V1 V2;Огненный ветер (аккорды);;;;;"
1. Я рождён от Единого Бога, Кто является в истине мне!
Пролагает в пустыне дорогу в жарком зное, и в сумрачной мгле!
Я рождён для великих свершений, но не тех, что от мира сильны:
Победить смертные насаждения должен я, как оплот сатаны!

2. Был я блудным, немым и незрячим, чтоб увидеть объятия Отца!
Сатана мной играл, словно в мячик, и бросал то туда, то сюда…
Я, рождённый дыханием Бога, не могу больше жить и грешить…
И, отвергнув мирскую дорогу,  Царству Божьему жажду служить!

3. Это чудо, что время приходит – 
Нам, взяв крест, за Иисусом пойти!
Это чудо, что Бог нас находит для Своей благодатной любви!
Это чудо, что больше не властна смерть над нами, и сила греха!
Входим вместе мы в Божие Царство! 
Церковь Бога в огне рождена!";"{title: Я рождён от Единого Бога}
{key: Am}
{capo: +3}


1. Я рожд[Am]ён от Единого [Dm]Бога, Кто явл[E]яется в истине [Am]мне!
Пролаг[Am]ает в пустыне д[Dm]орогу в жарком зн[E]ое, и в сумрачной [Am]мгле!
Я рожд[A7]ён для великих сверш[Dm]ений, но не [G]тех, что от мира сильн[C]ы:
Побед[F]ить смертные насажд[Dm]ения должен [E]я, как оплот сат[Am]аны!

2. Был я блудным, немым и незрячим, чтоб увидеть объятия Отца!
Сатана мной играл, словно в мячик, и бросал то туда, то сюда…
Я, рождённый дыханием Бога, не могу больше жить и грешить…
И, отвергнув мирскую дорогу,  Царству Божьему жажду служить!

3. Это чудо, что время приходит – 
Нам, взяв крест, за Иисусом пойти!
Это чудо, что Бог нас находит для Своей благодатной любви!
Это чудо, что больше не властна смерть над нами, и сила греха!
Входим вместе мы в Божие Царство! 
Церковь Бога в огне рождена!";;;;
0684;684;Я иду, иду по следам;Огненный ветер;Am;3;;4/4;;;V1 C V2;Огненный ветер (аккорды);;;;;"
1.Я Сам – Утешитель ваш и Защитник!
Кто ты, что боишься ты человека,
Умирает который скоро, засыхает кто, как трава?
Ты зачем забываешь Бога, распростёршего небеса?-2р.

2.Я – Бог, возмущающий море рёвом!
Господь Саваоф – Моё имя силы!
Я наполню тебя словами и покрою Своей рукою,
Чтобы твёрдою сделать землю,
И сказать тебе: «Мой народ!»";"{title: Я Сам – Утешитель ваш (Ис. 51:12-16)}
{key: Am}
{capo: +3}


1.Я С[Am]ам – Утеш[G]итель ваш и Защ[Am]итник!
Кто ты, что бо[G]ишься ты челов[Am]ека,
Умир[Dm]ает который ск[Am]оро, засых[G]ает кто, как тр[Am]ава?
Ты зач[Dm]ем забываешь Б[Am]ога, распрост[G]ёршего небес[Am]а?-2р.

2.Я – Бог, возмущающий море рёвом!
Господь Саваоф – Моё имя силы!
Я наполню тебя словами и покрою Своей рукою,
Чтобы твёрдою сделать землю,
И сказать тебе: «Мой народ!»";;;;
0685;685;Я уезжаю;Огненный ветер;;3;;4/4;;;V1 C V2 C;Огненный ветер (аккорды);;;;;"1. Я уезжаю навстречу ветру, навстречу солнцу и новой жизни!

Я уезжаю от серых будней, забот никчемных и старых мыслей…


Пр. Как на ладони я перед Богом безгрешным!

       В Его объятьях я буду новым и вечным!

       И пусть напрасно печаль с бедою за мною ходит:

       Но только поезд по расписанью уходит …

2. Печаль забудет ко мне дорогу, и боль исчезнет, огонь остынет!
Я буду помнить, что жизнь без Бога,
как жизнь в горячей сухой пустыне…

Пр. Как на ладони я перед Богом безгрешным!
       В Его объятьях я буду новым и вечным!
       И пусть напрасно беда с надеждой за мною ходит:
       Но Божий поезд по расписанью уходит, уходит, уходит…";"

1. Я уезжаю навстречу ветру, навстречу солнцу и новой жизни!

Я уезжаю от серых будней, забот никчемных и старых мыслей…


Пр. Как на ладони я перед Богом безгрешным!

       В Его объятьях я буду новым и вечным!

       И пусть напрасно печаль с бедою за мною ходит:

       Но только поезд по расписанью уходит …

2. Печаль забудет ко мне дорогу, и боль исчезнет, огонь остынет!
Я буду помнить, что жизнь без Бога,
как жизнь в горячей сухой пустыне…

Пр. Как на ладони я перед Богом безгрешным!
       В Его объятьях я буду новым и вечным!
       И пусть напрасно беда с надеждой за мною ходит:
       Но Божий поезд по расписанью уходит, уходит, уходит…

";;;;
0686;686;Нам нужны голоса птиц;Огненный ветер;Am;3;;4/4;;;V1 C V2;Огненный ветер (аккорды);;;;;"
1.Я стою вдали от Твоей земли,
Где живут Твои Ангелы!
Я хочу туда, в эти города,
Где могу с Тобой встретиться!

Пр. Пред Тобой я склонюсь,
       Сердцем всем поклонюсь
       И Тебя обниму, мой Иисус!

2.Детские мечты выше высоты!
И надежд простор манит нас!
Падать не хочу! Я с Тобой лечу
К Ангелам домой в Небеса!

3.Будем вместе петь, будем вместе жить!
В Небесах летать высоко!
Есть в Твоей любви крылья для двоих,
Значит будет всё ХОРОШО!";"{title: Я стою вдали}
{key: Am}
{capo: +3}


1.[Am]Я стою [Em]вдал[Am]и от Тво[Em]ей земл[Am]и,
[Dm]Где живут Тв[Em]ои Анг[Am]елы!
Я х[Em]очу т[Am]уда, в эти [Em]гор[Am]ода,
[Dm]Где могу с Тоб[Em]ой встретитьс[Am]я!

Пр. Пред Тоб[Am]ой я склон[Dm]юсь,
       Сердцем вс[G]ем поклон[C]юсь
       И Теб[F]я обн[Dm]иму, [Em]мой Иис[Am]ус!

2.Детские мечты выше высоты!
И надежд простор манит нас!
Падать не хочу! Я с Тобой лечу
К Ангелам домой в Небеса!

3.Будем вместе петь, будем вместе жить!
В Небесах летать высоко!
Есть в Твоей любви крылья для двоих,
Значит будет всё ХОРОШО!";;;;
0687;687;Вся полнота всех истин;Огненный ветер;Am;3;;4/4;;;V1 C V2;Огненный ветер (аккорды);;;;;"
1. Я Тебя, мой Бог, благодарю 
За любовь и истину Твою,
За слова истории простой, 
И за то, что Ты всегда со мной!

Пр. Благодарю, благодарю, Тебя, мой Бог!
       Благодарю, благодарю за всё!       
       Как много у меня путей, дорог,
       И я пройду их все! С Тобой пройду!

2. Я Тебя, мой Бог Иисус, люблю! 
Лишь Тебе хвалу всегда пою!
Ты Один достоин славы всей, 
А она есть ключ от всех дверей!
F                                GВсегда радуйтесь! Непрестанно молитесь!C                                Am                         FЗа всё благодарите! Ибо такова о вас воля Божья         G                       Eво Христе Иисусе, Господе нашем!";"{title: Я Тебя, мой Бог, благодарю!}
{key: Am}
{capo: +3}


1. Я Теб[Am]я, мой Бог, благодар[Dm]ю 
За люб[F]овь и [Dm]истину Тво[E]ю,
За слова истории простой, 
И за то, что Ты всегда со мной!

Пр. Благ[F]одарю, благ[G]одарю, Теб[E]я, мой Бог!
       Благ[F]одарю, благ[G]одарю за вс[C]ё!       
       Как мн[F]ого у мен[G]я пут[E]ей, дорог,
       И [F]я пройду их вс[G]е! С Тоб[E]ой пройду!

2. Я Тебя, мой Бог Иисус, люблю! 
Лишь Тебе хвалу всегда пою!
Ты Один достоин славы всей, 
А она есть ключ от всех дверей!
F                                GВсегда радуйтесь! Непрестанно молитесь!C                                Am                         FЗа всё благодарите! Ибо такова о вас воля Божья         G                       Eво Христе Иисусе, Господе нашем!";;;;
0688;688;Мы познаём истину слов;Огненный ветер;Am;3;;4/4;;;V1 C V2;Огненный ветер (аккорды);;;;;"
1. Я убежать хочу из снов, где всё тревожно и темно,
Туда, где истин торжество и свет!
Я позабыть хочу туман, грехов, ошибок злой обман
И получить на Небо свой билет!

Пр. С Тобой легко и просто мне летать!
       С Тобой могу преграды побеждать!
       С Тобой хочу пойти за край судьбы!
       С Тобой исполнятся мои мечты!

2.Всегда найдутся у Тебя мне сердцу нужные слова
Они есть путь туда, где ждёт рассвет!
В Твоих словах и смех и боль, 
А это значит «я – живой!»
Ты открываешь мне любви секрет!
";"{title: Я убежать хочу}
{key: Am}
{capo: +3}


1. [Am]Я уб[Dm]ежать хочу из сн[G]ов, где всё тр[C]евожно и т[F]емно,
Туда, где [Dm]истин торжеств[E]о и [Am]свет!
Я позабыть хочу туман, грехов, ошибок злой обман
И получить на Небо свой билет!

Пр. С Т[Dm]обой легко и пр[E]осто мне л[Am]етать![F]
       С Тоб[Dm]ой могу прегр[E]ады побежд[Am]ать!
       С Тоб[Dm]ой хочу пойт[G]и за край судьб[C]ы![F]
       С Тоб[Dm]ой исполнятс[E]я мои м[Am]ечты!

2.Всегда найдутся у Тебя мне сердцу нужные слова
Они есть путь туда, где ждёт рассвет!
В Твоих словах и смех и боль, 
А это значит «я – живой!»
Ты открываешь мне любви секрет!
";;;;
0689;689;Я буду всегда искать лица Твоего;Огненный ветер;;3;;4/4;;;V1 C V2 V3;Огненный ветер (аккорды);;;;;"

1. Я уезжаю навстречу ветру, навстречу солнцу и новой жизни!

Я уезжаю от серых будней, забот никчемных и старых мыслей…


Пр. Как на ладони я перед Богом безгрешным!

       В Его объятьях я буду новым и вечным!

       И пусть напрасно печаль с бедою за мною ходит:

       Но только поезд по расписанью уходит …

2. Печаль забудет ко мне дорогу, и боль исчезнет, огонь остынет!
Я буду помнить, что жизнь без Бога, 
как жизнь в горячей сухой пустыне…

Пр. Как на ладони я перед Богом безгрешным!
       В Его объятьях я буду новым и вечным!
       И пусть напрасно беда с надеждой за мною ходит:
       Но Божий поезд по расписанью уходит, уходит, уходит…

";"{title: Я уезжаю}
{capo: +3}



1. Я уезжаю навстречу ветру, навстречу солнцу и новой жизни!

Я уезжаю от серых будней, забот никчемных и старых мыслей…


Пр. Как на ладони я перед Богом безгрешным!

       В Его объятьях я буду новым и вечным!

       И пусть напрасно печаль с бедою за мною ходит:

       Но только поезд по расписанью уходит …

2. Печаль забудет ко мне дорогу, и боль исчезнет, огонь остынет!
Я буду помнить, что жизнь без Бога, 
как жизнь в горячей сухой пустыне…

Пр. Как на ладони я перед Богом безгрешным!
       В Его объятьях я буду новым и вечным!
       И пусть напрасно беда с надеждой за мною ходит:
       Но Божий поезд по расписанью уходит, уходит, уходит…

";;;;
0690;690;Я шепчу молитву;Огненный ветер;;3;;4/4;;;V1 V2 V3;Огненный ветер (аккорды);;;;;"

1. Я шепчу молитву, прошу любви святой!

Как сердце вторит ритму, - мне нужен Дух Святой! 

Пусть всё будет не так, как было до Тебя!

Любовь меня разбудит! Растают последние снега!

2. Уходит тень сомнений, у Бога - только свет! 
Теперь неважно - сколько прошло туманных лет!
Пусть всё будет не так, как было до Тебя!
Любовь меня разбудит! Растают последние снега!

3. Тепло от Слова Бога, бежит по венам кровь!
Господь, Ты - мой Спаситель! Меня спасла любовь!
Теперь всё будет не так, как было до Тебя!
Небом стали судьбы! Живою - мёртвая вода!";"{title: Я шепчу молитву}
{capo: +3}



1. Я шепчу молитву, прошу любви святой!

Как сердце вторит ритму, - мне нужен Дух Святой! 

Пусть всё будет не так, как было до Тебя!

Любовь меня разбудит! Растают последние снега!

2. Уходит тень сомнений, у Бога - только свет! 
Теперь неважно - сколько прошло туманных лет!
Пусть всё будет не так, как было до Тебя!
Любовь меня разбудит! Растают последние снега!

3. Тепло от Слова Бога, бежит по венам кровь!
Господь, Ты - мой Спаситель! Меня спасла любовь!
Теперь всё будет не так, как было до Тебя!
Небом стали судьбы! Живою - мёртвая вода!";;;;
0691;691;В церквях слышен Божий глас;Огненный ветер;Am;2;;4/4;;;V1 C V2;Огненный ветер (аккорды);;;;;"

1. Я узнаю Тебя     в каждом вздохе осени,
Где все слова Твои    листвой вокруг разбросаны…
Я узнаю Тебя     по ярким краскам песенным
По синеве небес      и облакам из нежности…

Пр. Вдаль уносятся дни,    но живы они
       Нашей первой любви        встречами!
       Зачем грустить и жалеть, когда могу Богу петь
       О днях, что стали в любви бесконечными!

2. Иисус позвал меня в Свою обитель верности,
Там можно вместе жить во свете Божьей вечности!
Как много у любви дыхания небесного,
Пространства высоты и голоса чудесного! ";"{title: Я узнаю Тебя}
{key: Am}
{capo: +2}



[Am]1. Я узнаю Т[Dm]ебя     [E]в каждом вздохе [Am]осени,
Где все слова Тво[Dm]и    [E]листвой вокруг разбр[Am]осаны[A7]…
Я узнаю Т[Dm]ебя     [G]по ярким краскам [C]песенным[F]
По синеве неб[Dm]ес      [E]и облакам из н[Am]ежн[A7]ости…

[A7]Пр. Вдаль уносятся [Dm]дн[G]и,    но живы [C]они[F]
       Нашей первой любв[Dm]и        [E]встреч[Am]ам[A7]и!
       Зачем грустить и жалеть, когда могу Богу петь
       О днях, что стали в любви бесконечными!

2. Иисус позвал меня в Свою обитель верности,
Там можно вместе жить во свете Божьей вечности!
Как много у любви дыхания небесного,
Пространства высоты и голоса чудесного! ";;;;
0692;692;На перекрёстках всех дорог;Огненный ветер;Am;2;;4/4;;;V1 C V2;Огненный ветер (аккорды);;;;;"
1.Я хожу по земле, я ищу Отчий дом,
Где меня будет ждать мой Отец дорогой!
Где горит нежный свет, ярких радуг цветы, 
Где меня будет ждать запах детской любви!

Пр. Не погаснет свет в окне, не исчезнет он во тьме!
      Утешитель Дух Святой, Ты ведёшь меня домой.

2. Я не знал ничего о крови и кресте!
Без огня и любви было холодно мне!
Но теперь я нашёл дорогую семью:
Это церковь моя, и о ней я пою!

3. Где найти мне слова, чтоб сказать о любви?
Те, кто рядом со мной – это дети Твои!
С ними вместе люблю! С ними вместе пою!
И молитва моя предваряет зарю!
";"{title: Я хожу по земле}
{key: Am}
{capo: +2}


[Am]1.Я хожу по земл[Dm]е, я ищу Отчий дом,
Где мен[E]я будет ждать мой [Am]Отец дорог[E]ой!
[Am]Где горит нежный свет, [Dm]ярких радуг цветы, 
Где мен[E]я будет ждать запах [Am]детской любв[E]и!

Пр. Не пог[C]аснет свет в [Am]окне, не [Dm]исчезнет он во [G]тьме!
      Утеш[C]итель Дух Свят[F]ой, Ты в[Dm]едёшь меня д[G]омой.

2. Я не знал ничего о крови и кресте!
Без огня и любви было холодно мне!
Но теперь я нашёл дорогую семью:
Это церковь моя, и о ней я пою!

3. Где найти мне слова, чтоб сказать о любви?
Те, кто рядом со мной – это дети Твои!
С ними вместе люблю! С ними вместе пою!
И молитва моя предваряет зарю!
";;;;
0693;693;Правда Твоя - правда вечная (Пс. 118);Огненный ветер;Am;5;;4/4;;;V1 C V2;Огненный ветер (аккорды);;;;;"
1. Я хочу говорить с тобой на одном языке
И хочу в лодке плыть одной с тобой по реке!
Я хочу подарить тебе своей жизни тепло
И подставить твоей душе Божьей силы крыло!

Пр. И с тобой будет всё так же, как со мной:
       Лунный свет и счастливый рассвет!
       И во сне приходить буду я к тебе,
       Чтоб помочь в вере не ослабеть!

2. Я хочу вместе ждать весны, первых нежных цветов!
Я хочу вместе быть с тобой и во сне, и без снов!
Чтобы мне о любви сказать Бог дарует слова,
Лишь из них будет сплетена новой жизни судьба!

Либо Em+0: 
            Em Am   C H7 Em H7 х2";"{title: Я хочу говорить с тобой}
{key: Am}
{capo: +5}


1. Я хоч[Am]у говорить с тобой на одном язык[Dm]е
И хоч[E]у в лодке плыть одной с тобой по р[Am]еке![-E]
Я хочу подарить тебе своей жизни тепло
И подставить твоей душе Божьей силы крыло!

Пр. И с тоб[Am]ой будет всё так же, как со мн[Dm]ой:
       Л[F]унный св[E]ет и счастливый рас[Am]св[-]ет![E]
       И во сне приходить буду я к тебе,
       Чтоб помочь в вере не ослабеть!

2. Я хочу вместе ждать весны, первых нежных цветов!
Я хочу вместе быть с тобой и во сне, и без снов!
Чтобы мне о любви сказать Бог дарует слова,
Лишь из них будет сплетена новой жизни судьба!

Либо Em+0: 
            [Em]Em [Am]A[H7]m   [Em]C [C]H7 [Am]Em [H7]H7 [Em]х2[H7]";;;;
0694;694;Ой, я не могу;Огненный ветер;Am;3;;4/4;;;V1 C V2;Огненный ветер (аккорды);;;;;"
1. Я хочу испить вино Твоей любви!
Я хочу стряхнуть все тяжести свои,
Чтобы, как Невеста, петь и танцевать, 
От восторга пред Тобою ликовать!

Пр. Я люблю, я люблю, я люблю! 
       Мой Иисус, как Тебя я люблю!
       От любви я хочу танцевать, 
       От восторга хочу ликовать!

2. Я хочу познать все радости Твои!
Чтобы с ними проводить все свои дни,
Чтобы верою сомненья отвергать!
Чтобы в истине свободы побеждать!
";"{title: Я хочу испить вино Твоей любви}
{key: Am}
{capo: +3}


1. Я хоч[Am]у испить вино Твоей любви![Dm]
Я хочу [E]стряхнуть все тяжести свои,[Am]
Чтобы, как [F]Невеста, петь и танцевать, [Dm]
От вост[E]орга пред Тобою ликовать![Am]

Пр. Я любл[A7]ю, я люблю, я любл[Dm]ю! 
       Мой Иис[G]ус, как Тебя я люблю![C]
       От любв[F]и я хочу танцев[Dm]ать, 
       От вост[E]орга хочу ликов[Am]ать!

2. Я хоч[Am]у познать все радости Твои![Dm]
Чтобы с ним[G]и проводить все свои дн[C]и,
Чтобы вер[F]ою сомненья отвергать![Dm]
Чтобы в [E]истине свободы побеждат[Am]ь!
";;;;
0695;695;Я буду ждать;Огненный ветер;Am;3;;4/4;;;V1 C V2;Огненный ветер (аккорды);;;;;"
1.Я хочу познать Тебя, мой Бог Иисус!
Я хочу познать Твою любовь и святость!
Я хочу поцеловать Твоё лицо
И почувствовать твоё дыхание!

 Пр. Сладкие слова в душе рождаются,
         Нежный звук слетает с губ моих!
         Божья слава в сердце отражается:
         Ты зовёшь в объятия Свои!

2.Я иду вслед за Тобою по Твоим следам!
Я несу благословений чистоту и радость!
Никому свою любовь к Тебе я не отдам:
Ты один, Господь Иисус, её навек имеешь!
";"{title: Я хочу познать Тебя, мой Бог}
{key: Am}
{capo: +3}


1.Я хоч[Am]у познать Тебя, м[Dm]ой Бог Иисус!
Я [G]хочу познать Тв[E]ою любовь и святость!
Я хоч[Am]у поцеловать [Dm]Твоё лицо
И [G]почувствовать [E]твоё дыхание!

 Пр. Сл[Am]адкие слова в душе р[Dm]ождаются,
         Н[G]ежный звук слет[C]ает [E]с губ моих!
         [Am]Божья слава в [Dm]сердце отражается:
         Т[G]ы зовёшь в [E]объятия Свои!

2.Я иду вслед за Тобою по Твоим следам!
Я несу благословений чистоту и радость!
Никому свою любовь к Тебе я не отдам:
Ты один, Господь Иисус, её навек имеешь!
";;;;
0696;696;Свет ярче солнечной зари;Огненный ветер;Am;4;;4/4;;;V1 C V2;Огненный ветер (аккорды);;;;;"
1. Я хочу пред Тобою, мой Бог,  
Двери судьбы  отворить!
Позади было столько дорог, 
Где меня мог противник убить!
Белый камень,    как в небе звезда! 
А на нём    моё новое имя
Даришь ты как Отец для меня! 
Я смущён и встаю на колени!

Пр. Слово! Слово Твоё есть путь! Злата земли дороже!
       Верь мне! Я сохраню его! Дух Твой Святой поможет!

2. Дождь приносит печальную песнь!
Странно мотивы звучат!
Кто-то хочет, чтоб я изнемог, радость в душе потерял!
Я не буду грустить ни о чём! 
Распахну дома окна все настежь!
Пусть врывается новым дождём 
В мою жизнь исцелённое счастье!

";"{title: Я хочу пред Тобою, мой Бог}
{key: Am}
{capo: +4}


1. Я х[Am]очу пред Тобою, мой [Dm]Бог,  
Дв[E]ери судьбы  отв[Am]орить![E]
Поз[Am]ади было столько дор[Dm]ог, 
Где мен[E]я мог противник [Am]убить![G]
Белый [C]камень,    [F]как в небе звезд[G]а! 
А на н[F]ём    [G]моё новое [C]имя
Даришь т[F]ы как Отец для м[Dm]еня! 
Я смущ[E]ён и встаю на кол[Am]ени!

Пр. [Am]Слово! Слово Тв[F]оё есть путь! [G]Злата земли д[C]ороже!
       В[F]ерь мне! Я сохран[Dm]ю его! Д[E]ух Твой Святой пом[Am]ожет!

2. Дождь приносит печальную песнь!
Странно мотивы звучат!
Кто-то хочет, чтоб я изнемог, радость в душе потерял!
Я не буду грустить ни о чём! 
Распахну дома окна все настежь!
Пусть врывается новым дождём 
В мою жизнь исцелённое счастье!

";;;;
0697;697;Я поклонюсь в Духе Святом;Огненный ветер;Em;3;;4/4;;;V1 C V2;Огненный ветер (аккорды);;;;;"
1. Я хочу спросить тебя       о небесной жизни,
          Am                          H7            Am    С    H7
Ты ответь, сердечный друг, где моя Отчизна?
           Am                         H7           С     H7 Em  H7
Ты ответь, сердечный друг, где моя Отчизна?

2. Приведёт на Небеса узкая дорога!
Будет там светиться храм в ярких красках Бога!

3. Агнец Божий – храм и свет! 
Он – любовь и радость!
Он даёт сердцам ответ, в чём найти нам благость?

4. Будет небо свет дарить, тьмы уже не зная,
И всегда звучать хвала вечно молодая!

Пока большой ? (мне Em+6 (Am+1))";"{title: Я хочу спросить тебя}
{key: Em}
{capo: +3}


1. Я хоч[Em]у спрос[H7]ить теб[Em]я       [H7]о неб[Em]есной ж[H7]изн[Em]и,
          Am                          H7            Am    С    H7
Ты ответь, сердечный друг, где моя Отчизна?
           Am                         H7           С     H7 Em  H7
Ты ответь, сердечный друг, где моя Отчизна?

2. Приведёт на Небеса узкая дорога!
Будет там светиться храм в ярких красках Бога!

3. Агнец Божий – храм и свет! 
Он – любовь и радость!
Он даёт сердцам ответ, в чём найти нам благость?

4. Будет небо свет дарить, тьмы уже не зная,
И всегда звучать хвала вечно молодая!

Пока большой ? (мне Em+6 (Am+1))";;;;
0698;698;Мы – Огненный ветер;Огненный ветер;Am;3;;4/4;;;V1 C V3;Огненный ветер (аккорды);;;;;"
1. Я хочу сказать Тебе    о своей любви, Иисус!
И воспеть хвалу Тебе: «Аллилуйя!»
Сердце бедное моё    плачет и болит давно,
И в слезах кричит Тебе: «Аллилуйя!»

Пр. «Аллилуйя! Аллилуйя! Аллилуйя!»
       «Аллилуйя! Аллилуйя! Аллилуйя!» 
       Я хочу сказать Тебе о своей любви, Иисус!
       И воспеть хвалу Тебе: «Аллилуйя!»

2. Разорвались на куски все надежды и мечты.
И шептать могу одно: «Аллилуйя!»
Как Раав хочу я быть, и держать спасенья нить!
Без конца одно твердить: «Аллилуйя!»";"{title: Я хочу сказать Тебе}
{key: Am}
{capo: +3}


1. Я хоч[Am]у сказать Тебе    [E]о сво[Am]ей любви, Иис[F]ус!
И восп[Dm]еть хвалу Тебе: [E]«Аллил[Am]уйя!»[E]
Сердце [Am]бедное мо[E]ё    плачет [Am]и болит давн[F]о,
И в слез[Dm]ах кричит Тебе: [E]«Аллил[Am]уйя!»

[Am]Пр. «Аллил[A7]уйя! Аллилуйя! Аллил[Dm]уйя!»
       «Аллил[G]уйя! Аллилуйя! Аллил[C]уйя!» 
       Я хоч[F]у сказать Тебе о сво[Dm]ей любви, Иисус!
       И восп[Dm]еть хвалу Тебе: [E]«Аллил[Am]уйя!»

2. Разорвались на куски все надежды и мечты.
И шептать могу одно: «Аллилуйя!»
Как Раав хочу я быть, и держать спасенья нить!
Без конца одно твердить: «Аллилуйя!»";;;;
0699;699;Песни слагают нам небеса;Огненный ветер;Am;3;;4/4;;;V1 C;Огненный ветер (аккорды);;;;;"
1. Я хочу Тебе рассказать о своей нелёгкой судьбе:
Без любви, тепла и добра – трудно мне! Так холодно мне…


Пр. Только Ты, Иисус! Только Ты   
       Мне любовь Свою подарил!
       Только Ты, Иисус! Только Ты      
       Для меня Своё сердце открыл!


2. Я хочу Тебе подарить свои ночи, все свои дни!
Я хочу Тебе посвятить свою радость, слёзы мои!

3. Я хочу Тобою дышать! Лишь Твоей судьбой дорожить!
Обо всём, что в сердце живёт, я хочу с Тобой говорить… ";"{title: Я хочу Тебе рассказать}
{key: Am}
{capo: +3}


[Am]1. Я х[E]очу Тебе [Am]рассказать о св[E]оей нелёгк[Am]ой судьбе:
Без любв[Dm]и, тепл[E]а и д[Am]обра [F]– трудно [Dm]мне! Так [E]холодно [Am]мне…


[Am]Пр. Только [Dm]Ты, Иис[E]ус! Только [Am]Ты   [F]
       Мне люб[Dm]овь Сво[E]ю подар[Am]ил!
       Только [Dm]Ты, Иис[E]ус! Только [Am]Ты      [F]
       Для м[Dm]еня Своё с[E]ердце откр[Am]ыл!


2. Я хочу Тебе подарить свои ночи, все свои дни!
Я хочу Тебе посвятить свою радость, слёзы мои!

3. Я хочу Тобою дышать! Лишь Твоей судьбой дорожить!
Обо всём, что в сердце живёт, я хочу с Тобой говорить… ";;;;
0700;700;Командиром быть нелегко;Огненный ветер;Am;3;;4/4;;;V1 V2 V3 V4;Огненный ветер (аккорды);;;;;"
1. Я хочу увидеть Тебя, я хочу узнать Тебя 
По голосу и сердечному ритму!
Каждый день стремлюсь к небесам,
Где живут Твои чудеса, где они    слагаются в рифму!

Пр. Я хочу узнать любовь! Я хочу понять любовь!
       Раствориться, улететь с нею в вечность!
       Всё, что было до неё, словно было не моё…
       Сердцем вижу я любви бесконечность! 

2. У любви слова понимать, а по ним Тебя узнавать, 
Любимого! Для меня – это счастье!
Слышать стук грядущих шагов, - 
Так идёт навстречу любовь,
Твоя любовь, и уходит ненастье!
";"{title: Я хочу увидеть Тебя}
{key: Am}
{capo: +3}


1. [Am]Я хочу увидеть Тебя, я хочу узнать Тебя 
По гол[Dm]осу [E]и сердечному [Am]ритму!
Каждый [Am]день стремлюсь к небесам,
Где живут Твои чудеса, где [Dm]они    [E]слагаются в [Am]рифм[E]у!

Пр. Я хоч[Am]у узнать люб[Dm]овь! Я хоч[E]у понять люб[Am]овь!
       Раствор[F]иться, улет[Dm]еть с не[E]ю в в[Am]ечность!
       Всё, что б[Am]ыло до н[Dm]её, словно [E]было не м[Am]оё…
       Сердцем [F]вижу я любв[Dm]и [E]бескон[Am]ечность! 

2. У любви слова понимать, а по ним Тебя узнавать, 
Любимого! Для меня – это счастье!
Слышать стук грядущих шагов, - 
Так идёт навстречу любовь,
Твоя любовь, и уходит ненастье!
";;;;
